# Wavelenght AA   Flux    Error in erg/(sAA)
3.650000000000000000e+03 4.114406830634384704e+01 2.214305323471102582e+01
3.651000000000000000e+03 3.293887094842656182e+01 2.577680013266433789e+01
3.652000000000000000e+03 4.401970807914467798e+01 3.031587662017049922e+01
3.653000000000000000e+03 4.915853487526160848e+01 2.681678783202690397e+01
3.654000000000000000e+03 4.461773705842568916e+01 2.263375807251430061e+01
3.655000000000000000e+03 4.083751088576437382e+01 2.168060850003195483e+01
3.656000000000000000e+03 4.371126141684178634e+01 2.437175943160094249e+01
3.657000000000000000e+03 4.453368413852525265e+01 2.812809830315780957e+01
3.658000000000000000e+03 4.540916285893175086e+01 2.348307181316132386e+01
3.659000000000000000e+03 4.708149768998501372e+01 2.012220016116036092e+01
3.660000000000000000e+03 4.476440938211234055e+01 1.865394739424668202e+01
3.661000000000000000e+03 4.470499508854003068e+01 2.101490628149576878e+01
3.662000000000000000e+03 3.887779805860657945e+01 2.374060530381773404e+01
3.663000000000000000e+03 3.728209699365092433e+01 2.184489040596129428e+01
3.664000000000000000e+03 3.893537914321417759e+01 1.900127492780868721e+01
3.665000000000000000e+03 3.984423431076434241e+01 1.849851358042667471e+01
3.666000000000000000e+03 4.164455343918366736e+01 2.012599902998453771e+01
3.667000000000000000e+03 4.440398106921314536e+01 2.431147106025886373e+01
3.668000000000000000e+03 4.573694940470159054e+01 2.712174782050518829e+01
3.669000000000000000e+03 4.260920193270321477e+01 2.155523102419673265e+01
3.670000000000000000e+03 3.655198689960826641e+01 1.950025127638742362e+01
3.671000000000000000e+03 2.979637772424234043e+01 2.126121728026977920e+01
3.672000000000000000e+03 3.728162928760034589e+01 1.936360676241780254e+01
3.673000000000000000e+03 3.540032692316733431e+01 2.198283224930293756e+01
3.674000000000000000e+03 4.301725054954194860e+01 2.092014932094270918e+01
3.675000000000000000e+03 3.972445272028618035e+01 1.721874894275616441e+01
3.676000000000000000e+03 3.827648211117429611e+01 1.602446485118723274e+01
3.677000000000000000e+03 4.211138626812927299e+01 1.774785609299536304e+01
3.678000000000000000e+03 4.273159791896869564e+01 2.067483623556131178e+01
3.679000000000000000e+03 4.039600212700538151e+01 2.212331483677879262e+01
3.680000000000000000e+03 4.407604560423626339e+01 1.875953048167844273e+01
3.681000000000000000e+03 4.680029433806257089e+01 1.686992090630142371e+01
3.682000000000000000e+03 4.436414651762136430e+01 1.612009445789710327e+01
3.683000000000000000e+03 4.209131108624555395e+01 1.723558044462658501e+01
3.684000000000000000e+03 4.199404750200692860e+01 2.083882525132403174e+01
3.685000000000000000e+03 3.950552204110518062e+01 1.856343344753656055e+01
3.686000000000000000e+03 4.673226217529528981e+01 1.700794740233102331e+01
3.687000000000000000e+03 4.549366628617142538e+01 1.575328638563364514e+01
3.688000000000000000e+03 3.899957447911242525e+01 1.512828502519171359e+01
3.689000000000000000e+03 4.385552532189064578e+01 1.817463353478199650e+01
3.690000000000000000e+03 3.999678705696396008e+01 1.964582003865545801e+01
3.691000000000000000e+03 4.180387835118056472e+01 1.628856745684650420e+01
3.692000000000000000e+03 4.964535571697322069e+01 1.529311286206408660e+01
3.693000000000000000e+03 4.588512852685440890e+01 1.425454855055409986e+01
3.694000000000000000e+03 4.067931223658994355e+01 1.469393881983667782e+01
3.695000000000000000e+03 4.073815057940332451e+01 1.701527868167081081e+01
3.696000000000000000e+03 4.191218188887371809e+01 1.827744137256276247e+01
3.697000000000000000e+03 4.857819822903785933e+01 1.668262559927256561e+01
3.698000000000000000e+03 4.676084363460540771e+01 1.501560940235116703e+01
3.699000000000000000e+03 4.355770492615141620e+01 1.433959540901537544e+01
3.700000000000000000e+03 3.813903331441893130e+01 1.522307491046563577e+01
3.701000000000000000e+03 3.816456062056987264e+01 1.769416097875985372e+01
3.702000000000000000e+03 4.063350057158771733e+01 1.699173468467966330e+01
3.703000000000000000e+03 4.611184630806721430e+01 1.560795315582896770e+01
3.704000000000000000e+03 4.381163037718196307e+01 1.405895973962978651e+01
3.705000000000000000e+03 4.424939011832447733e+01 1.414664701799880397e+01
3.706000000000000000e+03 3.834549299037002612e+01 1.438489718960728858e+01
3.707000000000000000e+03 3.984617624899824051e+01 1.766452889964886452e+01
3.708000000000000000e+03 4.338529755502752039e+01 1.708901861632439534e+01
3.709000000000000000e+03 4.259507745335542239e+01 1.477213249291625097e+01
3.710000000000000000e+03 4.583298347275997031e+01 1.470371398289043086e+01
3.711000000000000000e+03 4.548296408809710556e+01 1.513962875975815869e+01
3.712000000000000000e+03 4.187269149656325595e+01 1.654972091750484608e+01
3.713000000000000000e+03 4.771764408851853290e+01 2.048032620166479489e+01
3.714000000000000000e+03 4.951734285921435941e+01 1.784879197181004784e+01
3.715000000000000000e+03 4.282550753109795494e+01 1.423915088766038650e+01
3.716000000000000000e+03 5.450370911682241370e+01 1.531973490680416283e+01
3.717000000000000000e+03 4.816016205798116090e+01 1.442019136473702545e+01
3.718000000000000000e+03 4.310982401254584317e+01 1.557986206914750404e+01
3.719000000000000000e+03 4.784077393284197655e+01 1.829646256772166524e+01
3.720000000000000000e+03 4.242239496187372083e+01 1.507136733118546168e+01
3.721000000000000000e+03 3.453324383277928433e+01 1.233398341398591569e+01
3.722000000000000000e+03 3.800472967856488538e+01 1.196095742266638240e+01
3.723000000000000000e+03 5.127774674090237994e+01 1.505159733780178399e+01
3.724000000000000000e+03 5.250144354317723838e+01 1.701485013767591425e+01
3.725000000000000000e+03 5.493220387513429159e+01 2.007340345783310909e+01
3.726000000000000000e+03 6.777807935293425601e+01 1.937128969404995615e+01
3.727000000000000000e+03 7.990046602475680970e+01 1.913049921688467592e+01
3.728000000000000000e+03 8.861704095173071494e+01 2.016371065743577518e+01
3.729000000000000000e+03 9.247558997086639465e+01 2.240153142643690742e+01
3.730000000000000000e+03 8.135266109176433247e+01 2.372125573160949230e+01
3.731000000000000000e+03 6.303582526884581227e+01 2.408891892529310397e+01
3.732000000000000000e+03 5.799403619096634088e+01 1.996329061129572580e+01
3.733000000000000000e+03 4.249028938912111641e+01 1.455763343352265160e+01
3.734000000000000000e+03 3.944077498344311294e+01 1.282127014322826852e+01
3.735000000000000000e+03 3.840639006437717029e+01 1.309721889420107210e+01
3.736000000000000000e+03 3.609324045356073896e+01 1.482842727881234346e+01
3.737000000000000000e+03 3.841468795962561700e+01 1.796553179771165176e+01
3.738000000000000000e+03 4.117228077410706533e+01 1.649705872667665574e+01
3.739000000000000000e+03 3.924841151104168091e+01 1.412368873106597711e+01
3.740000000000000000e+03 4.843127217342062352e+01 1.481275894056283349e+01
3.741000000000000000e+03 5.663875750190960190e+01 1.700172129883185335e+01
3.742000000000000000e+03 4.636571387516390530e+01 1.717330583644105246e+01
3.743000000000000000e+03 3.878160033765574610e+01 1.887194509982064616e+01
3.744000000000000000e+03 5.072846484079754958e+01 1.865340762890789250e+01
3.745000000000000000e+03 5.148408325598779811e+01 1.612165443386856012e+01
3.746000000000000000e+03 4.568198591920660334e+01 1.347272244926648632e+01
3.747000000000000000e+03 4.605707469158740253e+01 1.351580397783788356e+01
3.748000000000000000e+03 4.734212219144723122e+01 1.503772195896323538e+01
3.749000000000000000e+03 3.893747563921125732e+01 1.518230653778533679e+01
3.750000000000000000e+03 4.406417697260838651e+01 1.618753426351885949e+01
3.751000000000000000e+03 3.874118995619279104e+01 1.217485185808868131e+01
3.752000000000000000e+03 4.210883769728590664e+01 1.068137980711690638e+01
3.753000000000000000e+03 4.230459576432301105e+01 1.025946058386787740e+01
3.754000000000000000e+03 4.130962349052715155e+01 1.124791295401244007e+01
3.755000000000000000e+03 4.042270460286832900e+01 1.272691800460171230e+01
3.756000000000000000e+03 4.473642652195362501e+01 1.579133387709005554e+01
3.757000000000000000e+03 4.504445478252771551e+01 1.342340280230588156e+01
3.758000000000000000e+03 4.707270008673228290e+01 1.181273817319785913e+01
3.759000000000000000e+03 4.788980646287566856e+01 1.112390912809962984e+01
3.760000000000000000e+03 3.889616374272328159e+01 1.046503635231651685e+01
3.761000000000000000e+03 4.408072369560595405e+01 1.221223896171856182e+01
3.762000000000000000e+03 4.826232273871202239e+01 1.459030235305975509e+01
3.763000000000000000e+03 4.461978799713175903e+01 1.347285695621174106e+01
3.764000000000000000e+03 5.034123982954508136e+01 1.197454135869709191e+01
3.765000000000000000e+03 5.385885408903727267e+01 1.324936465952496434e+01
3.766000000000000000e+03 4.007258121109868654e+01 1.400962852706453177e+01
3.767000000000000000e+03 3.202241961991884267e+01 1.471039483522343261e+01
3.768000000000000000e+03 3.701829694432272078e+01 1.162494325141345186e+01
3.769000000000000000e+03 3.490699887819540237e+01 1.297004122253143699e+01
3.770000000000000000e+03 4.528259917571303816e+01 1.216316844022871990e+01
3.771000000000000000e+03 4.437674268702811275e+01 1.104611928740268212e+01
3.772000000000000000e+03 4.346630149368630924e+01 1.014027034382190529e+01
3.773000000000000000e+03 4.132825851888760837e+01 1.003525894665450124e+01
3.774000000000000000e+03 4.145768035963785536e+01 1.119296515431490135e+01
3.775000000000000000e+03 3.637142943419714669e+01 1.198325537836712229e+01
3.776000000000000000e+03 4.053262714287597390e+01 1.341058851735437152e+01
3.777000000000000000e+03 4.809103267070248222e+01 1.312754752575103367e+01
3.778000000000000000e+03 5.263497798533251881e+01 1.260456099917538353e+01
3.779000000000000000e+03 5.335047477263238846e+01 1.241652431413148783e+01
3.780000000000000000e+03 4.793732405950834874e+01 1.243797777998808307e+01
3.781000000000000000e+03 4.606172653163925190e+01 1.342072416179218841e+01
3.782000000000000000e+03 4.830522953226029159e+01 1.510172359415628662e+01
3.783000000000000000e+03 4.910205434699546601e+01 1.393683060460268308e+01
3.784000000000000000e+03 5.019725023228858163e+01 1.189982826893055545e+01
3.785000000000000000e+03 4.792310601978035578e+01 1.017176250928633152e+01
3.786000000000000000e+03 4.629001333100607951e+01 9.726978963028333425e+00
3.787000000000000000e+03 4.675645513319195601e+01 1.067767243399245025e+01
3.788000000000000000e+03 4.581047627420844748e+01 1.204347918139802331e+01
3.789000000000000000e+03 4.489822918153328857e+01 1.387079811346955438e+01
3.790000000000000000e+03 4.210791439956793170e+01 1.185859557375106199e+01
3.791000000000000000e+03 3.893471633697143375e+01 1.008312498349857655e+01
3.792000000000000000e+03 4.342723858066128173e+01 1.006074477895958985e+01
3.793000000000000000e+03 4.450799015701849015e+01 1.018924905279900095e+01
3.794000000000000000e+03 4.380526436662340473e+01 1.088452191374746647e+01
3.795000000000000000e+03 4.450692249169306791e+01 1.232457309509090493e+01
3.796000000000000000e+03 4.243702222888605746e+01 1.385418395572822092e+01
3.797000000000000000e+03 3.661834772643328506e+01 1.170688143355701527e+01
3.798000000000000000e+03 3.598687616105583231e+01 1.020559518969881552e+01
3.799000000000000000e+03 3.794122230830532772e+01 1.025642701929308309e+01
3.800000000000000000e+03 3.885131182610655287e+01 1.044467620651923667e+01
3.801000000000000000e+03 4.076768786150100965e+01 1.176121619059098222e+01
3.802000000000000000e+03 4.260758601966881542e+01 1.412817418349214549e+01
3.803000000000000000e+03 3.904179466449446068e+01 1.581680693959699369e+01
3.804000000000000000e+03 4.548751999078900354e+01 1.489172345321931701e+01
3.805000000000000000e+03 4.800268401323670986e+01 1.365319619264242057e+01
3.806000000000000000e+03 4.345065294821968394e+01 1.215552508570504742e+01
3.807000000000000000e+03 4.520937427260779629e+01 1.230955947931737349e+01
3.808000000000000000e+03 4.443620387022961182e+01 1.288154673177570331e+01
3.809000000000000000e+03 4.612130993026344328e+01 1.401375584100797589e+01
3.810000000000000000e+03 4.388555583156914963e+01 1.532356834065067375e+01
3.811000000000000000e+03 5.150995876667200690e+01 1.434350005289003782e+01
3.812000000000000000e+03 5.511447970592364953e+01 1.298329128529887377e+01
3.813000000000000000e+03 4.446144304938264469e+01 1.045893146616661973e+01
3.814000000000000000e+03 4.468194077000324427e+01 1.008802092974072018e+01
3.815000000000000000e+03 4.834617860096214770e+01 1.052703888402881205e+01
3.816000000000000000e+03 4.393350057905587391e+01 1.106198408101023389e+01
3.817000000000000000e+03 4.393080523372194079e+01 1.245708945824183012e+01
3.818000000000000000e+03 4.779034113188391331e+01 1.193992824103319528e+01
3.819000000000000000e+03 4.719529812893335929e+01 1.017981428814308131e+01
3.820000000000000000e+03 4.803664236459466963e+01 9.274280107285653330e+00
3.821000000000000000e+03 4.521469169101799679e+01 8.633747150916988744e+00
3.822000000000000000e+03 4.175311127857048632e+01 8.643051536970844495e+00
3.823000000000000000e+03 4.571880686537945593e+01 9.909650747588861108e+00
3.824000000000000000e+03 4.916666659536998196e+01 1.157051683082725901e+01
3.825000000000000000e+03 4.411456626409444226e+01 1.123519266400873029e+01
3.826000000000000000e+03 4.182347007488906598e+01 9.365571682637549245e+00
3.827000000000000000e+03 4.086203693782969992e+01 8.444419154470571343e+00
3.828000000000000000e+03 4.080428259059402762e+01 8.080849315313482606e+00
3.829000000000000000e+03 4.435012720148088050e+01 8.547698786615210764e+00
3.830000000000000000e+03 4.313368107885624880e+01 8.760801661872093860e+00
3.831000000000000000e+03 3.503051876993713165e+01 8.577741422554195694e+00
3.832000000000000000e+03 3.733112987572304320e+01 9.655797948091601413e+00
3.833000000000000000e+03 4.130378215806918973e+01 8.663952826091360748e+00
3.834000000000000000e+03 3.702855301876928706e+01 7.279985781639792819e+00
3.835000000000000000e+03 3.793734727162449616e+01 6.726861831742926512e+00
3.836000000000000000e+03 4.111729139950010392e+01 7.160691743639358009e+00
3.837000000000000000e+03 3.760147008463884788e+01 7.362460510292327065e+00
3.838000000000000000e+03 3.656288606411968800e+01 8.244300216575497942e+00
3.839000000000000000e+03 3.686498996061561684e+01 9.622596565099549082e+00
3.840000000000000000e+03 4.208285477106068839e+01 1.037730241025015765e+01
3.841000000000000000e+03 4.074469443621244125e+01 9.299273168070184781e+00
3.842000000000000000e+03 4.225126457956744730e+01 8.548150229834982738e+00
3.843000000000000000e+03 4.266863899504281932e+01 8.055542169586829004e+00
3.844000000000000000e+03 4.773040326240469255e+01 8.301294116627898845e+00
3.845000000000000000e+03 5.264625746498840186e+01 9.301557479339310319e+00
3.846000000000000000e+03 4.088884618934162063e+01 8.768774940979604082e+00
3.847000000000000000e+03 4.683096697393632013e+01 1.106890641930845476e+01
3.848000000000000000e+03 4.350726425398494968e+01 9.927680113399256712e+00
3.849000000000000000e+03 4.201687882269408192e+01 8.791023223524257801e+00
3.850000000000000000e+03 4.420873459164900510e+01 8.292353533976262625e+00
3.851000000000000000e+03 4.409601901680264291e+01 7.991179272008706036e+00
3.852000000000000000e+03 4.444806106165276560e+01 8.291403838535547521e+00
3.853000000000000000e+03 4.904962309498131390e+01 9.390564375978724954e+00
3.854000000000000000e+03 5.344438512244522599e+01 1.081217030753392017e+01
3.855000000000000000e+03 4.794325710178306110e+01 1.127185512383166177e+01
3.856000000000000000e+03 5.132304759290046547e+01 1.045718403139314212e+01
3.857000000000000000e+03 4.419632528565647789e+01 8.115765030246754108e+00
3.858000000000000000e+03 4.500281862667572597e+01 7.406637598796729449e+00
3.859000000000000000e+03 4.074083551338272713e+01 6.771901177222550139e+00
3.860000000000000000e+03 4.215266989821105881e+01 6.967003892744372706e+00
3.861000000000000000e+03 4.547353131165538542e+01 7.714363973665840923e+00
3.862000000000000000e+03 4.742628595595047614e+01 9.053574557088085228e+00
3.863000000000000000e+03 5.098379674612691304e+01 1.081738578765316916e+01
3.864000000000000000e+03 4.403199648292097379e+01 9.083692351354866190e+00
3.865000000000000000e+03 4.875293006814465713e+01 8.587263406706634683e+00
3.866000000000000000e+03 4.467674119441158354e+01 7.548171292277062960e+00
3.867000000000000000e+03 4.063098827285772074e+01 7.031353958875976140e+00
3.868000000000000000e+03 4.535487653672777242e+01 7.786572751338534992e+00
3.869000000000000000e+03 4.923876278341028723e+01 8.916981721558414620e+00
3.870000000000000000e+03 5.172529646562993833e+01 1.016127136744895587e+01
3.871000000000000000e+03 4.828493980758004511e+01 1.087778958418702935e+01
3.872000000000000000e+03 4.404795060752355340e+01 9.722106687038381878e+00
3.873000000000000000e+03 4.022711024100762955e+01 8.948400089973915783e+00
3.874000000000000000e+03 4.246550180262082108e+01 9.355436897276586450e+00
3.875000000000000000e+03 4.317013349910902775e+01 8.959248477255261633e+00
3.876000000000000000e+03 4.691450912592706146e+01 8.921558661811896940e+00
3.877000000000000000e+03 4.613868534161203883e+01 9.283559215755996519e+00
3.878000000000000000e+03 4.322171674987691858e+01 1.000450474719016292e+01
3.879000000000000000e+03 4.578060842872251612e+01 1.160144608542063338e+01
3.880000000000000000e+03 4.694254805949767473e+01 1.139880834702771750e+01
3.881000000000000000e+03 3.995737646653902431e+01 9.361119459989476255e+00
3.882000000000000000e+03 3.929738572309941702e+01 8.228164228527251822e+00
3.883000000000000000e+03 4.562944087121998393e+01 7.930595776821663279e+00
3.884000000000000000e+03 4.019442606262170870e+01 7.157935111896048141e+00
3.885000000000000000e+03 4.284202124195873296e+01 7.782243862411252877e+00
3.886000000000000000e+03 4.485904320309070670e+01 8.834703701558686006e+00
3.887000000000000000e+03 4.243775784881460567e+01 1.002534101702198122e+01
3.888000000000000000e+03 4.837797991643015649e+01 1.189302369764683931e+01
3.889000000000000000e+03 5.232151741185263916e+01 1.128493189240492889e+01
3.890000000000000000e+03 5.028506105717012531e+01 1.020649024039384578e+01
3.891000000000000000e+03 4.898041903842838707e+01 9.347668451881997242e+00
3.892000000000000000e+03 4.698386516045847827e+01 8.954827047948722196e+00
3.893000000000000000e+03 4.736682572502606092e+01 8.952431677919497233e+00
3.894000000000000000e+03 4.815689011835228683e+01 9.265259199344361818e+00
3.895000000000000000e+03 4.671567700022897185e+01 9.828684235961617333e+00
3.896000000000000000e+03 4.553574414791913227e+01 1.055326652307282842e+01
3.897000000000000000e+03 4.485419468742387039e+01 1.047436170068725581e+01
3.898000000000000000e+03 4.223102398175749528e+01 9.150016666132087195e+00
3.899000000000000000e+03 4.096298562798995846e+01 8.162336474695715438e+00
3.900000000000000000e+03 4.150222992663987753e+01 7.643132377947530642e+00
3.901000000000000000e+03 4.446762340044819695e+01 7.536853115501676470e+00
3.902000000000000000e+03 4.179695568130006933e+01 7.228973701634374471e+00
3.903000000000000000e+03 4.414127532594611125e+01 8.471811962206350799e+00
3.904000000000000000e+03 4.636934862481410136e+01 9.977588502042841867e+00
3.905000000000000000e+03 4.635043964676962247e+01 1.105527549534449427e+01
3.906000000000000000e+03 4.297224741222477462e+01 9.932617958849723649e+00
3.907000000000000000e+03 4.295951211335929543e+01 8.424343040792892978e+00
3.908000000000000000e+03 4.351550326172898764e+01 7.458989923918703191e+00
3.909000000000000000e+03 4.139489997297233970e+01 6.826407046151864222e+00
3.910000000000000000e+03 4.198595823987918862e+01 6.877699363528281040e+00
3.911000000000000000e+03 4.640992617422672595e+01 7.812215520677520786e+00
3.912000000000000000e+03 5.003681209154641607e+01 8.700781908267748221e+00
3.913000000000000000e+03 4.285059114676850811e+01 8.432999921458579351e+00
3.914000000000000000e+03 4.287937665460941616e+01 9.162091051324859237e+00
3.915000000000000000e+03 4.679323884684013990e+01 9.211049520801317669e+00
3.916000000000000000e+03 4.391983759006831178e+01 8.115096027410029222e+00
3.917000000000000000e+03 4.319699290234868272e+01 7.453700697278135223e+00
3.918000000000000000e+03 4.408675738368364705e+01 7.437147692223446072e+00
3.919000000000000000e+03 4.088859232072410066e+01 7.085390308233840528e+00
3.920000000000000000e+03 4.317015079105252084e+01 7.043525309534873102e+00
3.921000000000000000e+03 4.136856291589546686e+01 6.657672941448405268e+00
3.922000000000000000e+03 5.078537299474940880e+01 8.232195493426701205e+00
3.923000000000000000e+03 4.282473175012009392e+01 8.171070565036105293e+00
3.924000000000000000e+03 4.192189239210975416e+01 8.178668392888319261e+00
3.925000000000000000e+03 4.368813192410141966e+01 7.395766995941380095e+00
3.926000000000000000e+03 4.180788802191771936e+01 6.568613051277286452e+00
3.927000000000000000e+03 3.787321628701654674e+01 5.846301443375345741e+00
3.928000000000000000e+03 3.881330910594809325e+01 5.717105748935907172e+00
3.929000000000000000e+03 4.069733087970252683e+01 5.898424290348421195e+00
3.930000000000000000e+03 3.894955857243813568e+01 5.995429670107167652e+00
3.931000000000000000e+03 4.179015374100156777e+01 7.108643590274973612e+00
3.932000000000000000e+03 3.647239899722188028e+01 7.705693673587114212e+00
3.933000000000000000e+03 3.354236230125437856e+01 8.378775000323971156e+00
3.934000000000000000e+03 3.708273284595374975e+01 7.875402474772803529e+00
3.935000000000000000e+03 3.888136337519461705e+01 7.104055008968135354e+00
3.936000000000000000e+03 4.075298344298087727e+01 6.459627094364816635e+00
3.937000000000000000e+03 4.175974006541253658e+01 6.097961785498615228e+00
3.938000000000000000e+03 4.408003496606534100e+01 6.050398343448395444e+00
3.939000000000000000e+03 4.493362359770027581e+01 6.130331603250945172e+00
3.940000000000000000e+03 4.595104489980205642e+01 6.630421970630838935e+00
3.941000000000000000e+03 4.078417810884401007e+01 6.793578606001055675e+00
3.942000000000000000e+03 4.063106427627398887e+01 7.418434241005614105e+00
3.943000000000000000e+03 4.258915987217775267e+01 8.146760900505933378e+00
3.944000000000000000e+03 4.358930054687831301e+01 7.574819249293774703e+00
3.945000000000000000e+03 4.065568512323757489e+01 6.891100992998806518e+00
3.946000000000000000e+03 4.147403056100969820e+01 6.379488826367918364e+00
3.947000000000000000e+03 4.111293103878956146e+01 5.994998701901417704e+00
3.948000000000000000e+03 4.028465298945860695e+01 5.768491930146376845e+00
3.949000000000000000e+03 4.080366590609473576e+01 5.849085875740619223e+00
3.950000000000000000e+03 3.899493268804959456e+01 5.884077863437769729e+00
3.951000000000000000e+03 4.308379806737057294e+01 7.073352411470823498e+00
3.952000000000000000e+03 4.562467580002395806e+01 8.240632176223696703e+00
3.953000000000000000e+03 4.456862526866484586e+01 8.846494147155336663e+00
3.954000000000000000e+03 4.137717124418186643e+01 7.652526050803263757e+00
3.955000000000000000e+03 3.845620132355986698e+01 6.612624224408412132e+00
3.956000000000000000e+03 4.569082182586751628e+01 6.431709234694719335e+00
3.957000000000000000e+03 4.648202097860162496e+01 6.361021809566717700e+00
3.958000000000000000e+03 4.151001018236200935e+01 6.214174988932805732e+00
3.959000000000000000e+03 4.131637887681011989e+01 6.657492780198103866e+00
3.960000000000000000e+03 4.369282074346519096e+01 7.141402705389274352e+00
3.961000000000000000e+03 4.645759008441243054e+01 7.595331663781752951e+00
3.962000000000000000e+03 4.013281904393233646e+01 7.118494410897267421e+00
3.963000000000000000e+03 4.043788673676325374e+01 7.843196764735994364e+00
3.964000000000000000e+03 3.818846125905931643e+01 6.931025591989477874e+00
3.965000000000000000e+03 3.576371941299081669e+01 5.975337876876724685e+00
3.966000000000000000e+03 3.207427857925077319e+01 5.237494899396559767e+00
3.967000000000000000e+03 3.478404828147078831e+01 5.164898116639176529e+00
3.968000000000000000e+03 3.799087156832425194e+01 5.328687569034705973e+00
3.969000000000000000e+03 3.823107502722631779e+01 5.282704443766187197e+00
3.970000000000000000e+03 4.230718754163817152e+01 5.796527337823212278e+00
3.971000000000000000e+03 4.048773401604397293e+01 5.924682303931001037e+00
3.972000000000000000e+03 4.490080910687508720e+01 6.621649029705622524e+00
3.973000000000000000e+03 3.323503887508400823e+01 6.072470995522357917e+00
3.974000000000000000e+03 3.594955543579342816e+01 6.625741710890839187e+00
3.975000000000000000e+03 3.825347618356180135e+01 6.450042860561745250e+00
3.976000000000000000e+03 3.610942272300684408e+01 5.987405247225807692e+00
3.977000000000000000e+03 3.562037177827594547e+01 5.429905188652241144e+00
3.978000000000000000e+03 3.931535052037594369e+01 5.312429507259732731e+00
3.979000000000000000e+03 3.901302939823514038e+01 5.173842062534407482e+00
3.980000000000000000e+03 4.048467544731527568e+01 5.583028223236754073e+00
3.981000000000000000e+03 4.228097090607355568e+01 5.982224784815603158e+00
3.982000000000000000e+03 4.481550164250602819e+01 6.606945126730232154e+00
3.983000000000000000e+03 4.441031683755836212e+01 6.863868513397582305e+00
3.984000000000000000e+03 4.265200608517569236e+01 7.156360654777646602e+00
3.985000000000000000e+03 4.450356821928138373e+01 7.555376202026167221e+00
3.986000000000000000e+03 4.831977224318304565e+01 7.579505930244323508e+00
3.987000000000000000e+03 4.440677934444096309e+01 6.966648364589041798e+00
3.988000000000000000e+03 4.312059241403497367e+01 6.454460215474767004e+00
3.989000000000000000e+03 4.855576579344913313e+01 6.349487204977982913e+00
3.990000000000000000e+03 4.648600465252678759e+01 5.901496067942180623e+00
3.991000000000000000e+03 4.293041598075514287e+01 5.455467718214360495e+00
3.992000000000000000e+03 4.112468298675531031e+01 5.484102808421753572e+00
3.993000000000000000e+03 4.369666219693348097e+01 6.101494973519447917e+00
3.994000000000000000e+03 4.880524441937320290e+01 6.957059625207270059e+00
3.995000000000000000e+03 4.592893056719152867e+01 7.173473189054549337e+00
3.996000000000000000e+03 4.500847462865816340e+01 7.512742954025513065e+00
3.997000000000000000e+03 4.667403764195965010e+01 7.141675407791626462e+00
3.998000000000000000e+03 4.756609236776338179e+01 6.703172489718663307e+00
3.999000000000000000e+03 4.716081951821273321e+01 6.250253634518255552e+00
4.000000000000000000e+03 4.463608516255750658e+01 5.615104728755525798e+00
4.001000000000000000e+03 4.689321569796275213e+01 5.469990509419441871e+00
4.002000000000000000e+03 4.718871749389459325e+01 5.450283982526960003e+00
4.003000000000000000e+03 4.780258880673893174e+01 5.567849312302442399e+00
4.004000000000000000e+03 4.615040217174512094e+01 5.676373349194415496e+00
4.005000000000000000e+03 4.253995587391023037e+01 5.770061665646099236e+00
4.006000000000000000e+03 4.139674824873396375e+01 6.104367081220574143e+00
4.007000000000000000e+03 4.370306908058014983e+01 6.772928359959028199e+00
4.008000000000000000e+03 4.581825935221993262e+01 7.064651884581286900e+00
4.009000000000000000e+03 4.381933066204036464e+01 6.441067906818944699e+00
4.010000000000000000e+03 4.476435937940174625e+01 5.932825543067234975e+00
4.011000000000000000e+03 5.042952961218420427e+01 6.064354402414513956e+00
4.012000000000000000e+03 4.691726876724484185e+01 5.539506029203307591e+00
4.013000000000000000e+03 4.577557155037607117e+01 5.221286577895569714e+00
4.014000000000000000e+03 4.678085686713850322e+01 5.216293054035149090e+00
4.015000000000000000e+03 4.510400701442031135e+01 5.149217511193040941e+00
4.016000000000000000e+03 4.182797382778647233e+01 5.065394839990214670e+00
4.017000000000000000e+03 4.354986159436138848e+01 5.504518489167844919e+00
4.018000000000000000e+03 5.029820523375406793e+01 6.431069089800232064e+00
4.019000000000000000e+03 4.855579049190095020e+01 6.960732789327551906e+00
4.020000000000000000e+03 4.285905015930113393e+01 6.977314419825041192e+00
4.021000000000000000e+03 4.309026277745034150e+01 6.456519082579414537e+00
4.022000000000000000e+03 4.654898504791651703e+01 6.203807438945924346e+00
4.023000000000000000e+03 4.545440382226039588e+01 5.736892548827601246e+00
4.024000000000000000e+03 4.695741706743718424e+01 5.536639691900695937e+00
4.025000000000000000e+03 4.598452391701582087e+01 5.305135623446947335e+00
4.026000000000000000e+03 4.555849010913566133e+01 5.213703448776374927e+00
4.027000000000000000e+03 4.187473030349183034e+01 4.957990896908214928e+00
4.028000000000000000e+03 3.806245723153919869e+01 4.903050683809393462e+00
4.029000000000000000e+03 3.868115245108223377e+01 5.171102304987985399e+00
4.030000000000000000e+03 4.241040536885264345e+01 5.648295297639308821e+00
4.031000000000000000e+03 4.378761642921715236e+01 6.192071086934690882e+00
4.032000000000000000e+03 4.647274404808002402e+01 6.990457535771645858e+00
4.033000000000000000e+03 4.417596996425017863e+01 6.769189029673916558e+00
4.034000000000000000e+03 4.210399700610260965e+01 6.054996220356987813e+00
4.035000000000000000e+03 4.261796453398147122e+01 5.806405202155691114e+00
4.036000000000000000e+03 4.357681402305374974e+01 5.543723507654285676e+00
4.037000000000000000e+03 4.645172998926491914e+01 5.410553183462439186e+00
4.038000000000000000e+03 4.930850869626603838e+01 5.323484435666443915e+00
4.039000000000000000e+03 4.773827545820132201e+01 5.081254067538314878e+00
4.040000000000000000e+03 4.457584106044094341e+01 4.961899335625114205e+00
4.041000000000000000e+03 4.281216121236712979e+01 5.068316411329349513e+00
4.042000000000000000e+03 4.476865186655065543e+01 5.584476410519588541e+00
4.043000000000000000e+03 4.919986451294791152e+01 6.362743830656198973e+00
4.044000000000000000e+03 4.903824160956335021e+01 6.744545958764278204e+00
4.045000000000000000e+03 4.926551001741174929e+01 7.058094140166631725e+00
4.046000000000000000e+03 4.447805083412613669e+01 6.801287004467624797e+00
4.047000000000000000e+03 4.943042404237816356e+01 6.481966172076781163e+00
4.048000000000000000e+03 5.011809382920735345e+01 6.076090830383678032e+00
4.049000000000000000e+03 4.412293731766217064e+01 5.335281269216088695e+00
4.050000000000000000e+03 4.633095484055365887e+01 5.157230185725905969e+00
4.051000000000000000e+03 4.711430453905184379e+01 5.182100397717432472e+00
4.052000000000000000e+03 4.459888469582613624e+01 4.938064188026180190e+00
4.053000000000000000e+03 4.329235757514931748e+01 4.736839228627268916e+00
4.054000000000000000e+03 4.114761343783313663e+01 4.496812883634423663e+00
4.055000000000000000e+03 4.173345508118403302e+01 4.660638120096761483e+00
4.056000000000000000e+03 4.356664301324801158e+01 4.947839538699593476e+00
4.057000000000000000e+03 4.796565365576051221e+01 5.656073078830462286e+00
4.058000000000000000e+03 4.535804547956895760e+01 5.921343455476042905e+00
4.059000000000000000e+03 4.028440216265515517e+01 6.138577833737952183e+00
4.060000000000000000e+03 4.462093644880781085e+01 6.627004502908494743e+00
4.061000000000000000e+03 4.672922583810664321e+01 6.199152540702466574e+00
4.062000000000000000e+03 3.987644544196334095e+01 5.343923195383757374e+00
4.063000000000000000e+03 4.007870600315121123e+01 4.937879585139037353e+00
4.064000000000000000e+03 4.561997508021436687e+01 4.963528563722960918e+00
4.065000000000000000e+03 4.584172757901348660e+01 4.773380869519893821e+00
4.066000000000000000e+03 4.811729819649176676e+01 4.895755496137971896e+00
4.067000000000000000e+03 4.906466693045295102e+01 4.840118270420327384e+00
4.068000000000000000e+03 4.640938229557128381e+01 4.626829335995111592e+00
4.069000000000000000e+03 4.402660116846431748e+01 4.566601258470138980e+00
4.070000000000000000e+03 4.513837932523879459e+01 4.793106826880663363e+00
4.071000000000000000e+03 4.279481261674001047e+01 4.944457540443522703e+00
4.072000000000000000e+03 4.261149278518462324e+01 5.446724637105398337e+00
4.073000000000000000e+03 4.833220977356702974e+01 6.365842379378380045e+00
4.074000000000000000e+03 4.953401229370376768e+01 6.998069533417493382e+00
4.075000000000000000e+03 3.714114049809674611e+01 6.200589510212539679e+00
4.076000000000000000e+03 4.312116763789932605e+01 6.241405605282365876e+00
4.077000000000000000e+03 4.261639070588454103e+01 5.442966698795682845e+00
4.078000000000000000e+03 4.948641709825881918e+01 5.550533569171322235e+00
4.079000000000000000e+03 4.836333548496842383e+01 5.268952020901185307e+00
4.080000000000000000e+03 4.308927364915640368e+01 4.712472001686978551e+00
4.081000000000000000e+03 4.466962335115278648e+01 4.704503163166934065e+00
4.082000000000000000e+03 4.456996120017070950e+01 4.647375633482880630e+00
4.083000000000000000e+03 4.677518247144850250e+01 4.678267686199522046e+00
4.084000000000000000e+03 4.999653426234043252e+01 4.832002232648012097e+00
4.085000000000000000e+03 4.307404436944955251e+01 4.468697404932487238e+00
4.086000000000000000e+03 4.025115486695910505e+01 4.587937103075386602e+00
4.087000000000000000e+03 4.357995601077317360e+01 5.229283014924585693e+00
4.088000000000000000e+03 4.627253728962932655e+01 5.599726090396398348e+00
4.089000000000000000e+03 4.561041781745719703e+01 5.812878767461420182e+00
4.090000000000000000e+03 3.867737098269375196e+01 5.637813377261363890e+00
4.091000000000000000e+03 4.051271909076519506e+01 5.729747939742942719e+00
4.092000000000000000e+03 4.842892048312652520e+01 5.881831807839493997e+00
4.093000000000000000e+03 4.962105482652845012e+01 5.585303555560974687e+00
4.094000000000000000e+03 4.465781048427199806e+01 5.064077078461506787e+00
4.095000000000000000e+03 4.291867055557909794e+01 4.800922258554561672e+00
4.096000000000000000e+03 4.405079211073636714e+01 4.795060739174862974e+00
4.097000000000000000e+03 4.428545025475902008e+01 4.750239111393106839e+00
4.098000000000000000e+03 4.346134929008434256e+01 4.598300704733929045e+00
4.099000000000000000e+03 4.596430991722409232e+01 4.612380751005065171e+00
4.100000000000000000e+03 4.766042770321941902e+01 4.678742323543152004e+00
4.101000000000000000e+03 5.308336802705621693e+01 5.335545249055918759e+00
4.102000000000000000e+03 5.744710460272836627e+01 5.933755085139118535e+00
4.103000000000000000e+03 5.807036638453748623e+01 6.167754989133356069e+00
4.104000000000000000e+03 4.977778388238360208e+01 5.730348279732228711e+00
4.105000000000000000e+03 4.673549021871407660e+01 5.726080583436718996e+00
4.106000000000000000e+03 4.731557277378315263e+01 5.945388750118941523e+00
4.107000000000000000e+03 4.318239033098984692e+01 5.913735419633852075e+00
4.108000000000000000e+03 4.696169331777564082e+01 5.804808951518200644e+00
4.109000000000000000e+03 4.857717138107904731e+01 5.832266053876465683e+00
4.110000000000000000e+03 4.524085674752011954e+01 5.323176881182127396e+00
4.111000000000000000e+03 4.804974491161111416e+01 5.340302827032259003e+00
4.112000000000000000e+03 4.225750961201145373e+01 4.694267462295031557e+00
4.113000000000000000e+03 4.171682244336377465e+01 4.611600554163360677e+00
4.114000000000000000e+03 4.313938893324068857e+01 4.578076429129791514e+00
4.115000000000000000e+03 4.248863335302862509e+01 4.377209829434473676e+00
4.116000000000000000e+03 4.440178069470780997e+01 4.333188865752643615e+00
4.117000000000000000e+03 4.659112818865754235e+01 4.441021368237101363e+00
4.118000000000000000e+03 4.870060984432974038e+01 4.543783960155943547e+00
4.119000000000000000e+03 4.732822864024988263e+01 4.542418820515118583e+00
4.120000000000000000e+03 4.552284132516592763e+01 4.782541228760249119e+00
4.121000000000000000e+03 4.522523203371116551e+01 7.235812225962335198e+00
4.122000000000000000e+03 4.319775334356619112e+01 7.637970180302355416e+00
4.123000000000000000e+03 4.619000248465484049e+01 8.317699279598306461e+00
4.124000000000000000e+03 4.672726937071661979e+01 8.368000577785817740e+00
4.125000000000000000e+03 4.155038457157927212e+01 5.569624204279821633e+00
4.126000000000000000e+03 4.170204011234358887e+01 5.364438949260832423e+00
4.127000000000000000e+03 4.506054944273996199e+01 5.259292770137376394e+00
4.128000000000000000e+03 4.687140279312673385e+01 5.272205150485632430e+00
4.129000000000000000e+03 4.644013911436765341e+01 5.022645722290504544e+00
4.130000000000000000e+03 4.810076281463578596e+01 4.979541185707471840e+00
4.131000000000000000e+03 4.626014802586928454e+01 4.677353104790017646e+00
4.132000000000000000e+03 4.317865525988784725e+01 4.286241781423322017e+00
4.133000000000000000e+03 4.448753626966819041e+01 4.210820119568929876e+00
4.134000000000000000e+03 4.416303683475392461e+01 4.157788983797122029e+00
4.135000000000000000e+03 4.456053962342792829e+01 4.258350282708222245e+00
4.136000000000000000e+03 4.438299480594858437e+01 4.400857523912581115e+00
4.137000000000000000e+03 4.622307796613444708e+01 4.604198870889870676e+00
4.138000000000000000e+03 4.742606585141388109e+01 4.597984670779307059e+00
4.139000000000000000e+03 4.718982078612399533e+01 4.568789810822440955e+00
4.140000000000000000e+03 4.500849463083022073e+01 4.610639952790104523e+00
4.141000000000000000e+03 4.259305988632504381e+01 4.825822843442644228e+00
4.142000000000000000e+03 4.237039194526823849e+01 5.426072450628804944e+00
4.143000000000000000e+03 4.281645121597561143e+01 6.001217755497205708e+00
4.144000000000000000e+03 4.594137902392959916e+01 6.459784938111952535e+00
4.145000000000000000e+03 4.636364821776084000e+01 6.488326392500098905e+00
4.146000000000000000e+03 4.191738503050731168e+01 5.523295830617446001e+00
4.147000000000000000e+03 4.350440729327686284e+01 5.182922493000017283e+00
4.148000000000000000e+03 4.342630158867067536e+01 4.844333277574259355e+00
4.149000000000000000e+03 4.337730290115914755e+01 4.588135554035087438e+00
4.150000000000000000e+03 4.160418432058122562e+01 4.292540193989466957e+00
4.151000000000000000e+03 3.994715753118602919e+01 4.078181897482710205e+00
4.152000000000000000e+03 4.344553913377179555e+01 4.224371576367820680e+00
4.153000000000000000e+03 4.391713100891171706e+01 4.182229978795264813e+00
4.154000000000000000e+03 4.308430767466411737e+01 4.040290450762668684e+00
4.155000000000000000e+03 4.272803301511520147e+01 3.968178468204238030e+00
4.156000000000000000e+03 4.398291476302406977e+01 4.066707202348261774e+00
4.157000000000000000e+03 4.363781873600232331e+01 4.063441618738860228e+00
4.158000000000000000e+03 4.533108601389858450e+01 4.256647574446504656e+00
4.159000000000000000e+03 4.370786319730110137e+01 4.117655737442974306e+00
4.160000000000000000e+03 4.380878633887184037e+01 4.323628375109355382e+00
4.161000000000000000e+03 4.377752519018052624e+01 4.440048633046319360e+00
4.162000000000000000e+03 4.467579550600173377e+01 4.673586366132516545e+00
4.163000000000000000e+03 4.313189526624223902e+01 4.799852688734988604e+00
4.164000000000000000e+03 4.434069090722957895e+01 5.276220106622897532e+00
4.165000000000000000e+03 4.604670788585715258e+01 5.556246408942633330e+00
4.166000000000000000e+03 4.528865610653957674e+01 5.637679143317321007e+00
4.167000000000000000e+03 4.300128930579499098e+01 5.588857387094257057e+00
4.168000000000000000e+03 4.166313905328087230e+01 5.405761079013828407e+00
4.169000000000000000e+03 4.405719877031020104e+01 5.608469202768381123e+00
4.170000000000000000e+03 4.256636780157647593e+01 5.492154762712804228e+00
4.171000000000000000e+03 4.564330231498945523e+01 6.162964885140501003e+00
4.172000000000000000e+03 4.085616443102596662e+01 6.758069105485319028e+00
4.173000000000000000e+03 3.604520923256995246e+01 6.638277310253864805e+00
4.174000000000000000e+03 3.914574551673058522e+01 5.645299195116899149e+00
4.175000000000000000e+03 4.103830576033900002e+01 4.799396608825261090e+00
4.176000000000000000e+03 4.253298940970496034e+01 4.334714536990594169e+00
4.177000000000000000e+03 4.251100916524919882e+01 4.088607453604754305e+00
4.178000000000000000e+03 4.393605958732685934e+01 4.307216976623509552e+00
4.179000000000000000e+03 4.354804120783033028e+01 4.594947936672321376e+00
4.180000000000000000e+03 4.236870196917264053e+01 4.279852256944592703e+00
4.181000000000000000e+03 4.118529332955316136e+01 3.908036897084591121e+00
4.182000000000000000e+03 4.316436466721336984e+01 3.955561232277494454e+00
4.183000000000000000e+03 4.477632600980469135e+01 4.059112075036862777e+00
4.184000000000000000e+03 4.489003541329256564e+01 4.132374072015131183e+00
4.185000000000000000e+03 4.567270384321690813e+01 4.301089977882759818e+00
4.186000000000000000e+03 4.591200740928582036e+01 4.548774235929951004e+00
4.187000000000000000e+03 4.303585229928909683e+01 4.678232133855711794e+00
4.188000000000000000e+03 4.373117563956062526e+01 5.138153861892876151e+00
4.189000000000000000e+03 4.515036556269622281e+01 5.584305577774701490e+00
4.190000000000000000e+03 4.591227803435798194e+01 5.914590711932553369e+00
4.191000000000000000e+03 4.603632397730783055e+01 5.905588098130637675e+00
4.192000000000000000e+03 4.435220221105159055e+01 5.822056026584404798e+00
4.193000000000000000e+03 4.231447148561357352e+01 5.730286893247894753e+00
4.194000000000000000e+03 4.141978722792692480e+01 5.489116124407763309e+00
4.195000000000000000e+03 4.300455014024548461e+01 5.543844287725633535e+00
4.196000000000000000e+03 4.365367375862592070e+01 5.313060512141908553e+00
4.197000000000000000e+03 4.049247542930685739e+01 4.894818063772023997e+00
4.198000000000000000e+03 4.227882785128031884e+01 4.885057993572832657e+00
4.199000000000000000e+03 4.335123382919535118e+01 4.830624769185209111e+00
4.200000000000000000e+03 4.420699525379423989e+01 4.705012595536905984e+00
4.201000000000000000e+03 4.077007272671307447e+01 4.286069514435883576e+00
4.202000000000000000e+03 4.453700405332175194e+01 4.314493710248675562e+00
4.203000000000000000e+03 4.496622893848125813e+01 4.325134442901014786e+00
4.204000000000000000e+03 4.315118874623762224e+01 4.279630922554396477e+00
4.205000000000000000e+03 4.243596521284045053e+01 4.294469873774591662e+00
4.206000000000000000e+03 4.253975933934557219e+01 4.222271452780523404e+00
4.207000000000000000e+03 3.988345499131367689e+01 4.029939509914467699e+00
4.208000000000000000e+03 3.724510923530446860e+01 3.803538955398351629e+00
4.209000000000000000e+03 4.086484822446026755e+01 3.989777678499095703e+00
4.210000000000000000e+03 4.315024614588955387e+01 4.130552227821622679e+00
4.211000000000000000e+03 4.320217993841950488e+01 4.168375428534137228e+00
4.212000000000000000e+03 4.157268855769430616e+01 4.125944282747237679e+00
4.213000000000000000e+03 4.234894532857522620e+01 4.300375341379719885e+00
4.214000000000000000e+03 4.541765457421766428e+01 4.527163165696400426e+00
4.215000000000000000e+03 4.507627188964704601e+01 4.546578761446311567e+00
4.216000000000000000e+03 4.175034103467947943e+01 4.483081780895059154e+00
4.217000000000000000e+03 4.125225978035953034e+01 4.513809054767947693e+00
4.218000000000000000e+03 4.374060242215671934e+01 4.839878130815433721e+00
4.219000000000000000e+03 4.236571762812544506e+01 5.016984808443323729e+00
4.220000000000000000e+03 4.006065528808345277e+01 4.940690285159157646e+00
4.221000000000000000e+03 4.529781684388822072e+01 5.540463737307925740e+00
4.222000000000000000e+03 4.494157919642079690e+01 5.444314972270730912e+00
4.223000000000000000e+03 3.926437464416326861e+01 5.029563605150261907e+00
4.224000000000000000e+03 4.203162076088825216e+01 5.366655450376440761e+00
4.225000000000000000e+03 4.108224674433395052e+01 5.119566844951299878e+00
4.226000000000000000e+03 3.935925742272813466e+01 5.006698417483996799e+00
4.227000000000000000e+03 4.486165311954949431e+01 5.500221906310309272e+00
4.228000000000000000e+03 4.648438032614777882e+01 5.676600205095981622e+00
4.229000000000000000e+03 4.210445462780663917e+01 5.175656854723047928e+00
4.230000000000000000e+03 3.915963712407758379e+01 4.606318005383953640e+00
4.231000000000000000e+03 4.035345237861012180e+01 4.450924070483720740e+00
4.232000000000000000e+03 4.362844616732279945e+01 4.512087366129965638e+00
4.233000000000000000e+03 4.331695683825099508e+01 4.413232893620047115e+00
4.234000000000000000e+03 3.798637071433663692e+01 3.956550748942206042e+00
4.235000000000000000e+03 3.840847989870491830e+01 3.838268688469449685e+00
4.236000000000000000e+03 4.271534363229671527e+01 4.064878964809483186e+00
4.237000000000000000e+03 4.147802090436220368e+01 3.964995439280141643e+00
4.238000000000000000e+03 4.094283222113481457e+01 3.836669785407037736e+00
4.239000000000000000e+03 4.079359845351148550e+01 3.725241968788815861e+00
4.240000000000000000e+03 4.010564537217274506e+01 3.542426035346680546e+00
4.241000000000000000e+03 3.927303952547055133e+01 3.407370238350108327e+00
4.242000000000000000e+03 4.168903406613223694e+01 3.472415222992237371e+00
4.243000000000000000e+03 4.489244865115220762e+01 3.647779098144986687e+00
4.244000000000000000e+03 4.256446475640793636e+01 3.620162277426815400e+00
4.245000000000000000e+03 4.158076645991206277e+01 3.580158327712117838e+00
4.246000000000000000e+03 4.012551383404363037e+01 3.494693222300499613e+00
4.247000000000000000e+03 4.035296548580539167e+01 3.555269708173448784e+00
4.248000000000000000e+03 4.163675555730995370e+01 3.590141487672341647e+00
4.249000000000000000e+03 4.083435612512040080e+01 3.643667276216375317e+00
4.250000000000000000e+03 4.273577556910214525e+01 3.908956303300208379e+00
4.251000000000000000e+03 4.027035705518770214e+01 3.767754587481834339e+00
4.252000000000000000e+03 3.813857769391802321e+01 3.606281375132089462e+00
4.253000000000000000e+03 4.006030758555223770e+01 3.744453492422952223e+00
4.254000000000000000e+03 4.105155717332662135e+01 3.780083314771795155e+00
4.255000000000000000e+03 3.701356049569582041e+01 3.623931281399642490e+00
4.256000000000000000e+03 3.758544837640705083e+01 3.750019675382136430e+00
4.257000000000000000e+03 4.172719289557892353e+01 4.053961608406882355e+00
4.258000000000000000e+03 4.121239950169620414e+01 4.007341337072253040e+00
4.259000000000000000e+03 3.954972175765013986e+01 3.940459295753515612e+00
4.260000000000000000e+03 4.017810184415244379e+01 4.116007253091132689e+00
4.261000000000000000e+03 4.021698053117287941e+01 4.370795277650680433e+00
4.262000000000000000e+03 4.002787726158655346e+01 4.650392197281808748e+00
4.263000000000000000e+03 3.715096062718782832e+01 4.563570080810772644e+00
4.264000000000000000e+03 3.840712840961187879e+01 4.582471212379745751e+00
4.265000000000000000e+03 4.174357816400779342e+01 4.721777840171425211e+00
4.266000000000000000e+03 4.021776495672921925e+01 4.500914082338020705e+00
4.267000000000000000e+03 4.181997961947132580e+01 4.658648428139969155e+00
4.268000000000000000e+03 4.218162209412351871e+01 4.708901003471832603e+00
4.269000000000000000e+03 3.837759090726616051e+01 4.427791576654367844e+00
4.270000000000000000e+03 4.216983697674501741e+01 4.596515223618578894e+00
4.271000000000000000e+03 4.164713503667843497e+01 4.559792014809961991e+00
4.272000000000000000e+03 3.753951501538217883e+01 4.368017205704867401e+00
4.273000000000000000e+03 3.944854288578505930e+01 4.471144183768225311e+00
4.274000000000000000e+03 4.156234341445485114e+01 4.451271502431239924e+00
4.275000000000000000e+03 4.319116642402504169e+01 4.385715306265433711e+00
4.276000000000000000e+03 4.525917682637642514e+01 4.502475759712690540e+00
4.277000000000000000e+03 3.979846683262832840e+01 3.977274460337703044e+00
4.278000000000000000e+03 3.934934726484340928e+01 3.913552824511988160e+00
4.279000000000000000e+03 4.131898495117350478e+01 4.076682839558065652e+00
4.280000000000000000e+03 4.302516196116362579e+01 4.185290821752455592e+00
4.281000000000000000e+03 4.347814297980463039e+01 4.101740915224552531e+00
4.282000000000000000e+03 4.159636749852369775e+01 3.899844288752452925e+00
4.283000000000000000e+03 3.933396288616687997e+01 3.733380811714389402e+00
4.284000000000000000e+03 4.118581532554772906e+01 3.765572833087412086e+00
4.285000000000000000e+03 3.985809220869353453e+01 3.599294299289219623e+00
4.286000000000000000e+03 3.664564052145926354e+01 3.339609013116718650e+00
4.287000000000000000e+03 3.618448365190882754e+01 3.308793645136293371e+00
4.288000000000000000e+03 3.711406979343786361e+01 3.358660982798373773e+00
4.289000000000000000e+03 3.954748743846128889e+01 3.562949800502727360e+00
4.290000000000000000e+03 4.076807848942621604e+01 3.726919565624180031e+00
4.291000000000000000e+03 3.950232446591845559e+01 3.558456539675524333e+00
4.292000000000000000e+03 4.211637769438800660e+01 3.682531320934339547e+00
4.293000000000000000e+03 4.014220189346639955e+01 3.482925072305214975e+00
4.294000000000000000e+03 3.929467903618394331e+01 3.333000008116992596e+00
4.295000000000000000e+03 3.832406498645710968e+01 3.310147587573774253e+00
4.296000000000000000e+03 3.616421368152652605e+01 3.194178223916246839e+00
4.297000000000000000e+03 3.882100571583028881e+01 3.337137238442387410e+00
4.298000000000000000e+03 4.038052083068424025e+01 3.350110225528003305e+00
4.299000000000000000e+03 3.935336241328657536e+01 3.230734687233515423e+00
4.300000000000000000e+03 3.844978738319485245e+01 3.102684756830180746e+00
4.301000000000000000e+03 3.900377566259169271e+01 3.084218198061511540e+00
4.302000000000000000e+03 3.873265858037215281e+01 3.084840803465278114e+00
4.303000000000000000e+03 3.972106206692814112e+01 3.103893149924297212e+00
4.304000000000000000e+03 4.024418288225370333e+01 3.067780511663539933e+00
4.305000000000000000e+03 3.797184194403801882e+01 2.901041909701613797e+00
4.306000000000000000e+03 3.757098390858553927e+01 2.879879937359515640e+00
4.307000000000000000e+03 3.993135891636016765e+01 3.033045274207741837e+00
4.308000000000000000e+03 3.849973894929698304e+01 3.024349377206703604e+00
4.309000000000000000e+03 3.663644071016598502e+01 2.999357966997465041e+00
4.310000000000000000e+03 3.792871769526080783e+01 3.040786240969082233e+00
4.311000000000000000e+03 3.652505589382150930e+01 2.915047535192152761e+00
4.312000000000000000e+03 3.589177640932950908e+01 2.854097469078360039e+00
4.313000000000000000e+03 3.624194293211060369e+01 2.909595268496234954e+00
4.314000000000000000e+03 3.723155608363834546e+01 3.052327362718442849e+00
4.315000000000000000e+03 3.858733598532573694e+01 3.211436914195269665e+00
4.316000000000000000e+03 3.945761553029150548e+01 3.303456573224277548e+00
4.317000000000000000e+03 4.224006838144304510e+01 3.430144115626760470e+00
4.318000000000000000e+03 4.314645142763193775e+01 3.418047725112757451e+00
4.319000000000000000e+03 4.241641544412466658e+01 3.362521056510450634e+00
4.320000000000000000e+03 4.165219899678277216e+01 3.345156647214729162e+00
4.321000000000000000e+03 4.009513215186847646e+01 3.375663411589948204e+00
4.322000000000000000e+03 4.083228738558520377e+01 3.479343605314430654e+00
4.323000000000000000e+03 4.072527217297326985e+01 3.319164523961557922e+00
4.324000000000000000e+03 3.931281008523565390e+01 3.159253273194077671e+00
4.325000000000000000e+03 4.037755500731891800e+01 3.155272782328301329e+00
4.326000000000000000e+03 3.966011425921337263e+01 3.119214970546877908e+00
4.327000000000000000e+03 4.077009835105180713e+01 3.218661912864110519e+00
4.328000000000000000e+03 4.219782557067711792e+01 3.279772694391450027e+00
4.329000000000000000e+03 4.109092375657960616e+01 3.270017519273887618e+00
4.330000000000000000e+03 4.064687914512320788e+01 3.306150395601151981e+00
4.331000000000000000e+03 3.893182599771979113e+01 3.336879151530411036e+00
4.332000000000000000e+03 3.688502661207036226e+01 3.320493242884652751e+00
4.333000000000000000e+03 3.923153451120049340e+01 3.467811361460733099e+00
4.334000000000000000e+03 4.062792447002113505e+01 3.441926746271152915e+00
4.335000000000000000e+03 3.925585031202761144e+01 3.269512344475000720e+00
4.336000000000000000e+03 3.832877793451189063e+01 3.137538547874260342e+00
4.337000000000000000e+03 4.003317134463781457e+01 3.251198078520367130e+00
4.338000000000000000e+03 4.362042416873737238e+01 3.563068452489497329e+00
4.339000000000000000e+03 5.215239634475964436e+01 4.250624428470337612e+00
4.340000000000000000e+03 6.430417989840910309e+01 5.214493110917342023e+00
4.341000000000000000e+03 7.359198821022341974e+01 5.846737540894026530e+00
4.342000000000000000e+03 7.024932823903985479e+01 5.521405817032601249e+00
4.343000000000000000e+03 6.001192630040593201e+01 4.665696549510567337e+00
4.344000000000000000e+03 4.861698955868462946e+01 3.821389460256584325e+00
4.345000000000000000e+03 4.089601963131051576e+01 3.309213455756811140e+00
4.346000000000000000e+03 3.907215883974104287e+01 3.179324240333742058e+00
4.347000000000000000e+03 3.960572028743657569e+01 3.230402574068668375e+00
4.348000000000000000e+03 3.986496903817169368e+01 3.272116279625223001e+00
4.349000000000000000e+03 3.905796904474307496e+01 3.285165343712201924e+00
4.350000000000000000e+03 3.839830345522178590e+01 3.295904944748328180e+00
4.351000000000000000e+03 3.768789974574284685e+01 3.227096991202766052e+00
4.352000000000000000e+03 3.737168639196045206e+01 3.140432003508386583e+00
4.353000000000000000e+03 3.503202132586442730e+01 2.962842010111130353e+00
4.354000000000000000e+03 3.608230777815390411e+01 3.027442707675584099e+00
4.355000000000000000e+03 3.701633131594148551e+01 3.027421410616685460e+00
4.356000000000000000e+03 3.967219792779891208e+01 3.270438280182691670e+00
4.357000000000000000e+03 4.250864199594575865e+01 3.434642762256220561e+00
4.358000000000000000e+03 4.174291590011473829e+01 3.533947769139344608e+00
4.359000000000000000e+03 4.030268796438494405e+01 3.406055587930385542e+00
4.360000000000000000e+03 4.200343341340457215e+01 3.311093849110053444e+00
4.361000000000000000e+03 4.126486642731804722e+01 3.225763814164256615e+00
4.362000000000000000e+03 3.900170744518293731e+01 3.095953287145110089e+00
4.363000000000000000e+03 3.991290546020181296e+01 3.142980356573431333e+00
4.364000000000000000e+03 4.035175022370028586e+01 3.145174667630970422e+00
4.365000000000000000e+03 4.030932351051021811e+01 3.113914987217694996e+00
4.366000000000000000e+03 4.183708142485581760e+01 3.167682252713329483e+00
4.367000000000000000e+03 4.183174936488582318e+01 3.231968263638469008e+00
4.368000000000000000e+03 3.979602859257727232e+01 3.157750894051529311e+00
4.369000000000000000e+03 3.971309008675947183e+01 3.079789750086251221e+00
4.370000000000000000e+03 4.044153059667122818e+01 3.011008681321267755e+00
4.371000000000000000e+03 4.219749668787524399e+01 3.362619225990782112e+00
4.372000000000000000e+03 4.257338692271749636e+01 3.300827549861754751e+00
4.373000000000000000e+03 4.196340273806315935e+01 3.066493408597186221e+00
4.374000000000000000e+03 4.198507707776056463e+01 3.044862205862873150e+00
4.375000000000000000e+03 4.003420781162691355e+01 2.988665422192953169e+00
4.376000000000000000e+03 4.088407605134897693e+01 3.052505643524731305e+00
4.377000000000000000e+03 4.176253194063829710e+01 3.111414857305873749e+00
4.378000000000000000e+03 3.879998620986128799e+01 3.051751927507043050e+00
4.379000000000000000e+03 3.952749049504636503e+01 3.079940671756611348e+00
4.380000000000000000e+03 4.217949628812662866e+01 3.127782029082915471e+00
4.381000000000000000e+03 4.076644623790716082e+01 3.040078787401548688e+00
4.382000000000000000e+03 3.980020155386397107e+01 2.980104792662257474e+00
4.383000000000000000e+03 4.166179951085882749e+01 3.053493770915514993e+00
4.384000000000000000e+03 3.990660286220375497e+01 2.976571280096326433e+00
4.385000000000000000e+03 3.576733026237363333e+01 2.738533959244094262e+00
4.386000000000000000e+03 3.653849673657772712e+01 2.736692150503462262e+00
4.387000000000000000e+03 3.819963317424864613e+01 2.824865571291008681e+00
4.388000000000000000e+03 3.713557272604484183e+01 2.758106926247287483e+00
4.389000000000000000e+03 3.859731959071168461e+01 2.803411391915277218e+00
4.390000000000000000e+03 3.924816409766011560e+01 2.842938295097825030e+00
4.391000000000000000e+03 3.807707042473845149e+01 2.762004119194884755e+00
4.392000000000000000e+03 4.054088591909915351e+01 2.926060619321434242e+00
4.393000000000000000e+03 3.921594295244161543e+01 2.919596077526191102e+00
4.394000000000000000e+03 3.782349035939154902e+01 2.837627750508465052e+00
4.395000000000000000e+03 3.803921592028244447e+01 2.837992085762286454e+00
4.396000000000000000e+03 3.780589437019618515e+01 2.828708822644614873e+00
4.397000000000000000e+03 3.836815700772071125e+01 2.856621668515678447e+00
4.398000000000000000e+03 4.174279329941566630e+01 2.999630536447733142e+00
4.399000000000000000e+03 4.103742275839546494e+01 3.052119362065931707e+00
4.400000000000000000e+03 3.698063695459508438e+01 2.855630206441906793e+00
4.401000000000000000e+03 4.060931706092929261e+01 3.074716282051920491e+00
4.402000000000000000e+03 4.222430077433701001e+01 3.289828802128567098e+00
4.403000000000000000e+03 3.938617032637327497e+01 3.098530684716827910e+00
4.404000000000000000e+03 3.798142227284879624e+01 2.961966041207204192e+00
4.405000000000000000e+03 3.938695191457294698e+01 3.105379662830707321e+00
4.406000000000000000e+03 3.938355406277556625e+01 3.153704263163777277e+00
4.407000000000000000e+03 3.977592764082786658e+01 3.197500424711355649e+00
4.408000000000000000e+03 4.240177752087599572e+01 3.395790631361475853e+00
4.409000000000000000e+03 4.315743122332705894e+01 3.596329134072254963e+00
4.410000000000000000e+03 4.159314734965519733e+01 3.675805395754208060e+00
4.411000000000000000e+03 4.247531487688752350e+01 3.841121819278200178e+00
4.412000000000000000e+03 3.900077274119802695e+01 3.630895981341063727e+00
4.413000000000000000e+03 3.724448373218520913e+01 3.470412319353906039e+00
4.414000000000000000e+03 3.930579001803762651e+01 3.524304264956078292e+00
4.415000000000000000e+03 3.884312139290062760e+01 3.537232662505032099e+00
4.416000000000000000e+03 3.627086334340274476e+01 3.410906318045660246e+00
4.417000000000000000e+03 3.614214870830853243e+01 3.455515014290418296e+00
4.418000000000000000e+03 3.878234111979303123e+01 3.758459532441682960e+00
4.419000000000000000e+03 3.940247733838047139e+01 3.826771226829617678e+00
4.420000000000000000e+03 3.716156873599615551e+01 3.603460391901019744e+00
4.421000000000000000e+03 3.739360381993505200e+01 3.570606469779015413e+00
4.422000000000000000e+03 4.183648288830850248e+01 3.791742624981265131e+00
4.423000000000000000e+03 4.199276101900208147e+01 3.732496241031574069e+00
4.424000000000000000e+03 3.733888541345061185e+01 3.496806950379763634e+00
4.425000000000000000e+03 4.117947465215605973e+01 3.625065222869504389e+00
4.426000000000000000e+03 3.938376834978588192e+01 3.390660073547546283e+00
4.427000000000000000e+03 4.054364817111700603e+01 3.339773542261124994e+00
4.428000000000000000e+03 4.233371182993297310e+01 3.420516915898812904e+00
4.429000000000000000e+03 4.256772201256121235e+01 3.399011569358066698e+00
4.430000000000000000e+03 4.075265591265366538e+01 3.325292454847985635e+00
4.431000000000000000e+03 3.807957021003142017e+01 3.142055363764616693e+00
4.432000000000000000e+03 3.898154388927012093e+01 3.131455285059467020e+00
4.433000000000000000e+03 4.049710325128845056e+01 3.117044895786867720e+00
4.434000000000000000e+03 3.944598012439615076e+01 3.028025756202744390e+00
4.435000000000000000e+03 3.943186143555670498e+01 3.025072401522631349e+00
4.436000000000000000e+03 3.895903591487098083e+01 2.963110627832612920e+00
4.437000000000000000e+03 4.126876398679295477e+01 2.992903795719966897e+00
4.438000000000000000e+03 3.815344973466042688e+01 2.723675965374517283e+00
4.439000000000000000e+03 3.639804106615359558e+01 2.808558953839696670e+00
4.440000000000000000e+03 4.072604680423358303e+01 2.907062047698372176e+00
4.441000000000000000e+03 4.056286684305371182e+01 2.722324314233601328e+00
4.442000000000000000e+03 3.748184511363078997e+01 2.579815493418735617e+00
4.443000000000000000e+03 3.872643946502063983e+01 2.689561075261619028e+00
4.444000000000000000e+03 3.932510060310590916e+01 2.779017578510861064e+00
4.445000000000000000e+03 3.937732860403279744e+01 2.827094169049375605e+00
4.446000000000000000e+03 4.110983397980530896e+01 2.919600960130928513e+00
4.447000000000000000e+03 4.186797881926256082e+01 2.938945536971482753e+00
4.448000000000000000e+03 4.121982484655911350e+01 2.892433411549832023e+00
4.449000000000000000e+03 3.940497720983761099e+01 2.790200570062054908e+00
4.450000000000000000e+03 4.031678458473837168e+01 2.844158853643125262e+00
4.451000000000000000e+03 4.005567508445366798e+01 2.942445016949865266e+00
4.452000000000000000e+03 3.822576209337400144e+01 2.901359833287123546e+00
4.453000000000000000e+03 3.869384983903274389e+01 2.983785185725497779e+00
4.454000000000000000e+03 4.041647515516262956e+01 3.148446326424436226e+00
4.455000000000000000e+03 4.205283667387957536e+01 3.345505727974969368e+00
4.456000000000000000e+03 3.963016203859410069e+01 3.265026928485098345e+00
4.457000000000000000e+03 4.110986703976882950e+01 3.344292469436463300e+00
4.458000000000000000e+03 3.998557913070633418e+01 3.425364972469240765e+00
4.459000000000000000e+03 3.835667964990566503e+01 3.326500532132308674e+00
4.460000000000000000e+03 3.970555670235899015e+01 3.636992185194599436e+00
4.461000000000000000e+03 3.959124529384398983e+01 3.891969715841471888e+00
4.462000000000000000e+03 4.421220316587605481e+01 4.347963970980301518e+00
4.463000000000000000e+03 3.814267169879381925e+01 4.005034340401051551e+00
4.464000000000000000e+03 4.054231055815674267e+01 4.076649070637864192e+00
4.465000000000000000e+03 3.902381800869714112e+01 3.797437775895673884e+00
4.466000000000000000e+03 4.005931905651387126e+01 3.763287836597398961e+00
4.467000000000000000e+03 3.823851199017001790e+01 3.652570801515947707e+00
4.468000000000000000e+03 4.187908650269831412e+01 3.746044271746688636e+00
4.469000000000000000e+03 4.034206753017783598e+01 3.582959075152480022e+00
4.470000000000000000e+03 3.928581426994657022e+01 3.462974196747212297e+00
4.471000000000000000e+03 3.980008811418034043e+01 3.468957249707250057e+00
4.472000000000000000e+03 3.658656533609962480e+01 3.202562293677914340e+00
4.473000000000000000e+03 3.994339533957136013e+01 3.240322206772148217e+00
4.474000000000000000e+03 4.177107245369324318e+01 3.112766195751969001e+00
4.475000000000000000e+03 4.004311664263558157e+01 2.932801056741141554e+00
4.476000000000000000e+03 3.931010338671120508e+01 2.887991331745905832e+00
4.477000000000000000e+03 3.948881652057453095e+01 2.882624640406915795e+00
4.478000000000000000e+03 4.140139580321233126e+01 2.920520355937719081e+00
4.479000000000000000e+03 4.116740411674931011e+01 2.811849306428582995e+00
4.480000000000000000e+03 3.909444384820653084e+01 2.651732619332559882e+00
4.481000000000000000e+03 3.832899053777563836e+01 2.601801236612326651e+00
4.482000000000000000e+03 3.792646257302128276e+01 2.640405962250285565e+00
4.483000000000000000e+03 3.772728180413785992e+01 2.687081224403374158e+00
4.484000000000000000e+03 3.952768928350087663e+01 2.762541516383793194e+00
4.485000000000000000e+03 4.158704239790100132e+01 2.881830565181378923e+00
4.486000000000000000e+03 4.078510787058709752e+01 2.918517533045348777e+00
4.487000000000000000e+03 4.161509705029688888e+01 2.963216001011889311e+00
4.488000000000000000e+03 4.613192643142016891e+01 3.235213248661400698e+00
4.489000000000000000e+03 4.339995094305392342e+01 3.324355052346611217e+00
4.490000000000000000e+03 3.800378095467058870e+01 3.104297784254276937e+00
4.491000000000000000e+03 3.723818609628515475e+01 3.093375652375322193e+00
4.492000000000000000e+03 3.816592398045138168e+01 3.200444080272697889e+00
4.493000000000000000e+03 4.082404159608734773e+01 3.414829747075878164e+00
4.494000000000000000e+03 4.163681404901440430e+01 3.688978830230218886e+00
4.495000000000000000e+03 3.863746242834443478e+01 3.716748785022651269e+00
4.496000000000000000e+03 3.624630435974150089e+01 3.675207434282953489e+00
4.497000000000000000e+03 3.804444383280601727e+01 3.561113000204831458e+00
4.498000000000000000e+03 4.255900866369865554e+01 3.690721792627705167e+00
4.499000000000000000e+03 3.943408112144469868e+01 3.312324973855248711e+00
4.500000000000000000e+03 3.952096662689009321e+01 3.284825463996798867e+00
4.501000000000000000e+03 4.118461016454117640e+01 3.344640674172389527e+00
4.502000000000000000e+03 3.647941486872029770e+01 2.926009897255613446e+00
4.503000000000000000e+03 3.644022701878078152e+01 2.977056798359344558e+00
4.504000000000000000e+03 4.205829741722774173e+01 3.213696712597265748e+00
4.505000000000000000e+03 4.342805221803226345e+01 3.159509953917910341e+00
4.506000000000000000e+03 4.159454995777485919e+01 2.994765116971271901e+00
4.507000000000000000e+03 4.131706348214574120e+01 2.881117203022286688e+00
4.508000000000000000e+03 3.893747967190449089e+01 2.689754711031231871e+00
4.509000000000000000e+03 3.859708923210868647e+01 2.641497959300752818e+00
4.510000000000000000e+03 4.003285952260377201e+01 2.710896657801690424e+00
4.511000000000000000e+03 3.878447636342395555e+01 2.714690980167820733e+00
4.512000000000000000e+03 3.861717983069139137e+01 2.760923131387083007e+00
4.513000000000000000e+03 4.074244246444809647e+01 2.949204324982581671e+00
4.514000000000000000e+03 4.112129590300590110e+01 3.054777546555737189e+00
4.515000000000000000e+03 4.089239210122409673e+01 3.083331533204951125e+00
4.516000000000000000e+03 4.103390622567525270e+01 3.133852512736774010e+00
4.517000000000000000e+03 4.170681567758993680e+01 3.245961284807082681e+00
4.518000000000000000e+03 4.340321506159550324e+01 3.573047828618702404e+00
4.519000000000000000e+03 4.060234277821751903e+01 3.500834864123262502e+00
4.520000000000000000e+03 4.218148591080091592e+01 3.554251453257591287e+00
4.521000000000000000e+03 4.367046709726673726e+01 3.876805789336607244e+00
4.522000000000000000e+03 4.128040957763546714e+01 3.837134635070403643e+00
4.523000000000000000e+03 4.167212337241493003e+01 4.050883443752279156e+00
4.524000000000000000e+03 3.977272356292105826e+01 3.932936527197512966e+00
4.525000000000000000e+03 3.893994264586438447e+01 3.809363692757907760e+00
4.526000000000000000e+03 4.148144540519665213e+01 3.749786277534070678e+00
4.527000000000000000e+03 4.021431143333048652e+01 3.418328156013970887e+00
4.528000000000000000e+03 3.752511749558074428e+01 3.132645343891399925e+00
4.529000000000000000e+03 3.904674446431967283e+01 3.049575463283904941e+00
4.530000000000000000e+03 3.891997327455523958e+01 2.918164044715370498e+00
4.531000000000000000e+03 3.951417774796765059e+01 2.856429555831629497e+00
4.532000000000000000e+03 3.886304592801347013e+01 2.795697554539180452e+00
4.533000000000000000e+03 3.906798240098369490e+01 2.762888557715294180e+00
4.534000000000000000e+03 4.002493012972762187e+01 2.779037514453598146e+00
4.535000000000000000e+03 3.737858668209013047e+01 2.668313794051143883e+00
4.536000000000000000e+03 3.574893219707610115e+01 2.569644398927637408e+00
4.537000000000000000e+03 3.863802781610693415e+01 2.640228843558818816e+00
4.538000000000000000e+03 4.100894823258984445e+01 2.781588273368408970e+00
4.539000000000000000e+03 4.222089521720338468e+01 2.932271977902026094e+00
4.540000000000000000e+03 4.284286713519347956e+01 3.123906006922489542e+00
4.541000000000000000e+03 3.971830576959197856e+01 3.142486868201279648e+00
4.542000000000000000e+03 3.769394518039721476e+01 3.059277858464139133e+00
4.543000000000000000e+03 3.844081576839785441e+01 3.102620898402959959e+00
4.544000000000000000e+03 3.884048099914446084e+01 3.040422667073163776e+00
4.545000000000000000e+03 4.089298529409560956e+01 3.324399093367988556e+00
4.546000000000000000e+03 4.188807424018701653e+01 3.728383658679778723e+00
4.547000000000000000e+03 4.147548580797094786e+01 3.982874955501490621e+00
4.548000000000000000e+03 3.823884494192237327e+01 3.605638335241763137e+00
4.549000000000000000e+03 3.843930694327301012e+01 3.345626000407088352e+00
4.550000000000000000e+03 4.050078854375489357e+01 3.246428421389712327e+00
4.551000000000000000e+03 4.053882615824679192e+01 3.039192783241887685e+00
4.552000000000000000e+03 3.615041906118614889e+01 2.665814269637401424e+00
4.553000000000000000e+03 3.447229400678670430e+01 2.524622148915462994e+00
4.554000000000000000e+03 3.713565073246179793e+01 2.570911896403948571e+00
4.555000000000000000e+03 3.756318823677962371e+01 2.530918975715564123e+00
4.556000000000000000e+03 3.632154071953178942e+01 2.443699235420159432e+00
4.557000000000000000e+03 3.753607108768034095e+01 2.451644760795011369e+00
4.558000000000000000e+03 3.932177043943889316e+01 2.479631135719811308e+00
4.559000000000000000e+03 3.927558800989231713e+01 2.474760330665630725e+00
4.560000000000000000e+03 4.038587906437768282e+01 2.525145898923695231e+00
4.561000000000000000e+03 4.323515534824315409e+01 2.741684238431670639e+00
4.562000000000000000e+03 4.253107594428588101e+01 3.108655290239980662e+00
4.563000000000000000e+03 3.980221546918846798e+01 3.412980792916399775e+00
4.564000000000000000e+03 4.225533592526708304e+01 3.436078935109210697e+00
4.565000000000000000e+03 4.174401744151325744e+01 3.598983450816141794e+00
4.566000000000000000e+03 4.115097658944372938e+01 3.278161020924578839e+00
4.567000000000000000e+03 4.304093390949707754e+01 3.577216088035538366e+00
4.568000000000000000e+03 3.787061912918399997e+01 3.329293627984200032e+00
4.569000000000000000e+03 3.537048291168004965e+01 2.992496253920200910e+00
4.570000000000000000e+03 4.033287542064523024e+01 3.159483151821476099e+00
4.571000000000000000e+03 3.742241674849890387e+01 2.786963328271304441e+00
4.572000000000000000e+03 3.965376573212727607e+01 2.781415175805232121e+00
4.573000000000000000e+03 3.834364072944614321e+01 2.558078381900500631e+00
4.574000000000000000e+03 3.901845007002933130e+01 2.548733262133500155e+00
4.575000000000000000e+03 3.997333309597869544e+01 2.589251120885486479e+00
4.576000000000000000e+03 4.145430797454276473e+01 2.630379562393228010e+00
4.577000000000000000e+03 4.041498546735869724e+01 2.570609722224900473e+00
4.578000000000000000e+03 3.848661352831509674e+01 2.495677524938359149e+00
4.579000000000000000e+03 3.888851358294762406e+01 2.483753745777775190e+00
4.580000000000000000e+03 3.934119081287180819e+01 2.497598822036176003e+00
4.581000000000000000e+03 3.820262896620742765e+01 2.477131086269449778e+00
4.582000000000000000e+03 3.845356226887163587e+01 2.516228392246923296e+00
4.583000000000000000e+03 4.090763051961365449e+01 2.682615027971799737e+00
4.584000000000000000e+03 4.181988225702667705e+01 2.845250033021865743e+00
4.585000000000000000e+03 3.802432261879245345e+01 2.805859991125239095e+00
4.586000000000000000e+03 3.469096314497051026e+01 2.749538025358852167e+00
4.587000000000000000e+03 3.940536325358682035e+01 3.199842429240670416e+00
4.588000000000000000e+03 3.957126791468925120e+01 3.289916128173325127e+00
4.589000000000000000e+03 3.802740468433972154e+01 3.029479599063606088e+00
4.590000000000000000e+03 3.804060915313750968e+01 2.856003540078697611e+00
4.591000000000000000e+03 3.697936751752280315e+01 2.677298249874568103e+00
4.592000000000000000e+03 3.924239389444124981e+01 2.806648824415583832e+00
4.593000000000000000e+03 3.947972370541542375e+01 2.707231947686681739e+00
4.594000000000000000e+03 3.877542804462561321e+01 2.539175554801828216e+00
4.595000000000000000e+03 3.937154452428359264e+01 2.396188898426272029e+00
4.596000000000000000e+03 3.857573584221564289e+01 2.293602013262205030e+00
4.597000000000000000e+03 3.790361517194236995e+01 2.274846441457756274e+00
4.598000000000000000e+03 3.929570935726275849e+01 2.346646601480111727e+00
4.599000000000000000e+03 3.960841902693020700e+01 2.429891599868692964e+00
4.600000000000000000e+03 3.784334447487349706e+01 2.438323241248305795e+00
4.601000000000000000e+03 3.734339668585636218e+01 2.508588816716832870e+00
4.602000000000000000e+03 3.763268740233240095e+01 2.667152258828785261e+00
4.603000000000000000e+03 3.706502001104052368e+01 2.757199042631687469e+00
4.604000000000000000e+03 3.650903846791812413e+01 2.894252567717107816e+00
4.605000000000000000e+03 3.744071869249177098e+01 3.127812056806119845e+00
4.606000000000000000e+03 3.768070180696309279e+01 3.246717047356558972e+00
4.607000000000000000e+03 3.564273127743175706e+01 2.972596460153849929e+00
4.608000000000000000e+03 3.795714507007972571e+01 2.887112170907486952e+00
4.609000000000000000e+03 4.032920069411835584e+01 2.878605125645216756e+00
4.610000000000000000e+03 4.005315936657757447e+01 2.703830220781355820e+00
4.611000000000000000e+03 4.089466410582496536e+01 2.603892012025053493e+00
4.612000000000000000e+03 4.031530075274668690e+01 2.507351439747436128e+00
4.613000000000000000e+03 4.036922810888990654e+01 2.461233450737470019e+00
4.614000000000000000e+03 4.252214703416210284e+01 2.500961102767625732e+00
4.615000000000000000e+03 4.231593853350396017e+01 2.495596501335334949e+00
4.616000000000000000e+03 3.959323583367550015e+01 2.432125962272759789e+00
4.617000000000000000e+03 3.938626213695810918e+01 2.485259044928975314e+00
4.618000000000000000e+03 4.112486895122204800e+01 2.715967318654553875e+00
4.619000000000000000e+03 4.013430635864492757e+01 2.866667904477144813e+00
4.620000000000000000e+03 3.630506644936014737e+01 2.710322559203852677e+00
4.621000000000000000e+03 4.016812377571238102e+01 2.994540805486507473e+00
4.622000000000000000e+03 3.990661839508442199e+01 3.149773215257335668e+00
4.623000000000000000e+03 3.948756052459411592e+01 3.370609706223714142e+00
4.624000000000000000e+03 4.003294173364687225e+01 3.308987843731347134e+00
4.625000000000000000e+03 4.170323409611285115e+01 3.157952563084524211e+00
4.626000000000000000e+03 4.038167342751017230e+01 2.871023488665545464e+00
4.627000000000000000e+03 4.094123514242675554e+01 2.800753071899102498e+00
4.628000000000000000e+03 3.974268119130582022e+01 2.636022903631174863e+00
4.629000000000000000e+03 3.927500348425086685e+01 2.561093263904546280e+00
4.630000000000000000e+03 4.032926433618637674e+01 2.540331228389605567e+00
4.631000000000000000e+03 3.944726314389519928e+01 2.446285084049375058e+00
4.632000000000000000e+03 3.716710388605797988e+01 2.353134777433098623e+00
4.633000000000000000e+03 3.913693761910010238e+01 2.485171296018614306e+00
4.634000000000000000e+03 4.351385513260667182e+01 2.876604701381165086e+00
4.635000000000000000e+03 4.201238729238728098e+01 3.107493665100695690e+00
4.636000000000000000e+03 4.073373665374059271e+01 3.166226292483613314e+00
4.637000000000000000e+03 4.414777474667383927e+01 3.415566825324030553e+00
4.638000000000000000e+03 4.451025574807444229e+01 3.600046702549168032e+00
4.639000000000000000e+03 4.146654566935598041e+01 3.636783769628064267e+00
4.640000000000000000e+03 4.159237527825477088e+01 3.427824379505403751e+00
4.641000000000000000e+03 4.466488414260145134e+01 3.311451773910974783e+00
4.642000000000000000e+03 4.270816112159046440e+01 2.966197508613575451e+00
4.643000000000000000e+03 4.064173550674809832e+01 2.674071268523860123e+00
4.644000000000000000e+03 4.124165414548879482e+01 2.660370021153016573e+00
4.645000000000000000e+03 4.088507038112975778e+01 2.654449036060256173e+00
4.646000000000000000e+03 4.118334748602763540e+01 2.787933717471255957e+00
4.647000000000000000e+03 4.068803969628737605e+01 2.763968668576650689e+00
4.648000000000000000e+03 4.023296964768668005e+01 2.633344031607410152e+00
4.649000000000000000e+03 4.091907238073405750e+01 2.666410716244772772e+00
4.650000000000000000e+03 3.951071731123674624e+01 2.647821149972313215e+00
4.651000000000000000e+03 3.860748950805324853e+01 2.707905875076213498e+00
4.652000000000000000e+03 3.783106076532892814e+01 2.862726110002657531e+00
4.653000000000000000e+03 3.987290716649842182e+01 3.182629139876575142e+00
4.654000000000000000e+03 3.747735233674895028e+01 3.218297934140463390e+00
4.655000000000000000e+03 3.946876612095000070e+01 3.244964837079731712e+00
4.656000000000000000e+03 4.320406173477398681e+01 3.230554447808276830e+00
4.657000000000000000e+03 3.981415202640465623e+01 2.831151481515537860e+00
4.658000000000000000e+03 3.895847772210226623e+01 2.693634005349577087e+00
4.659000000000000000e+03 3.921641607029718557e+01 2.588982172726940867e+00
4.660000000000000000e+03 4.163243824316663222e+01 2.601561480641730206e+00
4.661000000000000000e+03 4.247508287991656317e+01 2.583380219957967405e+00
4.662000000000000000e+03 4.161420052657361879e+01 2.578896537928783150e+00
4.663000000000000000e+03 4.061991761992099725e+01 2.618695094682357727e+00
4.664000000000000000e+03 3.892707992870299449e+01 2.685250552241619459e+00
4.665000000000000000e+03 3.758648559958405855e+01 2.807947640904238540e+00
4.666000000000000000e+03 3.808873060858173432e+01 2.975013653527616153e+00
4.667000000000000000e+03 3.849295903212254188e+01 3.154965624381060429e+00
4.668000000000000000e+03 3.864770483168688742e+01 3.362382170145892690e+00
4.669000000000000000e+03 3.995449839041991424e+01 3.600034719078443413e+00
4.670000000000000000e+03 3.736309493184360520e+01 3.263501623524091233e+00
4.671000000000000000e+03 3.689414505423332002e+01 3.018344152925748869e+00
4.672000000000000000e+03 4.066016374064184902e+01 2.957388999062636525e+00
4.673000000000000000e+03 3.978381660314614976e+01 2.633979365565446873e+00
4.674000000000000000e+03 3.910951028098739357e+01 2.425391035518660754e+00
4.675000000000000000e+03 3.900766423895306900e+01 2.355453154249256276e+00
4.676000000000000000e+03 3.874743074971799928e+01 2.387212042820877400e+00
4.677000000000000000e+03 3.929306142132208635e+01 2.472150003985257527e+00
4.678000000000000000e+03 3.911217067294554539e+01 2.540662635829689986e+00
4.679000000000000000e+03 3.783442832997403116e+01 2.534915128798426842e+00
4.680000000000000000e+03 3.968331902480232998e+01 2.715712380632587131e+00
4.681000000000000000e+03 3.919008201047278561e+01 2.877879897170064538e+00
4.682000000000000000e+03 3.673950037892616649e+01 2.969747425446090716e+00
4.683000000000000000e+03 3.752604059755721266e+01 3.183251350800502699e+00
4.684000000000000000e+03 3.977560311988171549e+01 3.083478023394924605e+00
4.685000000000000000e+03 4.045345386893812645e+01 2.953760945080857070e+00
4.686000000000000000e+03 4.138733075686401719e+01 2.801264350728313701e+00
4.687000000000000000e+03 4.200991641891774719e+01 2.674843850221576336e+00
4.688000000000000000e+03 4.259202951227854328e+01 2.560659123849036156e+00
4.689000000000000000e+03 3.983217649289308326e+01 2.365046092144198031e+00
4.690000000000000000e+03 3.939745547338210230e+01 2.335539197715518434e+00
4.691000000000000000e+03 4.158773867452020312e+01 2.465743612803584117e+00
4.692000000000000000e+03 4.155663182381211840e+01 2.574211113138632712e+00
4.693000000000000000e+03 4.101199758614728097e+01 2.705240598428752197e+00
4.694000000000000000e+03 3.895821441853547640e+01 2.704991577393742741e+00
4.695000000000000000e+03 3.650040036714125335e+01 2.774981983614352998e+00
4.696000000000000000e+03 3.757507631600334008e+01 3.113582905844954229e+00
4.697000000000000000e+03 3.820309326448772680e+01 3.096432032755582764e+00
4.698000000000000000e+03 3.828073258693285652e+01 2.767570315227613431e+00
4.699000000000000000e+03 3.536623493662474971e+01 2.464369342462641388e+00
4.700000000000000000e+03 3.639237059306861255e+01 2.380567971250927339e+00
4.701000000000000000e+03 3.756133710935309011e+01 2.359427535419635014e+00
4.702000000000000000e+03 3.910738972737611618e+01 2.322430985661223080e+00
4.703000000000000000e+03 4.064220483321319222e+01 2.303561440820765416e+00
4.704000000000000000e+03 4.037246540266792039e+01 2.293863924657916442e+00
4.705000000000000000e+03 3.857880610857966985e+01 2.280413035930282106e+00
4.706000000000000000e+03 3.658113807689836960e+01 2.309715775726526310e+00
4.707000000000000000e+03 3.458108134075502704e+01 2.331385330689801361e+00
4.708000000000000000e+03 3.641213705810584855e+01 2.558860510055378512e+00
4.709000000000000000e+03 3.884706511028503684e+01 2.865938847151130897e+00
4.710000000000000000e+03 3.827191760194575920e+01 2.836307867101319768e+00
4.711000000000000000e+03 3.762238825999682490e+01 2.608520251352283381e+00
4.712000000000000000e+03 3.779834231299322767e+01 2.478029804674509062e+00
4.713000000000000000e+03 3.657230909920810547e+01 2.385036201305035242e+00
4.714000000000000000e+03 3.686191051736815893e+01 2.331038221283721512e+00
4.715000000000000000e+03 3.618487826836820886e+01 2.174008027735202297e+00
4.716000000000000000e+03 3.554901449665306501e+01 2.057643759556476493e+00
4.717000000000000000e+03 3.613735075839088751e+01 2.064994841188207531e+00
4.718000000000000000e+03 3.656990778141218357e+01 2.170501331095533448e+00
4.719000000000000000e+03 3.675055055944717708e+01 2.244973684022159688e+00
4.720000000000000000e+03 3.793357223133210709e+01 2.487202415298229052e+00
4.721000000000000000e+03 3.842879278847340885e+01 2.735940053441822783e+00
4.722000000000000000e+03 3.997412155927591471e+01 3.051300946697299121e+00
4.723000000000000000e+03 3.813133835987747489e+01 2.868228248525666046e+00
4.724000000000000000e+03 3.957318571780248817e+01 2.819881145211904361e+00
4.725000000000000000e+03 4.156431987497244052e+01 2.750779288949398715e+00
4.726000000000000000e+03 3.894052913036252761e+01 2.303623673685023299e+00
4.727000000000000000e+03 3.647773413048172131e+01 2.076029596934458876e+00
4.728000000000000000e+03 3.820545793340390617e+01 2.101954090241705764e+00
4.729000000000000000e+03 3.813802648195515843e+01 2.130758748969545646e+00
4.730000000000000000e+03 3.515692849544682019e+01 2.102202008640088327e+00
4.731000000000000000e+03 3.561705728357682688e+01 2.242007516485363894e+00
4.732000000000000000e+03 3.756979870445902492e+01 2.430187981810895792e+00
4.733000000000000000e+03 3.793933049747074193e+01 2.697347122328755731e+00
4.734000000000000000e+03 3.820820411760568902e+01 2.994109382659707830e+00
4.735000000000000000e+03 3.668418766345105553e+01 2.890422339754339376e+00
4.736000000000000000e+03 3.889216861600633024e+01 2.769999777731297463e+00
4.737000000000000000e+03 3.774279024156419382e+01 2.555212222421088697e+00
4.738000000000000000e+03 3.695843905223817671e+01 2.395359485823251866e+00
4.739000000000000000e+03 3.832713787274354189e+01 2.257450991716205557e+00
4.740000000000000000e+03 3.839383703093864142e+01 2.135370278869073601e+00
4.741000000000000000e+03 3.795561902458617709e+01 2.102892534329323659e+00
4.742000000000000000e+03 3.876181400620344419e+01 2.197794871789106264e+00
4.743000000000000000e+03 3.942959882353565604e+01 2.378758159225971891e+00
4.744000000000000000e+03 3.939452435148908904e+01 2.550822904527941581e+00
4.745000000000000000e+03 3.918665219374609165e+01 2.720554968643532856e+00
4.746000000000000000e+03 3.701042271854625909e+01 2.787007781913964255e+00
4.747000000000000000e+03 3.523168652236781639e+01 2.567876613320470902e+00
4.748000000000000000e+03 3.635306127817238320e+01 2.424452258144189631e+00
4.749000000000000000e+03 3.729823174452175749e+01 2.263218022731829482e+00
4.750000000000000000e+03 3.630549440937592465e+01 2.073670127894682746e+00
4.751000000000000000e+03 3.561268036489818201e+01 2.000593418216019437e+00
4.752000000000000000e+03 3.587435182313816995e+01 2.003260484272910702e+00
4.753000000000000000e+03 3.649464982787856826e+01 2.051958066903859290e+00
4.754000000000000000e+03 3.577329019451779857e+01 2.107063037472810318e+00
4.755000000000000000e+03 3.451625758928379639e+01 2.120018900757008051e+00
4.756000000000000000e+03 3.702976816311439023e+01 2.397493379981709527e+00
4.757000000000000000e+03 3.669605609765280718e+01 2.691474002334287796e+00
4.758000000000000000e+03 3.600141700045012527e+01 2.938231072663302079e+00
4.759000000000000000e+03 3.806045512618305793e+01 2.705141899968158015e+00
4.760000000000000000e+03 3.642461765761571257e+01 2.343673745474372794e+00
4.761000000000000000e+03 3.389496602422133975e+01 2.085029583622283855e+00
4.762000000000000000e+03 3.447803500302661206e+01 2.059447847008931465e+00
4.763000000000000000e+03 3.576909880231195871e+01 2.070654409568317700e+00
4.764000000000000000e+03 3.656611232405238354e+01 2.094317157343480229e+00
4.765000000000000000e+03 3.759338111022533013e+01 2.171382110294815426e+00
4.766000000000000000e+03 3.634875361575020492e+01 2.304475193067703653e+00
4.767000000000000000e+03 3.204334967059953243e+01 2.259039552841943799e+00
4.768000000000000000e+03 3.645855732047748177e+01 2.867577855263166775e+00
4.769000000000000000e+03 3.468358724219140043e+01 3.041720081371732221e+00
4.770000000000000000e+03 3.294197825126558854e+01 2.759141571941320148e+00
4.771000000000000000e+03 3.442219109653524356e+01 2.582223579300159333e+00
4.772000000000000000e+03 3.481693608629142744e+01 2.340022358947524417e+00
4.773000000000000000e+03 3.445596684163339063e+01 2.144149004684991144e+00
4.774000000000000000e+03 3.666846797899766131e+01 2.202117962428961295e+00
4.775000000000000000e+03 3.564271758712096272e+01 2.190071654520251876e+00
4.776000000000000000e+03 3.476734016357478652e+01 2.616722266472416791e+00
4.777000000000000000e+03 3.767626042781935780e+01 3.614932489835948726e+00
4.778000000000000000e+03 3.708829641355396944e+01 3.602673987316257431e+00
4.779000000000000000e+03 3.811087055810003932e+01 4.145586587765524911e+00
4.780000000000000000e+03 3.681570225220582415e+01 4.621038770688721264e+00
4.781000000000000000e+03 3.809597602927488680e+01 2.832819745410207091e+00
4.782000000000000000e+03 3.756184326013281094e+01 2.525353949194568237e+00
4.783000000000000000e+03 3.703363482810844687e+01 2.347538505445184054e+00
4.784000000000000000e+03 3.844671263241989578e+01 2.250460091803915041e+00
4.785000000000000000e+03 3.687971396713840733e+01 2.074648058618617785e+00
4.786000000000000000e+03 3.472391753656312119e+01 1.975785812532704577e+00
4.787000000000000000e+03 3.531957144201566479e+01 2.008723636835023640e+00
4.788000000000000000e+03 3.649120074647960621e+01 2.144292752017403547e+00
4.789000000000000000e+03 3.562058531199799916e+01 2.269823982462551903e+00
4.790000000000000000e+03 3.584405913980717173e+01 2.484732393580276977e+00
4.791000000000000000e+03 3.248180462686666914e+01 2.553577656946168339e+00
4.792000000000000000e+03 3.270860664374629323e+01 2.341767404467797853e+00
4.793000000000000000e+03 3.446078748624867671e+01 2.174320549879784625e+00
4.794000000000000000e+03 3.513922641048692697e+01 2.050052425491653452e+00
4.795000000000000000e+03 3.614620267888411576e+01 1.986144690010478664e+00
4.796000000000000000e+03 3.704148709858450417e+01 1.959474277773007866e+00
4.797000000000000000e+03 3.708491966099415293e+01 1.985398159187489187e+00
4.798000000000000000e+03 3.651198600818098328e+01 2.069861277955667767e+00
4.799000000000000000e+03 3.612805866266601384e+01 2.200553085512927609e+00
4.800000000000000000e+03 3.592269589551037257e+01 2.396352549051865566e+00
4.801000000000000000e+03 3.450631928499122836e+01 2.549536244920168393e+00
4.802000000000000000e+03 3.651230716610670157e+01 2.677117490456545124e+00
4.803000000000000000e+03 3.744404838749438369e+01 2.439189275736691087e+00
4.804000000000000000e+03 3.469200946828510723e+01 2.134748843131710316e+00
4.805000000000000000e+03 3.489879354379900178e+01 2.026118404569845044e+00
4.806000000000000000e+03 3.600337503703028119e+01 1.972665703299173456e+00
4.807000000000000000e+03 3.678100535475734745e+01 1.958399277268384697e+00
4.808000000000000000e+03 3.676305607787192997e+01 1.978575900561970524e+00
4.809000000000000000e+03 3.611312899311208469e+01 2.033347435323021202e+00
4.810000000000000000e+03 3.629908010973829136e+01 2.228516519511998695e+00
4.811000000000000000e+03 3.790441433708731722e+01 2.618945861930570107e+00
4.812000000000000000e+03 3.795213561791034351e+01 2.974956809941222247e+00
4.813000000000000000e+03 3.738591047129790468e+01 2.685702921022056433e+00
4.814000000000000000e+03 3.655538733172143395e+01 2.338826202672953158e+00
4.815000000000000000e+03 3.370784334377523095e+01 2.019420791030602125e+00
4.816000000000000000e+03 3.473706500248638207e+01 1.973822449728161343e+00
4.817000000000000000e+03 3.763954243122876164e+01 2.032584755488654249e+00
4.818000000000000000e+03 3.902660914311171325e+01 2.114326005514030271e+00
4.819000000000000000e+03 3.740890391056151998e+01 2.150836660919626553e+00
4.820000000000000000e+03 3.439090621992552599e+01 2.073032514176409435e+00
4.821000000000000000e+03 3.495987434249738612e+01 2.300226912774212096e+00
4.822000000000000000e+03 3.549308916935545710e+01 2.547055555631033918e+00
4.823000000000000000e+03 3.629422185559203484e+01 2.402212490441323123e+00
4.824000000000000000e+03 3.483949207994614738e+01 2.172272088712444038e+00
4.825000000000000000e+03 3.507259977457553646e+01 2.010797398087655452e+00
4.826000000000000000e+03 3.682014546952616740e+01 1.938351882381738500e+00
4.827000000000000000e+03 3.395366128360831937e+01 1.770233605630069151e+00
4.828000000000000000e+03 3.186790475892393104e+01 1.734458419972572552e+00
4.829000000000000000e+03 3.424294782329675257e+01 1.964370929559454027e+00
4.830000000000000000e+03 3.549557621792082784e+01 2.254969109325555277e+00
4.831000000000000000e+03 3.615663198842047166e+01 2.547165364531047693e+00
4.832000000000000000e+03 3.564419528158648376e+01 2.704409461588952457e+00
4.833000000000000000e+03 3.612796836678577250e+01 2.427195690807298689e+00
4.834000000000000000e+03 3.399814302983072167e+01 2.036889186412991659e+00
4.835000000000000000e+03 3.427823850178749865e+01 1.905850293843418530e+00
4.836000000000000000e+03 3.524948236327977469e+01 1.859938721347153656e+00
4.837000000000000000e+03 3.624239709577103952e+01 1.877991688495584954e+00
4.838000000000000000e+03 3.574719940836111221e+01 1.933741419071440593e+00
4.839000000000000000e+03 3.493013810280122300e+01 2.032106070310915058e+00
4.840000000000000000e+03 3.675700185825840549e+01 2.303207440951411389e+00
4.841000000000000000e+03 3.730414402793238793e+01 2.547244246154167335e+00
4.842000000000000000e+03 3.365308622454718801e+01 2.521190649063250522e+00
4.843000000000000000e+03 3.188514894448263348e+01 2.114482671906185551e+00
4.844000000000000000e+03 3.143372731106160245e+01 1.901792170561328765e+00
4.845000000000000000e+03 3.058542786007069481e+01 1.710367019081068252e+00
4.846000000000000000e+03 3.217231967393960446e+01 1.722519409372600396e+00
4.847000000000000000e+03 3.579892753009829676e+01 1.840417617282716689e+00
4.848000000000000000e+03 3.703639378454967357e+01 1.975805265974839076e+00
4.849000000000000000e+03 3.498692669316265125e+01 2.048295385726489837e+00
4.850000000000000000e+03 3.469943052292913421e+01 2.259234261017341261e+00
4.851000000000000000e+03 3.432253468346252134e+01 2.452379464957280319e+00
4.852000000000000000e+03 3.767199378261291542e+01 2.659359696359775427e+00
4.853000000000000000e+03 3.769924161834145337e+01 2.393945086488427521e+00
4.854000000000000000e+03 3.800344080021556437e+01 2.222845358769749868e+00
4.855000000000000000e+03 3.566753408445657669e+01 1.997943508564161474e+00
4.856000000000000000e+03 3.602911395039961917e+01 1.957779494722100555e+00
4.857000000000000000e+03 3.988698108937148135e+01 2.098441134063180336e+00
4.858000000000000000e+03 4.535394951270208708e+01 2.427893569909757243e+00
4.859000000000000000e+03 5.292965170047339285e+01 3.011290479880564863e+00
4.860000000000000000e+03 6.548157589149266755e+01 4.065394523732765109e+00
4.861000000000000000e+03 8.835494185127723199e+01 6.289838102651994944e+00
4.862000000000000000e+03 1.093988430449126383e+02 7.584045127343229886e+00
4.863000000000000000e+03 1.152153263228369440e+02 7.166553437333448962e+00
4.864000000000000000e+03 9.964094997126709075e+01 5.272556400986545988e+00
4.865000000000000000e+03 7.412437305337006421e+01 3.772283096819584625e+00
4.866000000000000000e+03 5.381908059783319231e+01 2.857196878902402482e+00
4.867000000000000000e+03 4.275463200557013721e+01 2.468249929617717164e+00
4.868000000000000000e+03 3.640123683668887367e+01 2.381517964060562598e+00
4.869000000000000000e+03 3.322607597105914579e+01 2.444391233937590613e+00
4.870000000000000000e+03 3.367581780242504408e+01 2.657417930596748246e+00
4.871000000000000000e+03 3.393118531059855059e+01 2.429157955808419089e+00
4.872000000000000000e+03 3.329409232282120001e+01 2.058225924337665713e+00
4.873000000000000000e+03 3.349951119690419432e+01 1.871747216258123458e+00
4.874000000000000000e+03 3.461454059437247821e+01 1.787685516351854798e+00
4.875000000000000000e+03 3.503930895787855349e+01 1.764771405512992608e+00
4.876000000000000000e+03 3.443728973750245359e+01 1.817772221453351600e+00
4.877000000000000000e+03 3.403469120010009163e+01 1.956119411552550202e+00
4.878000000000000000e+03 3.457337630593953293e+01 2.175814347680068650e+00
4.879000000000000000e+03 3.454431892551171046e+01 2.446619655651820935e+00
4.880000000000000000e+03 3.520671740282947582e+01 2.468297488971162412e+00
4.881000000000000000e+03 3.640874892527666162e+01 2.240382860728480807e+00
4.882000000000000000e+03 3.547440504003760964e+01 1.995880633764182344e+00
4.883000000000000000e+03 3.421570655272246597e+01 1.802106687908512139e+00
4.884000000000000000e+03 3.367764524745712862e+01 1.748293604918964794e+00
4.885000000000000000e+03 3.373447548146363317e+01 1.813338665325141541e+00
4.886000000000000000e+03 3.401740005350858809e+01 1.958890632758397921e+00
4.887000000000000000e+03 3.481319946079051419e+01 2.114296225708999444e+00
4.888000000000000000e+03 3.658570983991693026e+01 2.455406189079742063e+00
4.889000000000000000e+03 3.469036592582594380e+01 2.461175558828784471e+00
4.890000000000000000e+03 3.480340227829320554e+01 2.196083691388404535e+00
4.891000000000000000e+03 3.490062017552554607e+01 1.952917884617059840e+00
4.892000000000000000e+03 3.267731356620788574e+01 1.690310230727802177e+00
4.893000000000000000e+03 3.225859576154199004e+01 1.616478312303275988e+00
4.894000000000000000e+03 3.382195353381287362e+01 1.720531167040315612e+00
4.895000000000000000e+03 3.512949563913485918e+01 1.958013744750700003e+00
4.896000000000000000e+03 3.637015847238463095e+01 2.219713130243983201e+00
4.897000000000000000e+03 3.740044028324530245e+01 2.484103553482317039e+00
4.898000000000000000e+03 3.623429197637332777e+01 2.398025691830066641e+00
4.899000000000000000e+03 3.469365739783633273e+01 2.068384830846248246e+00
4.900000000000000000e+03 3.550911723017899391e+01 1.926159670586128136e+00
4.901000000000000000e+03 3.557815212918028180e+01 1.793687997127151768e+00
4.902000000000000000e+03 3.631683287801164539e+01 1.791157592938885212e+00
4.903000000000000000e+03 3.696569701614878056e+01 1.893485226255215759e+00
4.904000000000000000e+03 3.607229600950668669e+01 2.039618924792092169e+00
4.905000000000000000e+03 3.574371768919414194e+01 2.305026982917202982e+00
4.906000000000000000e+03 3.668514696810278508e+01 2.603084228361669972e+00
4.907000000000000000e+03 3.556075532414715212e+01 2.364765355499974131e+00
4.908000000000000000e+03 3.593565131396970713e+01 2.095700274668295116e+00
4.909000000000000000e+03 3.583860395520899544e+01 1.884406418975518749e+00
4.910000000000000000e+03 3.322231249171729672e+01 1.695882544019891913e+00
4.911000000000000000e+03 3.275637258163244780e+01 1.686859028833108676e+00
4.912000000000000000e+03 3.389853314307092802e+01 1.839303724980825727e+00
4.913000000000000000e+03 3.259932044318009758e+01 1.981946894027392769e+00
4.914000000000000000e+03 3.279985876440590431e+01 2.204494916498354939e+00
4.915000000000000000e+03 3.359945233971755840e+01 2.411190502112534606e+00
4.916000000000000000e+03 3.525409028869983530e+01 2.251450374019684286e+00
4.917000000000000000e+03 3.478514572213067879e+01 2.013404371847177465e+00
4.918000000000000000e+03 3.473357475439330244e+01 1.872572027645745374e+00
4.919000000000000000e+03 3.426363806191648820e+01 1.799205634017511768e+00
4.920000000000000000e+03 3.364344081861176505e+01 1.807100414897563789e+00
4.921000000000000000e+03 3.340620573593396614e+01 1.892121112331835109e+00
4.922000000000000000e+03 3.261514959563053395e+01 2.052369337079416933e+00
4.923000000000000000e+03 3.016714663369843663e+01 2.189066634802121492e+00
4.924000000000000000e+03 3.229112582943880483e+01 2.226493673048585364e+00
4.925000000000000000e+03 3.153489052155155292e+01 1.900685045531585349e+00
4.926000000000000000e+03 3.207922484730852375e+01 1.753518073550152767e+00
4.927000000000000000e+03 3.251103480470810325e+01 1.644351277141673062e+00
4.928000000000000000e+03 3.406573837348378220e+01 1.687797675263378760e+00
4.929000000000000000e+03 3.565429824708458284e+01 1.876068295918837281e+00
4.930000000000000000e+03 3.494198875505281165e+01 2.124938535159843767e+00
4.931000000000000000e+03 3.399767734485610760e+01 2.368571407967360543e+00
4.932000000000000000e+03 3.714334051792754110e+01 2.704989004417598153e+00
4.933000000000000000e+03 3.542682612518120067e+01 2.325217145004270236e+00
4.934000000000000000e+03 3.475456077632083662e+01 2.137307497476648610e+00
4.935000000000000000e+03 3.476633434158085123e+01 1.981529371972812648e+00
4.936000000000000000e+03 3.393851645974702791e+01 1.860233247658565903e+00
4.937000000000000000e+03 3.423450022053688002e+01 1.858135976674544887e+00
4.938000000000000000e+03 3.581261446026513084e+01 2.034533852264949871e+00
4.939000000000000000e+03 3.464544473331682894e+01 2.162042275894846988e+00
4.940000000000000000e+03 3.434056311970967101e+01 2.346551205249223226e+00
4.941000000000000000e+03 3.396489946519260883e+01 2.139077645345241585e+00
4.942000000000000000e+03 3.468971822241839931e+01 1.937005854710742270e+00
4.943000000000000000e+03 3.343594925750032587e+01 1.708584042394026170e+00
4.944000000000000000e+03 3.355115672132487958e+01 1.637214042559227645e+00
4.945000000000000000e+03 3.452779549847833351e+01 1.706977671828138643e+00
4.946000000000000000e+03 3.487332739233970358e+01 1.895942456225488515e+00
4.947000000000000000e+03 3.533359041238536946e+01 2.116760995618948371e+00
4.948000000000000000e+03 3.693838863088169688e+01 2.514658707046538932e+00
4.949000000000000000e+03 3.755428983834139700e+01 2.459848292734481134e+00
4.950000000000000000e+03 3.376230462131353249e+01 1.969966106461204625e+00
4.951000000000000000e+03 3.579149582951470876e+01 1.832239104034093291e+00
4.952000000000000000e+03 3.667588014184687495e+01 1.723399633683329490e+00
4.953000000000000000e+03 3.443033606073906583e+01 1.668765156657415982e+00
4.954000000000000000e+03 3.434345401211896132e+01 1.743748706911686819e+00
4.955000000000000000e+03 3.910921355538012989e+01 2.203604546726963154e+00
4.956000000000000000e+03 3.744518727166020966e+01 2.402426514678964953e+00
4.957000000000000000e+03 3.846955670342486400e+01 2.466179561187913372e+00
4.958000000000000000e+03 3.933041516354639100e+01 2.383283775648518787e+00
4.959000000000000000e+03 4.051850770819807934e+01 2.203087195019428179e+00
4.960000000000000000e+03 4.229809760756484138e+01 2.059500400479476578e+00
4.961000000000000000e+03 4.475150933821046806e+01 2.121196002562123262e+00
4.962000000000000000e+03 4.657608825547296050e+01 2.612403841753915490e+00
4.963000000000000000e+03 4.551011808895982824e+01 3.990024154772782161e+00
4.964000000000000000e+03 4.055816506965677348e+01 6.300584542653991704e+00
4.965000000000000000e+03 3.519490843075534059e+01 2.431851833525469075e+00
4.966000000000000000e+03 3.391061543975121140e+01 2.082689751428015601e+00
4.967000000000000000e+03 3.347713978481191077e+01 1.915598968634296906e+00
4.968000000000000000e+03 3.559705111639112829e+01 1.875061877432592894e+00
4.969000000000000000e+03 3.604921352431578185e+01 1.849085624626531699e+00
4.970000000000000000e+03 3.476056794084477986e+01 1.848182926863936260e+00
4.971000000000000000e+03 3.568888815377791701e+01 2.031630280309475012e+00
4.972000000000000000e+03 3.665625849420882787e+01 2.427555287822641628e+00
4.973000000000000000e+03 3.558069062149021278e+01 2.286720068767042147e+00
4.974000000000000000e+03 3.282706257195946620e+01 1.880208118217437496e+00
4.975000000000000000e+03 3.400999010680025236e+01 1.774456375913663342e+00
4.976000000000000000e+03 3.455636033326793921e+01 1.713338396549730192e+00
4.977000000000000000e+03 3.482999281381039225e+01 1.770601007968619856e+00
4.978000000000000000e+03 3.499247262654198920e+01 1.945974196889781904e+00
4.979000000000000000e+03 3.406473960626992437e+01 2.090471269353441741e+00
4.980000000000000000e+03 3.567218829649488754e+01 2.482278469704762625e+00
4.981000000000000000e+03 3.389313674900436268e+01 2.215096805138649039e+00
4.982000000000000000e+03 3.428559885316571609e+01 1.952691254925583708e+00
4.983000000000000000e+03 3.439593202083403867e+01 1.762618455888230518e+00
4.984000000000000000e+03 3.351839535235342993e+01 1.666520250839380157e+00
4.985000000000000000e+03 3.277934395395909206e+01 1.680151760139357409e+00
4.986000000000000000e+03 3.365171740746071549e+01 1.811537919339666347e+00
4.987000000000000000e+03 3.536989884440279752e+01 2.106938590353245822e+00
4.988000000000000000e+03 3.214563930760038346e+01 2.271310070298464989e+00
4.989000000000000000e+03 3.189574441169170527e+01 2.007233536913383798e+00
4.990000000000000000e+03 3.371758439752813530e+01 1.900701111144792010e+00
4.991000000000000000e+03 3.546993027369417462e+01 1.811667338362261015e+00
4.992000000000000000e+03 3.557708517631807155e+01 1.744272482202919416e+00
4.993000000000000000e+03 3.509955683248145419e+01 1.767394564799404488e+00
4.994000000000000000e+03 3.542524183054857900e+01 1.923050323167009967e+00
4.995000000000000000e+03 3.554372255104282630e+01 2.195589492993649472e+00
4.996000000000000000e+03 3.320377775911761375e+01 2.264703801585401521e+00
4.997000000000000000e+03 3.583041013578489498e+01 2.196194854730713075e+00
4.998000000000000000e+03 3.641900450241793408e+01 2.019316361402275550e+00
4.999000000000000000e+03 3.605563732825093126e+01 1.852892734507401107e+00
5.000000000000000000e+03 3.632405632012968510e+01 1.838421243522727400e+00
5.001000000000000000e+03 3.666561082490009227e+01 1.966023455391129771e+00
5.002000000000000000e+03 3.669317637394057385e+01 2.135661206065410767e+00
5.003000000000000000e+03 3.998339159456404701e+01 2.545696951648340978e+00
5.004000000000000000e+03 3.998883866870463777e+01 2.503621152323929788e+00
5.005000000000000000e+03 4.262489161216645783e+01 2.382126727925034437e+00
5.006000000000000000e+03 4.899122736218016883e+01 2.529535496076836587e+00
5.007000000000000000e+03 5.804738929180967943e+01 2.811087138716257261e+00
5.008000000000000000e+03 6.759762968513499004e+01 3.255061501742128716e+00
5.009000000000000000e+03 7.112137325937152355e+01 3.827785906742437572e+00
5.010000000000000000e+03 6.207099150848267044e+01 3.737837067909145716e+00
5.011000000000000000e+03 5.261518041053633254e+01 3.456221463312532549e+00
5.012000000000000000e+03 4.242725476638949544e+01 2.430552817982299274e+00
5.013000000000000000e+03 3.714099903651487722e+01 1.961331452939591546e+00
5.014000000000000000e+03 3.531746146822258225e+01 1.746779349483974730e+00
5.015000000000000000e+03 3.521643311409268051e+01 1.711128332931130647e+00
5.016000000000000000e+03 3.415993775779367070e+01 1.795683141802044691e+00
5.017000000000000000e+03 3.140476905929891416e+01 1.862995265618352825e+00
5.018000000000000000e+03 3.141322088019698455e+01 2.077165092767955024e+00
5.019000000000000000e+03 3.419095477741684164e+01 2.159852216610966380e+00
5.020000000000000000e+03 3.489232604309979280e+01 1.961848798250984904e+00
5.021000000000000000e+03 3.448491536681294178e+01 1.787861024869612958e+00
5.022000000000000000e+03 3.506969854491241279e+01 1.749733080186823164e+00
5.023000000000000000e+03 3.600562568722547496e+01 1.831017870820033089e+00
5.024000000000000000e+03 3.562140311858760811e+01 1.993468134932329994e+00
5.025000000000000000e+03 3.358977146755026411e+01 2.130617357539545065e+00
5.026000000000000000e+03 3.181679490227464058e+01 2.201614784695746341e+00
5.027000000000000000e+03 3.362964441264803384e+01 2.018995035548359240e+00
5.028000000000000000e+03 3.327018852899731627e+01 1.767280025013391320e+00
5.029000000000000000e+03 3.360875834556711084e+01 1.667580800203485758e+00
5.030000000000000000e+03 3.322308400673202300e+01 1.662948037668598777e+00
5.031000000000000000e+03 3.165240897541796627e+01 1.741697843076880137e+00
5.032000000000000000e+03 3.113691937357803141e+01 1.934697023260750326e+00
5.033000000000000000e+03 3.367074699689221262e+01 2.414147736953602408e+00
5.034000000000000000e+03 3.604562795934528907e+01 2.331292913391134203e+00
5.035000000000000000e+03 3.595548572804634091e+01 2.025298125307352759e+00
5.036000000000000000e+03 3.554759314206150833e+01 1.802339544863044818e+00
5.037000000000000000e+03 3.481011645541731525e+01 1.717047867548842977e+00
5.038000000000000000e+03 3.378746916440987036e+01 1.768831972661867091e+00
5.039000000000000000e+03 3.321938631519550000e+01 1.955578632580572629e+00
5.040000000000000000e+03 3.407706129663868921e+01 2.274857601215438230e+00
5.041000000000000000e+03 3.454788362377568234e+01 2.142305078621249859e+00
5.042000000000000000e+03 3.289515889827467277e+01 1.802113883245642256e+00
5.043000000000000000e+03 3.384824715250416460e+01 1.670772865063586021e+00
5.044000000000000000e+03 3.399525168564378674e+01 1.609092830697301801e+00
5.045000000000000000e+03 3.344490530925184402e+01 1.661265479024888414e+00
5.046000000000000000e+03 3.417929998829747973e+01 1.852172318761994285e+00
5.047000000000000000e+03 3.579969362436199276e+01 2.186073280900634241e+00
5.048000000000000000e+03 3.336000546339025163e+01 2.159233814784489169e+00
5.049000000000000000e+03 3.359952359466716842e+01 1.975827521090721239e+00
5.050000000000000000e+03 3.494252064500464883e+01 1.876289436765151475e+00
5.051000000000000000e+03 3.439971275419748054e+01 1.772243174654399622e+00
5.052000000000000000e+03 3.333767783719288502e+01 1.769817002794621841e+00
5.053000000000000000e+03 3.373243632968961236e+01 1.893318092640930317e+00
5.054000000000000000e+03 3.484281533894075267e+01 2.196963593521678249e+00
5.055000000000000000e+03 3.415788513964099593e+01 2.340949149622697956e+00
5.056000000000000000e+03 3.355668764906105395e+01 2.035060530940578705e+00
5.057000000000000000e+03 3.393955689240763007e+01 1.816221554097229518e+00
5.058000000000000000e+03 3.512144946251119393e+01 1.722444472237332214e+00
5.059000000000000000e+03 3.609414198700740428e+01 1.766104502754786365e+00
5.060000000000000000e+03 3.634079185853941851e+01 1.937607849693102846e+00
5.061000000000000000e+03 3.616354108531803035e+01 2.194855013663690624e+00
5.062000000000000000e+03 3.484289464764547262e+01 2.346033754619665235e+00
5.063000000000000000e+03 3.647018565777455734e+01 2.096278412233918420e+00
5.064000000000000000e+03 3.624341888412246249e+01 1.871374818310684640e+00
5.065000000000000000e+03 3.487225901875692102e+01 1.758512741057280948e+00
5.066000000000000000e+03 3.444281133506010661e+01 1.793035417763877648e+00
5.067000000000000000e+03 3.467220604127675188e+01 1.967994087815573501e+00
5.068000000000000000e+03 3.322269816608843485e+01 2.151774958311380104e+00
5.069000000000000000e+03 3.338054758783568587e+01 2.298072787471507450e+00
5.070000000000000000e+03 3.201502203329823715e+01 1.890452173292471949e+00
5.071000000000000000e+03 3.247501137608673361e+01 1.736551384382019503e+00
5.072000000000000000e+03 3.376255898291096713e+01 1.699944207986566092e+00
5.073000000000000000e+03 3.375345665573076559e+01 1.743891346736364811e+00
5.074000000000000000e+03 3.272919392511123959e+01 1.842968781167796610e+00
5.075000000000000000e+03 3.329599622274631798e+01 2.096672375533309651e+00
5.076000000000000000e+03 3.314848652969389775e+01 2.311656078050704277e+00
5.077000000000000000e+03 3.542105828435111903e+01 2.149169960271506863e+00
5.078000000000000000e+03 3.801637392147229377e+01 2.042566299813079578e+00
5.079000000000000000e+03 3.634678726940974514e+01 1.840142953495950584e+00
5.080000000000000000e+03 3.223380364691220024e+01 1.724281095590837198e+00
5.081000000000000000e+03 3.008963006336487922e+01 1.713022026304463541e+00
5.082000000000000000e+03 3.208697140589356422e+01 2.035951706452557630e+00
5.083000000000000000e+03 3.185130014295379297e+01 2.112380730861067146e+00
5.084000000000000000e+03 3.262902715338047699e+01 1.900184780770617810e+00
5.085000000000000000e+03 3.281436981952771248e+01 1.723355649944638968e+00
5.086000000000000000e+03 3.284124477185271473e+01 1.637732080734441320e+00
5.087000000000000000e+03 3.342933984622328580e+01 1.694925234054216912e+00
5.088000000000000000e+03 3.421757099675197367e+01 1.908085707680172716e+00
5.089000000000000000e+03 3.363891664638487811e+01 2.157193346137278311e+00
5.090000000000000000e+03 3.429832683287911976e+01 2.223729724363491922e+00
5.091000000000000000e+03 3.414622078191321464e+01 2.125381469303300630e+00
5.092000000000000000e+03 3.442650635884740495e+01 1.926550433484259583e+00
5.093000000000000000e+03 3.264244486781724675e+01 1.776166488993886849e+00
5.094000000000000000e+03 3.154534789329769850e+01 1.766501892978668442e+00
5.095000000000000000e+03 3.348328679200768221e+01 1.992729861158673899e+00
5.096000000000000000e+03 3.332624537318709201e+01 2.304693073347599874e+00
5.097000000000000000e+03 3.062250081053479178e+01 1.996431411925113197e+00
5.098000000000000000e+03 3.440865665845572607e+01 1.899568347527663237e+00
5.099000000000000000e+03 3.349689941613591770e+01 1.667410375902934616e+00
5.100000000000000000e+03 3.228553864034784482e+01 1.600376457550759302e+00
5.101000000000000000e+03 3.370593423074387118e+01 1.901510953877974641e+00
5.102000000000000000e+03 3.563406519817433349e+01 3.070422115360591953e+00
5.103000000000000000e+03 3.315747948339144813e+01 3.296503003378914443e+00
5.104000000000000000e+03 3.194318715704086031e+01 2.840236510483694410e+00
5.105000000000000000e+03 3.361561495288648871e+01 1.961199253413784538e+00
5.106000000000000000e+03 3.429902736463284896e+01 1.762271751648801787e+00
5.107000000000000000e+03 3.318341351531127970e+01 1.776631539458018771e+00
5.108000000000000000e+03 3.206462849326066333e+01 1.879063221901532410e+00
5.109000000000000000e+03 3.291359371250837995e+01 2.159508847911885798e+00
5.110000000000000000e+03 3.090917699001914798e+01 2.212404614932408808e+00
5.111000000000000000e+03 3.130210140939071550e+01 1.904959422916095324e+00
5.112000000000000000e+03 3.166596107704637575e+01 1.712006411701674446e+00
5.113000000000000000e+03 3.107649274036733900e+01 1.591010709571623272e+00
5.114000000000000000e+03 3.192662906473603002e+01 1.625688807845466100e+00
5.115000000000000000e+03 3.440559796889623101e+01 1.873763195423658212e+00
5.116000000000000000e+03 3.333101892342705952e+01 2.169990119598174783e+00
5.117000000000000000e+03 3.494483269190887142e+01 2.209398138326904792e+00
5.118000000000000000e+03 3.418044432192534998e+01 1.910053413604125172e+00
5.119000000000000000e+03 3.332175720392866936e+01 1.692507651472475727e+00
5.120000000000000000e+03 3.314454502488484167e+01 1.647545066173514261e+00
5.121000000000000000e+03 3.274026656981131111e+01 1.767802710730276727e+00
5.122000000000000000e+03 3.146537106512890247e+01 1.998331515613940956e+00
5.123000000000000000e+03 3.279663659969998690e+01 2.381088375838967153e+00
5.124000000000000000e+03 3.363723507992932582e+01 2.118783512778587674e+00
5.125000000000000000e+03 3.222968389428442038e+01 1.804507979143505247e+00
5.126000000000000000e+03 3.090643880119603537e+01 1.634768034690805560e+00
5.127000000000000000e+03 3.224577971598129267e+01 1.662506403892915818e+00
5.128000000000000000e+03 3.460452998826367832e+01 1.896715005006625265e+00
5.129000000000000000e+03 3.222615589329738839e+01 2.117285905070512619e+00
5.130000000000000000e+03 3.051332609271569041e+01 2.095400979461190083e+00
5.131000000000000000e+03 3.298756801699822461e+01 1.919874329876106955e+00
5.132000000000000000e+03 3.318174995848349340e+01 1.679613529210441047e+00
5.133000000000000000e+03 3.085977737052170511e+01 1.558324156741043742e+00
5.134000000000000000e+03 3.065289339080299413e+01 1.607391208449919118e+00
5.135000000000000000e+03 3.513416112494301302e+01 1.996038601595836459e+00
5.136000000000000000e+03 3.043393856528701136e+01 2.132789010627128334e+00
5.137000000000000000e+03 3.103195372495454762e+01 1.836532138189163943e+00
5.138000000000000000e+03 3.239175150022526140e+01 1.668758246484225882e+00
5.139000000000000000e+03 3.281952301899985969e+01 1.573940455591489318e+00
5.140000000000000000e+03 3.108197151215308196e+01 1.608496537453723674e+00
5.141000000000000000e+03 3.025196695888859466e+01 1.790577912563211749e+00
5.142000000000000000e+03 3.465650253231089550e+01 2.319636019566679419e+00
5.143000000000000000e+03 3.153580094161988256e+01 2.061966398412430568e+00
5.144000000000000000e+03 3.002085362598023366e+01 1.658252223643635892e+00
5.145000000000000000e+03 3.052858224194726944e+01 1.510044324495882107e+00
5.146000000000000000e+03 3.120838605198936833e+01 1.517706287646072294e+00
5.147000000000000000e+03 3.196160414280663886e+01 1.689500277415747931e+00
5.148000000000000000e+03 3.329952802506610254e+01 2.049882333583338045e+00
5.149000000000000000e+03 3.197861939899795658e+01 2.257981710223546212e+00
5.150000000000000000e+03 3.314794678225358382e+01 1.995196199749010191e+00
5.151000000000000000e+03 3.185030659241601825e+01 1.678118298551804388e+00
5.152000000000000000e+03 3.107210002401801319e+01 1.540851797259252809e+00
5.153000000000000000e+03 2.988780097419030923e+01 1.546236009096272568e+00
5.154000000000000000e+03 2.842090317231328456e+01 1.624805117735174997e+00
5.155000000000000000e+03 3.147506986846669363e+01 2.081389328017507534e+00
5.156000000000000000e+03 3.112060091253178840e+01 1.878708747917384514e+00
5.157000000000000000e+03 3.251195667623982644e+01 1.688880031230508338e+00
5.158000000000000000e+03 3.234944256343877100e+01 1.557553621540529454e+00
5.159000000000000000e+03 3.289900521848393566e+01 1.587870308921803364e+00
5.160000000000000000e+03 3.469944474222433684e+01 1.799152747292676491e+00
5.161000000000000000e+03 3.521516710199388456e+01 2.123260572087020570e+00
5.162000000000000000e+03 3.516987655201454999e+01 2.180465779379853863e+00
5.163000000000000000e+03 3.288277447821670307e+01 1.809752426831398475e+00
5.164000000000000000e+03 3.218997710410470603e+01 1.610830320686475359e+00
5.165000000000000000e+03 3.210596500105001638e+01 1.559421653763096272e+00
5.166000000000000000e+03 3.186211057366067223e+01 1.655149362057037221e+00
5.167000000000000000e+03 3.144435138665750529e+01 1.892306167386132998e+00
5.168000000000000000e+03 3.113704008335461282e+01 2.114880135235229552e+00
5.169000000000000000e+03 3.033699266873330558e+01 1.760568424018646105e+00
5.170000000000000000e+03 3.002840922071150587e+01 1.545900717122702828e+00
5.171000000000000000e+03 2.997071647705213593e+01 1.471009872066337376e+00
5.172000000000000000e+03 2.996978749032885148e+01 1.539735368016664330e+00
5.173000000000000000e+03 2.975110477962403976e+01 1.714771129578125608e+00
5.174000000000000000e+03 2.883891983955768268e+01 1.927563848417104930e+00
5.175000000000000000e+03 3.002787969931257095e+01 1.742020122304337226e+00
5.176000000000000000e+03 3.064786237531888347e+01 1.586087801048293278e+00
5.177000000000000000e+03 3.100779113978721924e+01 1.527549407762875733e+00
5.178000000000000000e+03 3.109838832877652592e+01 1.594951884882044535e+00
5.179000000000000000e+03 3.136965099435304083e+01 1.768898899649327561e+00
5.180000000000000000e+03 3.283650446932333722e+01 2.107714310374515509e+00
5.181000000000000000e+03 3.304410095319139629e+01 1.958166221614420666e+00
5.182000000000000000e+03 3.174775168933325276e+01 1.662990433472355756e+00
5.183000000000000000e+03 3.027320580451728560e+01 1.520750524620577915e+00
5.184000000000000000e+03 2.847237767130623354e+01 1.516678053386203207e+00
5.185000000000000000e+03 2.722302245108065222e+01 1.631422757629999998e+00
5.186000000000000000e+03 2.829016383982230565e+01 1.911608849263413124e+00
5.187000000000000000e+03 2.863832328744497246e+01 1.818883834153592005e+00
5.188000000000000000e+03 2.821893407262971465e+01 1.565782152228192947e+00
5.189000000000000000e+03 3.031792221032843315e+01 1.520357414449494238e+00
5.190000000000000000e+03 3.223337914553643913e+01 1.610015398872917780e+00
5.191000000000000000e+03 3.200476774573326111e+01 1.848969621918312711e+00
5.192000000000000000e+03 3.026556342013702761e+01 2.068364520953446917e+00
5.193000000000000000e+03 3.170220215710983069e+01 2.115232086859681893e+00
5.194000000000000000e+03 3.089564327748213657e+01 1.742940177865159868e+00
5.195000000000000000e+03 3.140532310199504451e+01 1.608922535896551320e+00
5.196000000000000000e+03 3.167056602551267019e+01 1.599075508427272529e+00
5.197000000000000000e+03 3.144429307923437378e+01 1.737784833014503594e+00
5.198000000000000000e+03 3.200321704197922656e+01 2.082536616501466931e+00
5.199000000000000000e+03 3.445858432137757177e+01 2.347685026218636839e+00
5.200000000000000000e+03 3.745028702171481427e+01 2.067216773774155580e+00
5.201000000000000000e+03 3.634140738745368537e+01 1.747227595956387214e+00
5.202000000000000000e+03 3.577340772302783023e+01 1.689349345865084784e+00
5.203000000000000000e+03 3.525159440095899299e+01 1.853161660415296508e+00
5.204000000000000000e+03 3.207113062341197463e+01 2.086589842593353339e+00
5.205000000000000000e+03 3.139888267573972058e+01 2.290226621386397987e+00
5.206000000000000000e+03 2.963464853458524928e+01 1.818727005374481287e+00
5.207000000000000000e+03 2.894019134400379656e+01 1.550910726086868197e+00
5.208000000000000000e+03 2.996938468153215140e+01 1.517393473496377654e+00
5.209000000000000000e+03 3.082487899678024945e+01 1.688142100736645723e+00
5.210000000000000000e+03 2.974618228125232378e+01 2.023969838567411639e+00
5.211000000000000000e+03 3.086630328767411413e+01 3.051488408714444933e+00
5.212000000000000000e+03 3.138132280772510185e+01 2.656482660499546622e+00
5.213000000000000000e+03 3.151348134099587384e+01 2.450521185833418603e+00
5.214000000000000000e+03 3.175357350757894892e+01 2.391926167187933494e+00
5.215000000000000000e+03 3.173610401097791112e+01 2.448153358848518479e+00
5.216000000000000000e+03 3.143791999123569170e+01 1.965315093699758986e+00
5.217000000000000000e+03 3.415205308876243606e+01 2.244494359613400380e+00
5.218000000000000000e+03 3.243888142472737712e+01 1.851108924561329694e+00
5.219000000000000000e+03 3.203002669369427480e+01 1.666189053210349602e+00
5.220000000000000000e+03 3.270202289215207969e+01 1.638858427704499743e+00
5.221000000000000000e+03 3.233915973228167928e+01 1.766689056972022831e+00
5.222000000000000000e+03 3.009486107510081609e+01 1.906066818884775360e+00
5.223000000000000000e+03 3.376063994356315590e+01 2.197565187244597595e+00
5.224000000000000000e+03 3.523839731206258108e+01 1.962983511982292262e+00
5.225000000000000000e+03 3.408008650036082798e+01 1.722212683168870662e+00
5.226000000000000000e+03 3.146130976131611590e+01 1.693000073633450731e+00
5.227000000000000000e+03 2.885733663437813945e+01 1.932795041856337548e+00
5.228000000000000000e+03 2.824701861700548378e+01 2.668162091902879229e+00
5.229000000000000000e+03 3.417076906812818748e+01 3.417477684842542107e+00
5.230000000000000000e+03 3.372531543125386122e+01 2.506279796955602990e+00
5.231000000000000000e+03 3.393894474817317075e+01 2.029144653443712532e+00
5.232000000000000000e+03 3.382293985692130889e+01 1.865856347903961154e+00
5.233000000000000000e+03 3.315300927317829149e+01 1.924118613683594825e+00
5.234000000000000000e+03 3.290207946158245988e+01 2.170457051561903494e+00
5.235000000000000000e+03 3.236041668452877218e+01 2.280004500725310468e+00
5.236000000000000000e+03 3.243431692399812505e+01 1.927943595281051747e+00
5.237000000000000000e+03 3.390563651839795511e+01 1.741500457444783656e+00
5.238000000000000000e+03 3.446267248313372988e+01 1.717811831775612808e+00
5.239000000000000000e+03 3.347268620322601862e+01 1.823610738829402056e+00
5.240000000000000000e+03 3.244758800511900887e+01 2.061178266505949708e+00
5.241000000000000000e+03 3.004025685830637471e+01 1.857208477742335662e+00
5.242000000000000000e+03 3.068809743050373129e+01 1.642629397452303852e+00
5.243000000000000000e+03 3.158250451578018314e+01 1.562533015028470196e+00
5.244000000000000000e+03 3.244701742399853117e+01 1.651336452122260878e+00
5.245000000000000000e+03 3.340094233634830800e+01 1.917268006562101945e+00
5.246000000000000000e+03 3.420150079867504189e+01 2.233291225416495607e+00
5.247000000000000000e+03 3.176603688791539071e+01 1.904525766725206903e+00
5.248000000000000000e+03 3.149192412755255432e+01 1.650050096184865644e+00
5.249000000000000000e+03 3.156718644784069383e+01 1.573816644709999935e+00
5.250000000000000000e+03 3.166282852101075918e+01 1.676027134546562491e+00
5.251000000000000000e+03 3.207779712445807974e+01 1.924468900586546738e+00
5.252000000000000000e+03 3.332890028700683871e+01 2.336922297638349466e+00
5.253000000000000000e+03 3.214727770455826317e+01 1.921218685430674755e+00
5.254000000000000000e+03 3.239290648160442032e+01 1.681123106706936987e+00
5.255000000000000000e+03 3.323325510110689862e+01 1.603720177991274642e+00
5.256000000000000000e+03 3.329753143058776033e+01 1.702210831782656530e+00
5.257000000000000000e+03 3.209412729918282992e+01 1.915052760024503753e+00
5.258000000000000000e+03 3.269468902585868619e+01 2.122412386188509803e+00
5.259000000000000000e+03 3.186488313627876678e+01 1.763983557975069116e+00
5.260000000000000000e+03 3.249649967632051073e+01 1.576326732202340208e+00
5.261000000000000000e+03 3.261609702308972913e+01 1.550308823147514170e+00
5.262000000000000000e+03 3.273686948630891180e+01 1.713525954801627282e+00
5.263000000000000000e+03 3.441728036852794759e+01 2.207851746842699914e+00
5.264000000000000000e+03 3.099946635956723995e+01 2.068217528677326111e+00
5.265000000000000000e+03 3.043909417552357510e+01 1.693750944838622319e+00
5.266000000000000000e+03 3.090600511026882202e+01 1.521042180111277009e+00
5.267000000000000000e+03 3.173825875728735113e+01 1.561698819015177708e+00
5.268000000000000000e+03 3.246605139075028745e+01 1.820852687353287314e+00
5.269000000000000000e+03 3.266592440507222506e+01 2.174028193630604289e+00
5.270000000000000000e+03 3.109081412797198851e+01 1.840941831227977943e+00
5.271000000000000000e+03 3.151634791937636848e+01 1.617721748063341014e+00
5.272000000000000000e+03 3.235854370813431302e+01 1.534589441979218538e+00
5.273000000000000000e+03 3.302262585464730194e+01 1.640561457829737835e+00
5.274000000000000000e+03 3.294722779037007143e+01 1.944170449298382897e+00
5.275000000000000000e+03 3.073641015156893630e+01 2.197375689202919702e+00
5.276000000000000000e+03 3.153188565007175370e+01 1.888208098432167636e+00
5.277000000000000000e+03 3.258623847432512832e+01 1.678144521384600685e+00
5.278000000000000000e+03 3.343212201320171317e+01 1.649628880816976118e+00
5.279000000000000000e+03 3.401320854980592401e+01 1.823568970269106693e+00
5.280000000000000000e+03 3.445548894565396836e+01 2.185030461973735960e+00
5.281000000000000000e+03 3.445487337676850359e+01 2.141952815748700001e+00
5.282000000000000000e+03 3.205167299360813615e+01 1.721345970992922636e+00
5.283000000000000000e+03 3.042197304116333711e+01 1.531367524847019324e+00
5.284000000000000000e+03 3.107258926752286143e+01 1.574725210279415366e+00
5.285000000000000000e+03 3.303905967083800732e+01 1.859865276554698799e+00
5.286000000000000000e+03 3.264348442882418766e+01 2.210697658947736954e+00
5.287000000000000000e+03 3.353615163765758211e+01 1.952403192316825242e+00
5.288000000000000000e+03 3.613283043383692927e+01 1.822722744322257560e+00
5.289000000000000000e+03 3.635520140215940188e+01 1.740429714255417037e+00
5.290000000000000000e+03 3.536361582843277773e+01 1.831812996100547375e+00
5.291000000000000000e+03 3.558763079231061965e+01 2.094491357912082297e+00
5.292000000000000000e+03 3.594417443910947441e+01 2.284752331800333547e+00
5.293000000000000000e+03 3.668868889685581536e+01 2.049964154869914346e+00
5.294000000000000000e+03 3.328310686058415513e+01 1.704008165568289046e+00
5.295000000000000000e+03 3.112489124827723330e+01 1.619806869869595545e+00
5.296000000000000000e+03 3.189323715430845851e+01 1.781887670368942800e+00
5.297000000000000000e+03 3.254873228326350443e+01 2.105736603664269957e+00
5.298000000000000000e+03 3.093125630810647664e+01 1.873741998441884160e+00
5.299000000000000000e+03 3.168904627798844231e+01 1.704291204218384426e+00
5.300000000000000000e+03 3.199591411597068813e+01 1.598207280971228661e+00
5.301000000000000000e+03 3.131505908945593220e+01 1.665428980297357864e+00
5.302000000000000000e+03 3.028358967717978700e+01 1.877177653289463954e+00
5.303000000000000000e+03 3.064995681514159642e+01 2.145035130125259926e+00
5.304000000000000000e+03 3.164431635559416378e+01 1.925802672494004053e+00
5.305000000000000000e+03 3.202445114820065442e+01 1.731184160475059297e+00
5.306000000000000000e+03 3.353992161748409018e+01 1.737221795012689585e+00
5.307000000000000000e+03 3.532309334789955102e+01 1.960462153722592804e+00
5.308000000000000000e+03 3.471800429863436221e+01 2.275770310155169174e+00
5.309000000000000000e+03 3.469219770289954852e+01 2.153571277896319192e+00
5.310000000000000000e+03 3.473544025083533171e+01 1.871355588356655941e+00
5.311000000000000000e+03 3.374358862404916692e+01 1.688781941869246017e+00
5.312000000000000000e+03 3.329295529506704554e+01 1.722625591838434556e+00
5.313000000000000000e+03 3.408546735155672991e+01 1.996391316196794330e+00
5.314000000000000000e+03 3.273028325571297614e+01 2.168069502248951341e+00
5.315000000000000000e+03 3.493766085117960074e+01 1.917827913221551439e+00
5.316000000000000000e+03 3.414090810819450894e+01 1.677835218574273535e+00
5.317000000000000000e+03 3.346817850328967126e+01 1.658527173032711133e+00
5.318000000000000000e+03 3.268815724140426937e+01 1.849422360909970475e+00
5.319000000000000000e+03 2.910178332783561217e+01 2.034460045654527427e+00
5.320000000000000000e+03 3.379798831555810779e+01 2.101675669137432312e+00
5.321000000000000000e+03 3.348596650930244323e+01 1.763592217738096490e+00
5.322000000000000000e+03 3.194837223425643913e+01 1.593786624252721884e+00
5.323000000000000000e+03 3.217621398352511619e+01 1.667293386461728089e+00
5.324000000000000000e+03 3.456721742160277699e+01 2.080744416181908640e+00
5.325000000000000000e+03 3.222487743066746191e+01 2.190040357556819473e+00
5.326000000000000000e+03 3.161079395176215812e+01 1.920166757011774195e+00
5.327000000000000000e+03 3.165121891900352225e+01 1.768278992716471043e+00
5.328000000000000000e+03 3.099283116269871385e+01 1.764674179413169952e+00
5.329000000000000000e+03 2.991832499248199895e+01 1.859547984323417058e+00
5.330000000000000000e+03 3.057064013707055139e+01 2.104454207781284669e+00
5.331000000000000000e+03 3.205187099355054414e+01 1.846601426164508064e+00
5.332000000000000000e+03 3.139127282648804140e+01 1.595933640548796717e+00
5.333000000000000000e+03 3.030318165052775470e+01 1.530118309026207823e+00
5.334000000000000000e+03 3.032541472315076803e+01 1.675438082006368345e+00
5.335000000000000000e+03 3.224535350175131043e+01 2.027572454921950040e+00
5.336000000000000000e+03 3.365886606072622556e+01 2.144074581728558471e+00
5.337000000000000000e+03 3.027995889302559362e+01 3.030466934522940026e+00
5.338000000000000000e+03 2.268032235291353160e+01 1.029600382163768657e+01
5.339000000000000000e+03 1.991725052415021224e+01 2.676169824710686385e+01
5.340000000000000000e+03 2.733796388597859917e+01 5.735922682419019480e+01
5.341000000000000000e+03 3.955067502291479542e+01 2.667467582272610471e+01
5.342000000000000000e+03 3.409485927916632164e+01 1.155116852672545669e+01
5.343000000000000000e+03 3.082592793724865743e+01 5.813371951272630511e+00
5.344000000000000000e+03 3.101061667233197738e+01 3.041206621762857498e+00
5.345000000000000000e+03 3.261495574443952705e+01 2.303500425473661295e+00
5.346000000000000000e+03 3.180149972096392474e+01 2.068897011031742839e+00
5.347000000000000000e+03 3.312546663692371851e+01 1.917603863378169349e+00
5.348000000000000000e+03 3.200987674823355889e+01 1.573715205088215052e+00
5.349000000000000000e+03 3.087710082791257804e+01 1.463106113978855038e+00
5.350000000000000000e+03 3.068907639225056627e+01 1.577217023018022468e+00
5.351000000000000000e+03 3.160447653055096495e+01 1.929672477367525785e+00
5.352000000000000000e+03 3.306176306743360982e+01 2.034575928635208086e+00
5.353000000000000000e+03 3.191090084714383934e+01 1.678693589020678889e+00
5.354000000000000000e+03 3.214796041896379108e+01 1.558020409097139236e+00
5.355000000000000000e+03 3.273143585039816372e+01 1.663659506573731628e+00
5.356000000000000000e+03 3.271724659440727834e+01 1.993162663537346946e+00
5.357000000000000000e+03 3.332561059214035737e+01 2.254832134004087774e+00
5.358000000000000000e+03 3.319178095280462770e+01 1.871331371844743074e+00
5.359000000000000000e+03 3.336200943084066495e+01 1.652667422784977802e+00
5.360000000000000000e+03 3.287053361497287796e+01 1.637634725788569501e+00
5.361000000000000000e+03 3.170531383728811647e+01 1.796514873779216925e+00
5.362000000000000000e+03 3.095982456476275146e+01 2.056918054968832177e+00
5.363000000000000000e+03 2.982846154179350151e+01 1.757464802619271405e+00
5.364000000000000000e+03 3.148532575425356228e+01 1.601505841042897282e+00
5.365000000000000000e+03 3.188900675649080796e+01 1.563579609013278970e+00
5.366000000000000000e+03 3.134138799712986767e+01 1.712329362302074554e+00
5.367000000000000000e+03 3.215022815658731048e+01 2.108138795676646637e+00
5.368000000000000000e+03 3.163669548022911471e+01 1.928034616209367114e+00
5.369000000000000000e+03 3.115446884505733749e+01 1.617369533528787651e+00
5.370000000000000000e+03 3.057710417531642122e+01 1.510209189419866371e+00
5.371000000000000000e+03 3.078873545699136471e+01 1.637927349184378656e+00
5.372000000000000000e+03 3.181268154496417466e+01 2.022731594034703928e+00
5.373000000000000000e+03 2.881778252890695313e+01 1.938272541116011771e+00
5.374000000000000000e+03 3.063529388796713349e+01 1.718685543304480978e+00
5.375000000000000000e+03 3.154813628058768771e+01 1.564134778903564893e+00
5.376000000000000000e+03 3.125247438895791419e+01 1.606275304707614593e+00
5.377000000000000000e+03 3.070783315001859393e+01 1.802472471103050422e+00
5.378000000000000000e+03 3.181850055449572778e+01 2.065792623379069326e+00
5.379000000000000000e+03 3.380559221813528836e+01 1.812016681944622842e+00
5.380000000000000000e+03 3.438578438622423050e+01 1.652200777066365145e+00
5.381000000000000000e+03 3.345170571652104030e+01 1.691444977414896522e+00
5.382000000000000000e+03 3.184820082709634192e+01 1.925488653852323262e+00
5.383000000000000000e+03 3.144903328912497997e+01 2.309226171385184045e+00
5.384000000000000000e+03 3.115740858114762091e+01 1.883635478566956012e+00
5.385000000000000000e+03 3.038207260417600608e+01 1.570669198531615907e+00
5.386000000000000000e+03 2.919037673743071082e+01 1.495059012980980651e+00
5.387000000000000000e+03 2.875427409612907681e+01 1.623619137545184055e+00
5.388000000000000000e+03 3.096421948077642838e+01 2.051816735624238053e+00
5.389000000000000000e+03 3.248905893899588193e+01 1.893580629436795171e+00
5.390000000000000000e+03 3.180426361047182127e+01 1.621752625772409528e+00
5.391000000000000000e+03 3.263487845473798643e+01 1.613484637490658624e+00
5.392000000000000000e+03 3.322118381574743751e+01 1.849679932447643393e+00
5.393000000000000000e+03 2.986533514678899692e+01 1.982378081167499584e+00
5.394000000000000000e+03 3.304740800636542986e+01 1.949096702200763032e+00
5.395000000000000000e+03 3.098687609857899616e+01 1.545622173331775429e+00
5.396000000000000000e+03 3.147506481072085549e+01 1.526159199668597033e+00
5.397000000000000000e+03 3.227959500859329722e+01 1.768702832924367918e+00
5.398000000000000000e+03 2.925767709035974562e+01 1.950028726957480973e+00
5.399000000000000000e+03 3.228366969220073912e+01 1.984934947146549167e+00
5.400000000000000000e+03 3.067056725259379846e+01 1.598598668204911366e+00
5.401000000000000000e+03 3.038428227137188387e+01 1.524764743828264768e+00
5.402000000000000000e+03 3.131541828387674187e+01 1.726499247156429773e+00
5.403000000000000000e+03 3.203623443933237525e+01 2.241368675529321841e+00
5.404000000000000000e+03 3.290734625735904473e+01 2.307287609568954956e+00
5.405000000000000000e+03 3.149993237266813395e+01 1.769905349327126398e+00
5.406000000000000000e+03 3.018090524267513430e+01 1.537843578566633784e+00
5.407000000000000000e+03 2.903964264337308876e+01 1.568828895654164279e+00
5.408000000000000000e+03 2.825217622897650216e+01 1.852709402095555902e+00
5.409000000000000000e+03 3.006906051236973809e+01 2.110207597915664479e+00
5.410000000000000000e+03 3.035794531251459105e+01 1.743950749066990324e+00
5.411000000000000000e+03 2.950822236729228010e+01 1.519804453639093333e+00
5.412000000000000000e+03 2.952407483969917124e+01 1.556070678637846649e+00
5.413000000000000000e+03 3.110484092921822707e+01 1.903403777725682255e+00
5.414000000000000000e+03 3.046471751155823426e+01 2.181279270395676040e+00
5.415000000000000000e+03 3.082045100544630856e+01 1.781403104435484774e+00
5.416000000000000000e+03 3.153216415799871442e+01 1.569236329915072670e+00
5.417000000000000000e+03 3.147850753282865455e+01 1.600361142272850312e+00
5.418000000000000000e+03 3.063471230225987085e+01 1.828376097279513335e+00
5.419000000000000000e+03 3.189597401318249226e+01 2.105109060793054709e+00
5.420000000000000000e+03 3.108136339085602273e+01 1.731162355977373002e+00
5.421000000000000000e+03 3.076653057096428157e+01 1.556763485785508605e+00
5.422000000000000000e+03 3.107426811191253435e+01 1.637087768376069397e+00
5.423000000000000000e+03 3.161921247347500952e+01 1.987906358843920529e+00
5.424000000000000000e+03 3.139512737080186611e+01 2.245120355797808998e+00
5.425000000000000000e+03 3.306329674051927014e+01 1.869369589669700904e+00
5.426000000000000000e+03 3.193224436972809244e+01 1.617116968863935078e+00
5.427000000000000000e+03 3.086881105883953680e+01 1.635737913032901947e+00
5.428000000000000000e+03 3.216439684581551717e+01 1.930854067957680664e+00
5.429000000000000000e+03 3.562685147785638407e+01 2.328456310299160226e+00
5.430000000000000000e+03 3.221595904871856675e+01 2.003939243717698826e+00
5.431000000000000000e+03 3.247508516937912759e+01 1.775574221790798601e+00
5.432000000000000000e+03 3.381417947474193397e+01 1.821911278757603947e+00
5.433000000000000000e+03 3.347055833555801740e+01 2.120735718938558723e+00
5.434000000000000000e+03 3.044040880396119775e+01 2.172627964160817271e+00
5.435000000000000000e+03 3.172879831761133218e+01 1.800061741551295835e+00
5.436000000000000000e+03 3.127327440462550712e+01 1.581800716277329988e+00
5.437000000000000000e+03 3.068464059219468254e+01 1.638549439366537852e+00
5.438000000000000000e+03 3.119054446346444465e+01 1.995022584831240620e+00
5.439000000000000000e+03 3.161295713803473362e+01 2.325951144334923892e+00
5.440000000000000000e+03 3.176737258323349167e+01 2.000834980982682421e+00
5.441000000000000000e+03 3.247912811288784951e+01 1.869227365372545746e+00
5.442000000000000000e+03 3.342064701738524235e+01 2.013474482736038684e+00
5.443000000000000000e+03 3.375991149293186311e+01 2.426786057905829352e+00
5.444000000000000000e+03 3.143082090510220894e+01 2.543701495244929056e+00
5.445000000000000000e+03 3.226550754405143806e+01 2.115511709136574492e+00
5.446000000000000000e+03 3.073614034677786933e+01 1.868026840406629807e+00
5.447000000000000000e+03 2.996564519602885213e+01 1.955223390657148563e+00
5.448000000000000000e+03 3.205546124807091957e+01 2.457871865905609798e+00
5.449000000000000000e+03 3.253577477001653051e+01 2.488806275379825905e+00
5.450000000000000000e+03 3.094079137333549667e+01 1.902431216860325014e+00
5.451000000000000000e+03 3.002264159978061642e+01 1.680742243730023455e+00
5.452000000000000000e+03 2.960057051606844780e+01 1.761781481339654842e+00
5.453000000000000000e+03 2.948550975984739964e+01 2.111126607426339508e+00
5.454000000000000000e+03 3.156379872132273690e+01 2.301795989186742997e+00
5.455000000000000000e+03 3.200946702719105730e+01 1.946643417684558619e+00
5.456000000000000000e+03 3.109963724828879705e+01 1.771553609810912810e+00
5.457000000000000000e+03 3.055867381199043820e+01 1.867078178453954518e+00
5.458000000000000000e+03 3.167953277009642221e+01 2.199958863936391396e+00
5.459000000000000000e+03 3.130421555343534479e+01 2.008815586393454033e+00
5.460000000000000000e+03 3.209829793062387893e+01 1.857040443704925492e+00
5.461000000000000000e+03 3.170062344151651956e+01 1.836644049320258265e+00
5.462000000000000000e+03 3.144144283523855421e+01 2.080848435390501017e+00
5.463000000000000000e+03 3.310649816544832191e+01 2.445468487384781842e+00
5.464000000000000000e+03 3.168403933315936527e+01 1.967667714557118641e+00
5.465000000000000000e+03 3.030754160536011810e+01 1.630843853281784384e+00
5.466000000000000000e+03 3.051297995362699211e+01 1.588764602128308834e+00
5.467000000000000000e+03 3.120658966687119218e+01 1.823398749260443985e+00
5.468000000000000000e+03 3.037457436484696061e+01 2.124543374041220734e+00
5.469000000000000000e+03 3.327544609276398546e+01 1.960815519031410048e+00
5.470000000000000000e+03 3.284907465962693607e+01 1.697591638142134540e+00
5.471000000000000000e+03 3.245776890997365882e+01 1.700799045095972462e+00
5.472000000000000000e+03 3.235600749664687470e+01 1.993473087672104294e+00
5.473000000000000000e+03 3.065271769713042715e+01 2.345327249860840624e+00
5.474000000000000000e+03 2.944795697918230459e+01 1.952128773667764605e+00
5.475000000000000000e+03 3.016483251628215001e+01 1.727901178748796562e+00
5.476000000000000000e+03 3.153880602786707499e+01 1.751164416497075882e+00
5.477000000000000000e+03 3.234431346971001631e+01 2.010705084916579288e+00
5.478000000000000000e+03 3.117650442412335465e+01 2.186547031065998681e+00
5.479000000000000000e+03 2.825150937096093173e+01 1.671397519061115222e+00
5.480000000000000000e+03 2.856663855557924592e+01 1.505841725465904002e+00
5.481000000000000000e+03 2.973065332809345662e+01 1.591593018213244060e+00
5.482000000000000000e+03 2.972411237644373472e+01 1.902951914905504527e+00
5.483000000000000000e+03 2.762675898200684443e+01 1.988214598316521808e+00
5.484000000000000000e+03 2.899296484902558646e+01 1.724213993743918261e+00
5.485000000000000000e+03 3.044296894463927927e+01 1.607015460562402076e+00
5.486000000000000000e+03 3.117982513832797409e+01 1.737506480799576369e+00
5.487000000000000000e+03 3.087748104942605920e+01 2.055152624495204527e+00
5.488000000000000000e+03 2.972989240880169248e+01 2.002613929371397372e+00
5.489000000000000000e+03 3.175768497526461687e+01 1.745384414736125045e+00
5.490000000000000000e+03 3.164093767315126371e+01 1.611621585660041323e+00
5.491000000000000000e+03 3.067137339585621092e+01 1.721532886501321524e+00
5.492000000000000000e+03 3.154157709217972538e+01 2.147352620562369641e+00
5.493000000000000000e+03 3.196888771564676190e+01 2.150893227559267817e+00
5.494000000000000000e+03 3.177142768633231995e+01 1.852301728394309288e+00
5.495000000000000000e+03 3.107038563159159850e+01 1.771962117678186566e+00
5.496000000000000000e+03 3.031155272527475830e+01 1.926799494478899755e+00
5.497000000000000000e+03 3.018687906340108995e+01 2.220951157760350014e+00
5.498000000000000000e+03 2.929299503151551320e+01 1.783438918240386917e+00
5.499000000000000000e+03 3.078626846922083615e+01 1.618836793374137217e+00
5.500000000000000000e+03 3.228995008157947666e+01 1.681859923132536627e+00
5.501000000000000000e+03 3.195818426071725682e+01 1.977092819949125779e+00
5.502000000000000000e+03 2.815383568084909882e+01 2.018307342212013022e+00
5.503000000000000000e+03 2.846716487019058306e+01 1.627380147967687041e+00
5.504000000000000000e+03 2.894762224949323226e+01 1.486864601755680360e+00
5.505000000000000000e+03 2.879069356788689760e+01 1.605300272769094150e+00
5.506000000000000000e+03 2.811204481945588185e+01 1.970462971107358241e+00
5.507000000000000000e+03 2.952921839305987817e+01 2.163961775956571465e+00
5.508000000000000000e+03 3.044000558710741444e+01 1.848626762933256895e+00
5.509000000000000000e+03 3.100672755833304350e+01 1.707799792671032657e+00
5.510000000000000000e+03 3.133733701596020182e+01 1.844078425047361414e+00
5.511000000000000000e+03 3.148352279570326928e+01 2.266764281798399061e+00
5.512000000000000000e+03 3.070746502700406566e+01 2.005186768760890192e+00
5.513000000000000000e+03 3.083073031071419123e+01 1.693981829770978109e+00
5.514000000000000000e+03 3.053912672383260940e+01 1.650297169395427366e+00
5.515000000000000000e+03 2.978484809087471419e+01 1.878792167835123150e+00
5.516000000000000000e+03 2.933381855750953449e+01 2.361744326347051448e+00
5.517000000000000000e+03 2.867047322466080672e+01 1.867731434646594524e+00
5.518000000000000000e+03 2.919361221136703577e+01 1.617541936066200670e+00
5.519000000000000000e+03 2.988939489512286229e+01 1.661840036054291980e+00
5.520000000000000000e+03 3.043183846647397672e+01 1.992241028925976654e+00
5.521000000000000000e+03 3.189892922418019339e+01 2.242992865330272867e+00
5.522000000000000000e+03 3.022218076982487034e+01 1.926082843675094747e+00
5.523000000000000000e+03 3.117655698823342547e+01 1.857521362404973120e+00
5.524000000000000000e+03 3.211735672743304804e+01 2.088438194846459428e+00
5.525000000000000000e+03 3.025720708877638288e+01 2.447612972935477860e+00
5.526000000000000000e+03 3.011475180139277796e+01 2.272332001018960490e+00
5.527000000000000000e+03 3.162462386341219656e+01 1.975856527522234174e+00
5.528000000000000000e+03 3.047703546205730163e+01 1.883166056695256163e+00
5.529000000000000000e+03 2.831730957228558765e+01 2.050838752098920192e+00
5.530000000000000000e+03 3.005208037836993284e+01 2.579094595176934401e+00
5.531000000000000000e+03 2.993213930198919925e+01 2.044894902901783773e+00
5.532000000000000000e+03 2.954118607950869446e+01 1.732756188193348201e+00
5.533000000000000000e+03 2.963442725677668932e+01 1.749417246312441998e+00
5.534000000000000000e+03 3.023655595034532340e+01 2.061353828158774437e+00
5.535000000000000000e+03 2.994661864799514817e+01 2.103905219332332877e+00
5.536000000000000000e+03 3.169029194524749826e+01 1.905367416780987089e+00
5.537000000000000000e+03 3.152487173667348941e+01 1.870777768737557523e+00
5.538000000000000000e+03 3.060703893731772496e+01 2.145011072594753099e+00
5.539000000000000000e+03 3.060011842167008567e+01 2.631597729373900130e+00
5.540000000000000000e+03 3.073798622069670472e+01 2.283909254942178002e+00
5.541000000000000000e+03 3.169735056164164178e+01 1.945972948172597139e+00
5.542000000000000000e+03 3.102775566517327377e+01 1.903844661614608080e+00
5.543000000000000000e+03 2.960504658924127597e+01 2.173818320156617023e+00
5.544000000000000000e+03 3.076596447622337749e+01 2.610422169652017566e+00
5.545000000000000000e+03 3.023099195007426943e+01 2.073439084933029530e+00
5.546000000000000000e+03 2.960347665181982890e+01 1.723896974945017035e+00
5.547000000000000000e+03 2.963005023569701279e+01 1.741414360455181054e+00
5.548000000000000000e+03 3.037885670341153244e+01 2.158340927234477125e+00
5.549000000000000000e+03 2.996083529202537576e+01 2.115181844757688889e+00
5.550000000000000000e+03 2.903786481432360134e+01 1.750680066712457350e+00
5.551000000000000000e+03 3.058660131165290963e+01 1.736381386395878801e+00
5.552000000000000000e+03 3.269473903348621491e+01 2.078487309800514549e+00
5.553000000000000000e+03 3.215662473881180716e+01 2.653845874432566365e+00
5.554000000000000000e+03 3.192255801746719612e+01 2.214821275696736258e+00
5.555000000000000000e+03 3.103430267477199678e+01 1.850723501220048917e+00
5.556000000000000000e+03 3.077866199666140901e+01 1.840367573788588507e+00
5.557000000000000000e+03 3.141015637486321666e+01 2.143228224545524085e+00
5.558000000000000000e+03 3.185293821818487814e+01 2.385021946099535661e+00
5.559000000000000000e+03 3.069113740913282484e+01 1.930071829473642531e+00
5.560000000000000000e+03 3.073959174184355803e+01 1.771873055684467513e+00
5.561000000000000000e+03 3.110107225489070260e+01 1.941777269570190034e+00
5.562000000000000000e+03 3.059131921659956532e+01 2.347500826114841566e+00
5.563000000000000000e+03 2.960795870548060194e+01 2.113273666492243130e+00
5.564000000000000000e+03 3.041429713131817181e+01 1.892642583834480696e+00
5.565000000000000000e+03 3.034355082425972938e+01 1.883619974897285942e+00
5.566000000000000000e+03 2.975590515833013328e+01 2.124455730096959982e+00
5.567000000000000000e+03 3.163177530279261163e+01 2.497000471697335300e+00
5.568000000000000000e+03 3.115203124968731885e+01 2.004220429145083582e+00
5.569000000000000000e+03 2.959121477003333212e+01 1.748093618591655352e+00
5.570000000000000000e+03 2.833014827650949030e+01 1.828164863082475389e+00
5.571000000000000000e+03 2.842381775438083125e+01 2.205272756745510598e+00
5.572000000000000000e+03 2.958945562643771154e+01 2.221747873349672275e+00
5.573000000000000000e+03 3.066084696514771579e+01 1.982015571764055295e+00
5.574000000000000000e+03 3.117759156860623904e+01 1.952527191715696331e+00
5.575000000000000000e+03 3.129444882390257376e+01 2.217168890717103658e+00
5.576000000000000000e+03 3.158395910152137631e+01 2.564353453810939598e+00
5.577000000000000000e+03 3.265837406923872521e+01 2.181128270805618108e+00
5.578000000000000000e+03 3.242000375550552604e+01 1.952465795383186320e+00
5.579000000000000000e+03 3.111025479388291259e+01 2.046057165691951063e+00
5.580000000000000000e+03 2.967217041739744587e+01 2.278004809782550488e+00
5.581000000000000000e+03 3.242230674676449809e+01 2.309799793155779657e+00
5.582000000000000000e+03 2.797535426408540005e+01 1.787456124670076862e+00
5.583000000000000000e+03 2.814772641731305569e+01 1.764129458433964404e+00
5.584000000000000000e+03 3.129634942977230594e+01 2.171576421035219528e+00
5.585000000000000000e+03 2.869579696521914514e+01 2.444685488990165467e+00
5.586000000000000000e+03 3.038337338715791702e+01 1.987098682822906248e+00
5.587000000000000000e+03 3.088100293739624647e+01 1.798609781825425413e+00
5.588000000000000000e+03 3.063897218461549343e+01 1.940062798434210256e+00
5.589000000000000000e+03 3.026011544691879251e+01 2.356889593472496713e+00
5.590000000000000000e+03 3.062211494454383498e+01 2.247797083717053557e+00
5.591000000000000000e+03 2.985844094389706527e+01 1.810007874542326478e+00
5.592000000000000000e+03 2.943341341639614939e+01 1.763470515545461748e+00
5.593000000000000000e+03 2.979499692717435977e+01 2.097819517017930124e+00
5.594000000000000000e+03 3.103835894091845660e+01 2.617793069367454262e+00
5.595000000000000000e+03 3.075008294727137326e+01 2.103285093920032711e+00
5.596000000000000000e+03 3.132631754156049908e+01 1.903302969491001750e+00
5.597000000000000000e+03 3.086218679304007040e+01 2.052967948009088328e+00
5.598000000000000000e+03 2.852173919398647683e+01 2.421989761150899589e+00
5.599000000000000000e+03 3.007736515793695631e+01 2.357697263687540623e+00
5.600000000000000000e+03 3.226844823708400156e+01 2.011755295154322720e+00
5.601000000000000000e+03 3.206629110702156282e+01 1.957572775057257131e+00
5.602000000000000000e+03 3.028649969841617562e+01 2.200835196773574420e+00
5.603000000000000000e+03 3.094230183021912239e+01 2.532562309859408334e+00
5.604000000000000000e+03 3.159757105651678444e+01 2.063247180821267346e+00
5.605000000000000000e+03 3.166098479049185954e+01 1.798554125566532047e+00
5.606000000000000000e+03 3.199954408371100811e+01 1.889175754058443291e+00
5.607000000000000000e+03 3.326879656582609357e+01 2.359922544994230709e+00
5.608000000000000000e+03 3.310591516102336840e+01 2.068107858028214618e+00
5.609000000000000000e+03 3.100380261879721644e+01 1.759422992785341089e+00
5.610000000000000000e+03 2.996254441464696328e+01 1.776137615135578995e+00
5.611000000000000000e+03 3.035364541122264370e+01 2.114837416894468358e+00
5.612000000000000000e+03 2.970027280317337315e+01 2.278296631353437185e+00
5.613000000000000000e+03 3.084262684446201419e+01 1.861883237385908885e+00
5.614000000000000000e+03 3.201051003226510971e+01 1.756801908013198465e+00
5.615000000000000000e+03 3.148231224081593638e+01 1.998051249474860569e+00
5.616000000000000000e+03 2.764710649716453972e+01 2.402900223654833578e+00
5.617000000000000000e+03 2.729589498452266128e+01 2.022969777360005494e+00
5.618000000000000000e+03 2.821993660537260595e+01 1.765771924355910683e+00
5.619000000000000000e+03 2.997326379530286644e+01 1.850305964446120166e+00
5.620000000000000000e+03 3.189475627617451536e+01 2.271820005472212411e+00
5.621000000000000000e+03 3.211392764364227048e+01 2.222130703256955719e+00
5.622000000000000000e+03 3.135730405520294894e+01 1.771116826863916582e+00
5.623000000000000000e+03 3.076543656116151482e+01 1.655412996115402269e+00
5.624000000000000000e+03 3.067159596433186053e+01 1.850701186713008761e+00
5.625000000000000000e+03 3.123474658867601050e+01 2.258320667532109471e+00
5.626000000000000000e+03 3.195632735492593568e+01 1.847528669927412048e+00
5.627000000000000000e+03 3.119117814403621836e+01 1.635862224546217103e+00
5.628000000000000000e+03 3.101323501900580126e+01 1.749055694739166666e+00
5.629000000000000000e+03 3.279044415134660539e+01 2.146693398619625714e+00
5.630000000000000000e+03 3.198177456207458391e+01 1.856492507694031069e+00
5.631000000000000000e+03 3.014540171001131696e+01 1.539236374773052640e+00
5.632000000000000000e+03 2.908958054454132025e+01 1.532449549773321928e+00
5.633000000000000000e+03 2.973539639559503911e+01 1.811952164949983679e+00
5.634000000000000000e+03 3.288549214233059814e+01 2.036036671207841042e+00
5.635000000000000000e+03 3.235807545865581147e+01 1.680870789550199307e+00
5.636000000000000000e+03 3.175611603399177696e+01 1.753016923328436727e+00
5.637000000000000000e+03 3.100632243002325694e+01 2.336586834233786103e+00
5.638000000000000000e+03 2.933456271730030096e+01 4.113700633425276365e+00
5.639000000000000000e+03 2.690165972599733735e+01 4.784067171222695869e+00
5.640000000000000000e+03 2.773299511415778085e+01 3.859543201847321470e+00
5.641000000000000000e+03 2.884404061088064353e+01 3.509390316008531574e+00
5.642000000000000000e+03 2.839580581246079305e+01 2.697085253038887132e+00
5.643000000000000000e+03 2.858899586318263530e+01 2.495384512958978895e+00
5.644000000000000000e+03 2.769278813772756109e+01 2.930747382173772841e+00
5.645000000000000000e+03 2.624522057796331254e+01 3.225263370109719752e+00
5.646000000000000000e+03 2.516549006699174384e+01 3.922834832779046543e+00
5.647000000000000000e+03 2.659658946520568534e+01 3.279340512654917994e+00
5.648000000000000000e+03 2.979703315549307163e+01 2.112833939142199746e+00
5.649000000000000000e+03 3.101834139780010702e+01 1.788429497043847016e+00
5.650000000000000000e+03 3.037020941373558358e+01 1.883964939770415015e+00
5.651000000000000000e+03 2.869700953037464686e+01 1.868933215173806950e+00
5.652000000000000000e+03 2.984214289411398724e+01 1.597790806994662915e+00
5.653000000000000000e+03 3.132854161633087742e+01 1.422823897505707036e+00
5.654000000000000000e+03 3.214411550355297464e+01 1.532499819733636359e+00
5.655000000000000000e+03 3.169574028610736605e+01 1.912674471332157289e+00
5.656000000000000000e+03 3.089472020982803002e+01 1.716464237089614819e+00
5.657000000000000000e+03 3.038216171568822332e+01 1.378050195464425309e+00
5.658000000000000000e+03 2.995569890563146487e+01 1.342527971753178839e+00
5.659000000000000000e+03 2.978371712631203394e+01 1.560624073557140168e+00
5.660000000000000000e+03 3.063296673086489719e+01 1.692574951386808468e+00
5.661000000000000000e+03 2.994572268273270410e+01 1.381070747328300596e+00
5.662000000000000000e+03 2.920099387216157538e+01 1.317937736512705182e+00
5.663000000000000000e+03 2.901624352961454889e+01 1.536129470999050506e+00
5.664000000000000000e+03 3.001945363530598243e+01 1.899050481693613346e+00
5.665000000000000000e+03 2.930732333009244783e+01 1.468759723245964155e+00
5.666000000000000000e+03 2.954364596812543553e+01 1.416809676009365582e+00
5.667000000000000000e+03 2.993924326934617852e+01 1.649321186601767630e+00
5.668000000000000000e+03 2.973933314203904388e+01 2.100934331408754741e+00
5.669000000000000000e+03 2.903368988765635450e+01 1.795569913263965756e+00
5.670000000000000000e+03 2.905139048041051097e+01 1.400067656695356266e+00
5.671000000000000000e+03 2.921936748531960149e+01 1.367642548110020062e+00
5.672000000000000000e+03 2.925781527153787920e+01 1.663391933519223764e+00
5.673000000000000000e+03 2.911742322893903179e+01 1.634507129481010956e+00
5.674000000000000000e+03 2.857747365296331665e+01 1.315592574861927266e+00
5.675000000000000000e+03 3.027626062621791903e+01 1.297349596515430914e+00
5.676000000000000000e+03 3.298882319071582714e+01 1.577999058522984832e+00
5.677000000000000000e+03 3.221345473686111660e+01 1.743867492598046853e+00
5.678000000000000000e+03 3.219973056414642087e+01 1.488236556799267252e+00
5.679000000000000000e+03 3.142477544073032192e+01 1.456439839796638047e+00
5.680000000000000000e+03 3.073691688696898794e+01 1.734454744928737080e+00
5.681000000000000000e+03 3.144152468387357047e+01 2.138917387518850965e+00
5.682000000000000000e+03 3.090722161348803354e+01 1.589067972740595858e+00
5.683000000000000000e+03 3.074203933602698058e+01 1.336063990894071907e+00
5.684000000000000000e+03 3.093847010128085984e+01 1.390857562039866213e+00
5.685000000000000000e+03 3.145417504841663359e+01 1.721640504042341258e+00
5.686000000000000000e+03 3.201879320995321621e+01 1.588769416379163690e+00
5.687000000000000000e+03 3.258348862625366849e+01 1.401837689742201354e+00
5.688000000000000000e+03 3.252596770363128087e+01 1.459046226936742796e+00
5.689000000000000000e+03 3.185977738891531885e+01 1.721771166668897735e+00
5.690000000000000000e+03 3.206375687431241772e+01 1.644280007030684665e+00
5.691000000000000000e+03 3.312115651538059780e+01 1.410160024582750360e+00
5.692000000000000000e+03 3.308511813828436487e+01 1.398895577774685872e+00
5.693000000000000000e+03 3.206476532561755732e+01 1.644743739044310260e+00
5.694000000000000000e+03 3.169395924270108722e+01 1.775045049606883918e+00
5.695000000000000000e+03 3.155236909138903201e+01 1.403244693265248255e+00
5.696000000000000000e+03 3.279775708184809702e+01 1.322573259904628484e+00
5.697000000000000000e+03 3.439965904636521543e+01 1.539510006176068257e+00
5.698000000000000000e+03 3.447312756687502855e+01 1.880208041697993604e+00
5.699000000000000000e+03 3.386670383374811166e+01 1.573361825691278026e+00
5.700000000000000000e+03 3.285943171818163222e+01 1.425345448752074473e+00
5.701000000000000000e+03 3.201261325179977035e+01 1.565131957240623040e+00
5.702000000000000000e+03 3.188193227420612885e+01 1.848938248956112362e+00
5.703000000000000000e+03 3.248325376431176892e+01 1.499002571945426077e+00
5.704000000000000000e+03 3.227099689318870190e+01 1.299434869343902177e+00
5.705000000000000000e+03 3.201180709361941723e+01 1.387136232054373863e+00
5.706000000000000000e+03 3.202660185683833305e+01 1.746200602751928121e+00
5.707000000000000000e+03 3.063451764837611080e+01 1.494409275333196785e+00
5.708000000000000000e+03 3.019771855266428773e+01 1.255864752593084388e+00
5.709000000000000000e+03 3.009099705121774093e+01 1.290802188673809470e+00
5.710000000000000000e+03 2.981372025139383908e+01 1.584620277571393343e+00
5.711000000000000000e+03 2.817694692572797877e+01 1.486051313848120392e+00
5.712000000000000000e+03 2.870117932932527438e+01 1.237631897924205582e+00
5.713000000000000000e+03 3.022232782723335731e+01 1.241148893819136401e+00
5.714000000000000000e+03 3.188867904490894745e+01 1.520417929720677463e+00
5.715000000000000000e+03 3.207896409661681503e+01 1.644111993988360387e+00
5.716000000000000000e+03 3.119281361151326237e+01 1.336180770602607426e+00
5.717000000000000000e+03 3.005957211539143614e+01 1.254295466303743556e+00
5.718000000000000000e+03 2.937915407487349739e+01 1.425577754061146729e+00
5.719000000000000000e+03 3.028738906727336300e+01 1.725164701528335343e+00
5.720000000000000000e+03 3.117005322977862036e+01 1.407974313829085222e+00
5.721000000000000000e+03 3.009630068190373819e+01 1.299167307322089515e+00
5.722000000000000000e+03 2.925499633727578086e+01 1.474140397217284626e+00
5.723000000000000000e+03 3.178610424606167584e+01 1.889138356596305135e+00
5.724000000000000000e+03 3.192376825637919779e+01 1.487807151470523337e+00
5.725000000000000000e+03 3.169266607097242172e+01 1.306215008472172645e+00
5.726000000000000000e+03 3.182681062981734144e+01 1.415170047105538176e+00
5.727000000000000000e+03 3.290397243059238264e+01 1.769745909260236338e+00
5.728000000000000000e+03 3.207861648770594343e+01 1.448283281558337965e+00
5.729000000000000000e+03 3.188095317290142106e+01 1.251219624911141803e+00
5.730000000000000000e+03 3.246703435640151270e+01 1.342740018743606267e+00
5.731000000000000000e+03 3.372833506741465470e+01 1.710772259421964314e+00
5.732000000000000000e+03 3.300332055125841890e+01 1.414790309404436064e+00
5.733000000000000000e+03 3.129692646833553127e+01 1.191379577575217175e+00
5.734000000000000000e+03 3.015184692012870826e+01 1.241919649709358309e+00
5.735000000000000000e+03 3.039440072152868311e+01 1.538950489587858295e+00
5.736000000000000000e+03 3.237438562003953280e+01 1.549566765237182508e+00
5.737000000000000000e+03 3.298464421889890730e+01 1.302610013344341455e+00
5.738000000000000000e+03 3.258847019639402021e+01 1.311809817833512692e+00
5.739000000000000000e+03 3.140123219949600042e+01 1.527536727313252296e+00
5.740000000000000000e+03 2.982328974936037724e+01 1.441872963941830843e+00
5.741000000000000000e+03 2.918412773139708705e+01 1.247148450257182128e+00
5.742000000000000000e+03 2.930455372431838867e+01 1.296311731747753271e+00
5.743000000000000000e+03 2.988742485719527053e+01 1.657006569252295725e+00
5.744000000000000000e+03 3.004447738395650092e+01 1.639804256754366918e+00
5.745000000000000000e+03 2.950282208995129807e+01 1.252892061305353133e+00
5.746000000000000000e+03 2.986482714439697972e+01 1.192619462584002532e+00
5.747000000000000000e+03 3.054811969494951285e+01 1.411051012304006758e+00
5.748000000000000000e+03 2.919740751641450771e+01 1.545205936994105578e+00
5.749000000000000000e+03 3.016955355078290069e+01 1.252234175100610081e+00
5.750000000000000000e+03 3.109870410362733040e+01 1.195582251984528277e+00
5.751000000000000000e+03 3.152360886011936714e+01 1.401321461356680231e+00
5.752000000000000000e+03 3.115942356323747120e+01 1.537045196874498920e+00
5.753000000000000000e+03 3.201461956769338002e+01 1.249975605878705709e+00
5.754000000000000000e+03 3.234291936292076031e+01 1.203669628626843124e+00
5.755000000000000000e+03 3.245557473667518167e+01 1.444666295780669074e+00
5.756000000000000000e+03 3.316253497848120446e+01 1.690569705351671281e+00
5.757000000000000000e+03 3.268297146058512226e+01 1.335834720565139300e+00
5.758000000000000000e+03 3.195970291050925738e+01 1.223508060241102813e+00
5.759000000000000000e+03 3.123459305060440272e+01 1.387078367696143566e+00
5.760000000000000000e+03 3.076628759414582248e+01 1.656417430152242520e+00
5.761000000000000000e+03 2.902403493057078876e+01 1.281425423510906603e+00
5.762000000000000000e+03 2.892458793692230401e+01 1.152606096321076912e+00
5.763000000000000000e+03 2.944208517424195293e+01 1.289922386336302740e+00
5.764000000000000000e+03 2.922384125725918835e+01 1.589281725360719877e+00
5.765000000000000000e+03 2.884454141318008169e+01 1.252448694167106913e+00
5.766000000000000000e+03 2.937014685438714423e+01 1.135376041417047954e+00
5.767000000000000000e+03 3.023503272933851349e+01 1.285584069433693077e+00
5.768000000000000000e+03 3.083578182306145976e+01 1.659530205223314514e+00
5.769000000000000000e+03 3.121815835331155142e+01 1.317712509248638142e+00
5.770000000000000000e+03 3.072807123406219176e+01 1.157696221705962980e+00
5.771000000000000000e+03 2.949762978074567243e+01 1.256538602508650238e+00
5.772000000000000000e+03 2.773499798619475953e+01 1.486920581691311583e+00
5.773000000000000000e+03 2.956915782174465690e+01 1.256193698376926182e+00
5.774000000000000000e+03 2.888929065743015201e+01 1.094155486861551285e+00
5.775000000000000000e+03 2.863880296221925903e+01 1.194560846655521757e+00
5.776000000000000000e+03 3.111649001201081433e+01 1.600085502000764048e+00
5.777000000000000000e+03 3.078647983575822167e+01 1.285785816219244593e+00
5.778000000000000000e+03 3.067841274673638097e+01 1.118450794882373200e+00
5.779000000000000000e+03 3.046724057957130682e+01 1.212319997991901932e+00
5.780000000000000000e+03 2.992715567328498238e+01 1.487117889212723032e+00
5.781000000000000000e+03 2.976123927622825605e+01 1.241671649303955016e+00
5.782000000000000000e+03 2.895387709802081488e+01 1.068783863094532993e+00
5.783000000000000000e+03 2.863325187696326779e+01 1.155609811235598805e+00
5.784000000000000000e+03 2.952965482999604774e+01 1.494264952220074383e+00
5.785000000000000000e+03 2.953617832304617963e+01 1.239839190518331247e+00
5.786000000000000000e+03 2.880204611111457069e+01 1.080817950845258224e+00
5.787000000000000000e+03 2.814567837303390618e+01 1.176571897348245965e+00
5.788000000000000000e+03 2.812817398302713201e+01 1.491875194861215004e+00
5.789000000000000000e+03 2.849079047479514060e+01 1.265335111123964351e+00
5.790000000000000000e+03 2.941103772116878901e+01 1.116285224134291099e+00
5.791000000000000000e+03 2.973202045157797002e+01 1.218738728019830075e+00
5.792000000000000000e+03 2.881765131617955333e+01 1.505065889018376124e+00
5.793000000000000000e+03 2.990818328927750613e+01 1.304781471828202033e+00
5.794000000000000000e+03 2.967648493228425721e+01 1.139686260572228882e+00
5.795000000000000000e+03 2.917037108140987200e+01 1.242809795103983150e+00
5.796000000000000000e+03 2.913306475439165766e+01 1.580821157954832801e+00
5.797000000000000000e+03 3.011955286773138951e+01 1.344451364021208573e+00
5.798000000000000000e+03 3.030280913382026853e+01 1.175039062058628181e+00
5.799000000000000000e+03 2.952880885998553495e+01 1.274075266521675909e+00
5.800000000000000000e+03 2.784668367051834537e+01 1.543110722367451393e+00
5.801000000000000000e+03 2.944772830413936049e+01 1.316057937013509038e+00
5.802000000000000000e+03 3.064474956933892713e+01 1.159045308870070512e+00
5.803000000000000000e+03 3.070258152343599178e+01 1.267436894507718126e+00
5.804000000000000000e+03 2.916847654946023027e+01 1.548126006740491611e+00
5.805000000000000000e+03 2.968698815154436232e+01 1.289025189372966729e+00
5.806000000000000000e+03 3.090931278001822946e+01 1.170079957995308728e+00
5.807000000000000000e+03 3.095045487868071277e+01 1.318401374756814848e+00
5.808000000000000000e+03 2.836411364258904300e+01 1.626053470657333522e+00
5.809000000000000000e+03 2.839979614071242864e+01 1.335205716409483268e+00
5.810000000000000000e+03 2.865679820823356394e+01 1.176570954697240934e+00
5.811000000000000000e+03 2.886596859509358026e+01 1.297311528066427577e+00
5.812000000000000000e+03 2.881409254750455418e+01 1.605686096606248725e+00
5.813000000000000000e+03 3.124948166800257354e+01 1.315219944857997980e+00
5.814000000000000000e+03 3.163541080191502886e+01 1.154842787469441134e+00
5.815000000000000000e+03 3.111633746334106476e+01 1.267070630726339742e+00
5.816000000000000000e+03 3.082708252964776463e+01 1.569616105619701774e+00
5.817000000000000000e+03 3.121435943732256391e+01 1.258222378712703149e+00
5.818000000000000000e+03 3.113428494896344390e+01 1.142561445704082246e+00
5.819000000000000000e+03 3.082235450303016577e+01 1.305952743928144200e+00
5.820000000000000000e+03 3.055619443102781929e+01 1.657429899398506379e+00
5.821000000000000000e+03 2.977685159825217909e+01 1.318409390236578105e+00
5.822000000000000000e+03 2.997818906398719818e+01 1.200435743253242649e+00
5.823000000000000000e+03 3.100930120346974661e+01 1.371943266273849993e+00
5.824000000000000000e+03 3.265781987237095763e+01 1.629472557733964821e+00
5.825000000000000000e+03 3.234941473120260724e+01 1.273466866289773680e+00
5.826000000000000000e+03 3.247095733611646295e+01 1.189273927133315034e+00
5.827000000000000000e+03 3.275939239569700590e+01 1.400871556169753118e+00
5.828000000000000000e+03 3.257129339086119302e+01 1.611233624308589185e+00
5.829000000000000000e+03 3.047378667125608231e+01 1.199644251282896867e+00
5.830000000000000000e+03 2.983752910332285779e+01 1.110838140778404481e+00
5.831000000000000000e+03 3.018239738212691492e+01 1.299794910057828323e+00
5.832000000000000000e+03 3.000989830599977282e+01 1.369612973740628847e+00
5.833000000000000000e+03 3.097181732983514379e+01 1.241512973415619170e+00
5.834000000000000000e+03 3.108216779482992109e+01 1.364356273717246992e+00
5.835000000000000000e+03 3.069715811910088021e+01 1.924390331303438950e+00
5.836000000000000000e+03 3.137735660989399733e+01 2.068001274847427240e+00
5.837000000000000000e+03 3.130164650378881319e+01 1.287037335422921647e+00
5.838000000000000000e+03 3.044351957808841291e+01 1.108994624492397829e+00
5.839000000000000000e+03 2.936561197233061549e+01 1.296153783753926758e+00
5.840000000000000000e+03 3.005164531512229331e+01 1.329057993329173515e+00
5.841000000000000000e+03 3.064090509268578799e+01 1.093284670954076443e+00
5.842000000000000000e+03 3.024047638762434786e+01 1.088472001318242510e+00
5.843000000000000000e+03 2.925279283393984286e+01 1.285054357799706892e+00
5.844000000000000000e+03 3.071586754306934708e+01 1.267356466094830214e+00
5.845000000000000000e+03 3.067052395504371276e+01 1.051489951083514285e+00
5.846000000000000000e+03 3.081360377485769320e+01 1.093126533662244659e+00
5.847000000000000000e+03 3.149673536849324762e+01 1.399981739028824945e+00
5.848000000000000000e+03 3.100734416142565664e+01 1.260087245111899623e+00
5.849000000000000000e+03 3.019527853499822356e+01 1.035669410309720151e+00
5.850000000000000000e+03 2.946888900280085011e+01 1.074977417794031442e+00
5.851000000000000000e+03 2.910920099589665355e+01 1.322483779491347322e+00
5.852000000000000000e+03 3.019916482572545036e+01 1.183339094583159001e+00
5.853000000000000000e+03 2.989477083382402967e+01 1.013534385264330595e+00
5.854000000000000000e+03 2.942913875823091630e+01 1.096443736468858843e+00
5.855000000000000000e+03 2.959031770068898837e+01 1.379938312579756632e+00
5.856000000000000000e+03 2.941464709170302783e+01 1.081632506533400484e+00
5.857000000000000000e+03 2.876041375307468329e+01 9.486948362459687312e-01
5.858000000000000000e+03 2.855428732872786313e+01 1.060067460755733881e+00
5.859000000000000000e+03 2.973689386379196264e+01 1.345490894838953233e+00
5.860000000000000000e+03 3.018388751890464405e+01 1.073316869552634278e+00
5.861000000000000000e+03 2.904592811396397423e+01 9.575454955630809950e-01
5.862000000000000000e+03 2.761675666233880122e+01 1.069630444499783284e+00
5.863000000000000000e+03 2.780577566967792436e+01 1.268635582701903797e+00
5.864000000000000000e+03 2.868145877819668854e+01 1.061544359467706533e+00
5.865000000000000000e+03 2.894150515003469692e+01 1.003996069536488012e+00
5.866000000000000000e+03 2.878323369329813985e+01 1.173410048117021764e+00
5.867000000000000000e+03 2.884093448122917636e+01 1.245274532253290989e+00
5.868000000000000000e+03 2.835707504633280251e+01 9.712191973510611032e-01
5.869000000000000000e+03 2.880488919680682613e+01 9.511368506010641211e-01
5.870000000000000000e+03 3.014873739651271123e+01 1.184843204684414397e+00
5.871000000000000000e+03 3.149794385308167222e+01 1.238255944980518608e+00
5.872000000000000000e+03 3.257873386282204109e+01 1.031631880968959969e+00
5.873000000000000000e+03 3.272073242127529369e+01 1.054713499287473377e+00
5.874000000000000000e+03 3.228174375761474835e+01 1.295449496094711384e+00
5.875000000000000000e+03 3.481086656027933657e+01 1.302080198847603620e+00
5.876000000000000000e+03 3.668105704738295003e+01 1.158293019161414694e+00
5.877000000000000000e+03 3.680504586642830134e+01 1.256691842304741069e+00
5.878000000000000000e+03 3.485997283080676823e+01 1.537055602634070484e+00
5.879000000000000000e+03 3.454285547520663613e+01 1.270063338571560063e+00
5.880000000000000000e+03 3.488038571429596857e+01 1.111683948788844356e+00
5.881000000000000000e+03 3.460623027956082609e+01 1.233866578765330013e+00
5.882000000000000000e+03 3.272886874312715833e+01 1.527647482280124480e+00
5.883000000000000000e+03 3.208882682865942115e+01 1.183799344594785197e+00
5.884000000000000000e+03 3.213922396695798511e+01 1.051781472115395077e+00
5.885000000000000000e+03 3.194081402497976185e+01 1.180908372260823347e+00
5.886000000000000000e+03 3.019670890518941064e+01 1.276679916950631988e+00
5.887000000000000000e+03 2.832150921355590256e+01 9.470879246142785979e-01
5.888000000000000000e+03 2.640783282633266538e+01 8.654999558244726998e-01
5.889000000000000000e+03 2.479352670725335628e+01 9.974579156200626961e-01
5.890000000000000000e+03 2.429517547247989029e+01 1.065625037564366107e+00
5.891000000000000000e+03 2.435490077926819552e+01 8.833957716289841944e-01
5.892000000000000000e+03 2.511691723282983091e+01 8.950840501169496921e-01
5.893000000000000000e+03 2.645615229816165836e+01 1.137320409992990555e+00
5.894000000000000000e+03 2.770882575354243471e+01 1.151874387123621890e+00
5.895000000000000000e+03 2.759663164967508919e+01 9.579491163266746767e-01
5.896000000000000000e+03 2.699652665102271598e+01 1.003043137829680020e+00
5.897000000000000000e+03 2.631844794000873478e+01 1.277211874012495363e+00
5.898000000000000000e+03 2.671926613473172907e+01 1.155723133015946313e+00
5.899000000000000000e+03 2.737842332433453407e+01 1.015649535510327217e+00
5.900000000000000000e+03 2.833065209070812784e+01 1.131323749087076447e+00
5.901000000000000000e+03 2.962009445638965488e+01 1.455478510807070913e+00
5.902000000000000000e+03 3.110441678751715600e+01 1.172535838085131399e+00
5.903000000000000000e+03 3.163972215931347876e+01 1.063880308673220698e+00
5.904000000000000000e+03 3.153330187114942618e+01 1.233134298389799266e+00
5.905000000000000000e+03 3.110787202159677989e+01 1.448925693093137124e+00
5.906000000000000000e+03 3.115611764092311731e+01 1.222410077388667915e+00
5.907000000000000000e+03 3.158393051086595449e+01 1.196683250973887835e+00
5.908000000000000000e+03 3.190247144894781428e+01 1.481506355456404522e+00
5.909000000000000000e+03 3.084039708725765649e+01 1.468847388458805803e+00
5.910000000000000000e+03 3.058068557376718033e+01 1.142959510119225586e+00
5.911000000000000000e+03 3.084151715866621757e+01 1.135156825515227785e+00
5.912000000000000000e+03 3.134475457815608124e+01 1.411339687757776185e+00
5.913000000000000000e+03 3.078789833723901026e+01 1.318249595716793676e+00
5.914000000000000000e+03 3.021869210675920314e+01 1.113478646391906413e+00
5.915000000000000000e+03 2.981081693746251204e+01 1.185520533339867510e+00
5.916000000000000000e+03 2.965289198487965194e+01 1.444458226695105152e+00
5.917000000000000000e+03 2.963974087990785833e+01 1.159253885863524181e+00
5.918000000000000000e+03 2.983812433829569244e+01 1.034547606177458112e+00
5.919000000000000000e+03 3.013961844096670006e+01 1.192282001679398462e+00
5.920000000000000000e+03 3.044891764245434018e+01 1.494409519875215420e+00
5.921000000000000000e+03 3.075838384962970906e+01 1.218065624492350230e+00
5.922000000000000000e+03 3.059828063712445712e+01 1.150632733226242488e+00
5.923000000000000000e+03 3.007597646168483152e+01 1.376223937821381194e+00
5.924000000000000000e+03 2.942255567316513165e+01 1.419816021689929153e+00
5.925000000000000000e+03 2.920984689363310949e+01 1.108290471042323366e+00
5.926000000000000000e+03 2.962041628318143083e+01 1.103469681015553094e+00
5.927000000000000000e+03 3.053357288088800203e+01 1.399419554685217504e+00
5.928000000000000000e+03 3.113197748485193728e+01 1.348817431185514559e+00
5.929000000000000000e+03 3.121046095633080952e+01 1.138033926919078676e+00
5.930000000000000000e+03 3.112668222101483906e+01 1.218471883947223278e+00
5.931000000000000000e+03 3.104570053871594837e+01 1.526283219874787545e+00
5.932000000000000000e+03 3.131349752588554836e+01 1.255213449417604599e+00
5.933000000000000000e+03 3.168393516133065546e+01 1.124274235104817610e+00
5.934000000000000000e+03 3.157796859059040528e+01 1.291138779985526286e+00
5.935000000000000000e+03 3.028688931057978451e+01 1.479305218652238851e+00
5.936000000000000000e+03 2.937610946973646975e+01 1.121244000146222275e+00
5.937000000000000000e+03 2.892545059891227766e+01 1.056777331350783777e+00
5.938000000000000000e+03 2.881733876645309778e+01 1.279359132590555115e+00
5.939000000000000000e+03 2.877761857811037416e+01 1.338193672823843938e+00
5.940000000000000000e+03 3.022058884378754229e+01 1.120210116124597199e+00
5.941000000000000000e+03 3.056159739161251565e+01 1.146499139187878713e+00
5.942000000000000000e+03 2.950102512065152283e+01 1.397104135986826146e+00
5.943000000000000000e+03 2.971509368077223812e+01 1.245341900256855316e+00
5.944000000000000000e+03 2.883524094850599795e+01 1.037774197903225337e+00
5.945000000000000000e+03 2.792368131126676190e+01 1.117751839390935586e+00
5.946000000000000000e+03 2.763953052844319913e+01 1.413557930033414012e+00
5.947000000000000000e+03 3.015089762697978770e+01 1.201860135241556105e+00
5.948000000000000000e+03 3.093071067823384368e+01 1.106809289675468211e+00
5.949000000000000000e+03 3.065330125709502340e+01 1.295399697746471679e+00
5.950000000000000000e+03 3.027093402329808214e+01 1.392013023137871786e+00
5.951000000000000000e+03 3.009637473650311179e+01 1.099234097718846170e+00
5.952000000000000000e+03 3.027492432217065499e+01 1.078860918798361102e+00
5.953000000000000000e+03 3.058104106838977998e+01 1.324077842273138073e+00
5.954000000000000000e+03 2.987192695415121690e+01 1.219321917256389831e+00
5.955000000000000000e+03 2.868816700810416975e+01 1.011501674964715436e+00
5.956000000000000000e+03 2.820963621685442035e+01 1.086393500886678964e+00
5.957000000000000000e+03 2.896473553370971743e+01 1.446192236442646051e+00
5.958000000000000000e+03 2.978716317019426896e+01 1.197964805529876164e+00
5.959000000000000000e+03 2.978850347621185080e+01 1.054364145056331248e+00
5.960000000000000000e+03 2.967308382801645550e+01 1.195161191598571815e+00
5.961000000000000000e+03 3.028835543866267699e+01 1.391464888886727147e+00
5.962000000000000000e+03 2.938985406380263399e+01 1.086641914592663349e+00
5.963000000000000000e+03 2.926183512345464521e+01 1.046136672768805731e+00
5.964000000000000000e+03 2.965977525617728361e+01 1.277373275459795288e+00
5.965000000000000000e+03 2.896151630910265951e+01 1.180624257619715678e+00
5.966000000000000000e+03 2.974863586155217376e+01 1.017183668415352127e+00
5.967000000000000000e+03 3.028985168770579506e+01 1.118307786650486690e+00
5.968000000000000000e+03 3.007038865616125634e+01 1.559530449832681187e+00
5.969000000000000000e+03 3.117009036246672693e+01 1.490730083181831311e+00
5.970000000000000000e+03 3.065823957026956137e+01 1.332946472112985559e+00
5.971000000000000000e+03 2.982792950142671629e+01 1.522056751945963793e+00
5.972000000000000000e+03 3.002992436740053606e+01 1.669762566940172555e+00
5.973000000000000000e+03 3.012509906213784561e+01 1.224096443634047127e+00
5.974000000000000000e+03 2.958068546208884442e+01 1.137311767833704357e+00
5.975000000000000000e+03 2.833323707664385438e+01 1.333860040265956837e+00
5.976000000000000000e+03 2.621255128269761059e+01 1.272552991917731413e+00
5.977000000000000000e+03 2.669386410903288720e+01 1.036413461928850088e+00
5.978000000000000000e+03 2.776191250010478129e+01 1.078630856856688913e+00
5.979000000000000000e+03 2.862615181163755551e+01 1.313208678193374057e+00
5.980000000000000000e+03 2.699104106236280742e+01 1.003782730440631710e+00
5.981000000000000000e+03 2.810620825924375765e+01 9.168953776308459425e-01
5.982000000000000000e+03 2.954090602999874804e+01 1.101941740505805400e+00
5.983000000000000000e+03 2.850119690094723524e+01 1.325756127954256014e+00
5.984000000000000000e+03 3.042530775342946825e+01 1.129026763288834667e+00
5.985000000000000000e+03 3.124615091840003345e+01 1.089403547079832224e+00
5.986000000000000000e+03 3.090149232146171343e+01 1.257837317751796080e+00
5.987000000000000000e+03 3.061731602921185669e+01 1.162854727752579365e+00
5.988000000000000000e+03 2.939721892404877579e+01 9.547989670430105935e-01
5.989000000000000000e+03 2.921271481805574055e+01 1.045350648416888628e+00
5.990000000000000000e+03 3.087296462329375046e+01 1.542237854864142443e+00
5.991000000000000000e+03 2.998434910262670172e+01 1.275195670196262787e+00
5.992000000000000000e+03 3.053292008766858245e+01 1.162350381703293190e+00
5.993000000000000000e+03 3.125317680899065564e+01 1.369817257667634625e+00
5.994000000000000000e+03 3.024880933480781309e+01 1.399302725275074932e+00
5.995000000000000000e+03 2.930255618274444274e+01 1.063315121126989782e+00
5.996000000000000000e+03 2.896067141926726407e+01 1.037800129115153291e+00
5.997000000000000000e+03 2.922178599860595583e+01 1.282998268548731557e+00
5.998000000000000000e+03 2.964014617171763533e+01 1.186255646155162102e+00
5.999000000000000000e+03 3.040421145788188539e+01 1.008311342112828690e+00
6.000000000000000000e+03 3.091682189076790976e+01 1.110406744324121453e+00
6.001000000000000000e+03 3.077486786690119303e+01 1.359055502691197459e+00
6.002000000000000000e+03 2.921695888486224746e+01 9.901277133568643363e-01
6.003000000000000000e+03 2.839280576571885462e+01 8.840413031516667353e-01
6.004000000000000000e+03 2.810234182820213888e+01 1.003686472744605318e+00
6.005000000000000000e+03 2.788497872348807505e+01 1.024583048696299015e+00
6.006000000000000000e+03 2.789689121597448107e+01 8.320455866683488244e-01
6.007000000000000000e+03 2.798515952084014913e+01 8.701917076373789639e-01
6.008000000000000000e+03 2.801882506715272214e+01 1.146336903887269054e+00
6.009000000000000000e+03 2.679277085854547380e+01 9.885295652068769590e-01
6.010000000000000000e+03 2.692705809276291617e+01 8.885754536180543450e-01
6.011000000000000000e+03 2.803247772668943938e+01 1.043524860469120741e+00
6.012000000000000000e+03 2.992844089285174292e+01 1.225782671418510938e+00
6.013000000000000000e+03 2.796876885337849927e+01 8.926119382224866339e-01
6.014000000000000000e+03 2.791719120825018408e+01 8.791406242114323533e-01
6.015000000000000000e+03 2.941667422836934875e+01 1.173149805756392938e+00
6.016000000000000000e+03 2.834476941303467967e+01 1.086247543034327911e+00
6.017000000000000000e+03 2.773837123156855355e+01 8.789224251194062143e-01
6.018000000000000000e+03 2.778686640124973906e+01 9.461390314754372088e-01
6.019000000000000000e+03 2.867646594229654156e+01 1.296290660312994669e+00
6.020000000000000000e+03 2.949537200926894087e+01 1.086663532158428147e+00
6.021000000000000000e+03 2.939754784245580055e+01 9.875184515828724363e-01
6.022000000000000000e+03 2.860169954995174280e+01 1.118301542411401783e+00
6.023000000000000000e+03 2.744824402326421264e+01 1.005493071615947587e+00
6.024000000000000000e+03 2.848816996291962411e+01 8.273245500972002953e-01
6.025000000000000000e+03 2.849055973179141077e+01 8.622467839850604943e-01
6.026000000000000000e+03 2.676641826259707813e+01 1.072607586462791751e+00
6.027000000000000000e+03 2.698660206763246450e+01 8.958341236256889273e-01
6.028000000000000000e+03 2.826283124438994321e+01 8.386342626299285730e-01
6.029000000000000000e+03 2.941127982484920977e+01 1.056350652558950554e+00
6.030000000000000000e+03 2.889542792184132125e+01 1.555144457398185631e+00
6.031000000000000000e+03 2.830959170252807056e+01 1.540330448367992711e+00
6.032000000000000000e+03 2.803534758411856487e+01 1.640350665286778975e+00
6.033000000000000000e+03 2.828532445648795957e+01 2.136720158656698398e+00
6.034000000000000000e+03 3.013214142252096650e+01 1.449162160590572013e+00
6.035000000000000000e+03 2.977266624221553926e+01 1.058306990428178773e+00
6.036000000000000000e+03 2.919820631547986878e+01 1.029180877855278675e+00
6.037000000000000000e+03 2.983608535353393165e+01 1.304910363406106333e+00
6.038000000000000000e+03 2.890316588200840542e+01 1.060436547739120217e+00
6.039000000000000000e+03 2.836521407369989234e+01 1.009958505289234809e+00
6.040000000000000000e+03 2.829403159290792402e+01 1.196412912703333165e+00
6.041000000000000000e+03 2.862595712200533171e+01 9.986833893289063235e-01
6.042000000000000000e+03 2.819356956729151520e+01 7.680666862448722876e-01
6.043000000000000000e+03 2.785428299389263884e+01 7.929808108304715608e-01
6.044000000000000000e+03 2.802495830872203797e+01 1.028829129847941282e+00
6.045000000000000000e+03 2.837502727368667266e+01 8.039311750481655805e-01
6.046000000000000000e+03 2.852965339370759779e+01 7.508848700824477529e-01
6.047000000000000000e+03 2.871261763875519435e+01 9.140501662077386014e-01
6.048000000000000000e+03 2.950150488451718545e+01 9.314926830486646159e-01
6.049000000000000000e+03 2.910133144655632265e+01 7.563079925383017210e-01
6.050000000000000000e+03 2.821955400840992212e+01 7.997350332615773549e-01
6.051000000000000000e+03 2.714699256286333551e+01 1.041109645695903030e+00
6.052000000000000000e+03 2.943731961044166212e+01 9.136577926279073614e-01
6.053000000000000000e+03 2.899921636102998690e+01 8.101530275843271678e-01
6.054000000000000000e+03 2.793801683816331405e+01 9.186530481979947593e-01
6.055000000000000000e+03 2.983196128386177648e+01 9.911356929909311830e-01
6.056000000000000000e+03 2.861922954486847459e+01 7.563154524089007458e-01
6.057000000000000000e+03 2.794784648628428059e+01 7.793145841058919387e-01
6.058000000000000000e+03 2.860466490260938244e+01 1.081545008357775117e+00
6.059000000000000000e+03 2.944633683493359655e+01 1.047129644340749843e+00
6.060000000000000000e+03 2.935153362806007493e+01 9.723159021270428859e-01
6.061000000000000000e+03 2.888031348602778436e+01 1.176548442852174636e+00
6.062000000000000000e+03 2.867266947389984821e+01 1.200085826257622612e+00
6.063000000000000000e+03 2.857881640852892602e+01 8.687619416074023881e-01
6.064000000000000000e+03 2.824944845353271461e+01 8.391401950905029716e-01
6.065000000000000000e+03 2.767774580659943240e+01 1.013134973207262313e+00
6.066000000000000000e+03 2.751859945530154050e+01 8.634478536611297494e-01
6.067000000000000000e+03 2.808295485370030065e+01 7.651528443823549797e-01
6.068000000000000000e+03 2.907494731206250194e+01 8.993444096916206609e-01
6.069000000000000000e+03 3.030400884395381311e+01 1.028632187180295254e+00
6.070000000000000000e+03 3.017018924063930641e+01 8.069680314251888031e-01
6.071000000000000000e+03 2.902471136965534981e+01 7.994538596721083579e-01
6.072000000000000000e+03 2.738892411370704849e+01 9.691419786924788671e-01
6.073000000000000000e+03 2.945381041277066103e+01 9.175025644351272325e-01
6.074000000000000000e+03 2.983273895985592006e+01 8.027603816203288112e-01
6.075000000000000000e+03 2.963187260214554186e+01 9.254999599658260134e-01
6.076000000000000000e+03 2.981565181087314542e+01 1.077822731489962216e+00
6.077000000000000000e+03 2.859241665792797349e+01 8.473587404148573698e-01
6.078000000000000000e+03 2.807880551176723927e+01 8.489437897217572138e-01
6.079000000000000000e+03 2.841283410451255165e+01 1.082440038494745904e+00
6.080000000000000000e+03 2.851188030210948199e+01 9.302451260674498013e-01
6.081000000000000000e+03 2.835124122170346439e+01 8.076113188215278127e-01
6.082000000000000000e+03 2.838827982223216395e+01 9.358567256569424453e-01
6.083000000000000000e+03 2.914910377578648948e+01 1.141269300693874333e+00
6.084000000000000000e+03 2.839207155679125805e+01 9.311014915933075731e-01
6.085000000000000000e+03 2.808924022929195274e+01 9.421501120440974875e-01
6.086000000000000000e+03 2.849698253984906060e+01 1.197001127108916929e+00
6.087000000000000000e+03 2.962172957317399380e+01 1.001120898257420455e+00
6.088000000000000000e+03 2.962200105213138102e+01 8.438046782542041324e-01
6.089000000000000000e+03 2.914166257100410462e+01 9.467883055609896958e-01
6.090000000000000000e+03 2.869313384387357146e+01 1.098889797589078565e+00
6.091000000000000000e+03 2.791293275557814013e+01 9.930835951212944046e-01
6.092000000000000000e+03 2.666975025785520259e+01 1.044386031684286786e+00
6.093000000000000000e+03 2.519538133931633439e+01 1.353153618603509134e+00
6.094000000000000000e+03 2.599043381782991347e+01 1.060317528239246077e+00
6.095000000000000000e+03 2.626234204185549004e+01 8.784285970595321347e-01
6.096000000000000000e+03 2.688175699055795320e+01 9.620384802001584745e-01
6.097000000000000000e+03 2.901084749408379437e+01 1.041278022570259587e+00
6.098000000000000000e+03 2.780985020462970425e+01 7.685515249125349779e-01
6.099000000000000000e+03 2.766904714147677780e+01 7.729518436485288690e-01
6.100000000000000000e+03 2.906170739263565750e+01 1.044518974397141475e+00
6.101000000000000000e+03 2.790753822570968623e+01 8.586551451062820473e-01
6.102000000000000000e+03 2.733733721436269448e+01 7.628427226309020259e-01
6.103000000000000000e+03 2.740194280922931114e+01 9.038238034294480139e-01
6.104000000000000000e+03 2.844985501815961726e+01 9.723693072731551812e-01
6.105000000000000000e+03 2.692679659818566407e+01 7.522228613454434720e-01
6.106000000000000000e+03 2.648372222138013399e+01 7.823882664382862950e-01
6.107000000000000000e+03 2.790912085906225215e+01 1.081509630333341798e+00
6.108000000000000000e+03 2.908433952394110378e+01 9.413331031783618297e-01
6.109000000000000000e+03 2.912407390201525459e+01 8.487090893425311977e-01
6.110000000000000000e+03 2.867423680978502176e+01 9.989936431677625128e-01
6.111000000000000000e+03 2.877877840910077012e+01 9.954559306961326959e-01
6.112000000000000000e+03 2.886160716437169782e+01 8.074249584646732147e-01
6.113000000000000000e+03 2.854457506543646161e+01 8.635380297341884726e-01
6.114000000000000000e+03 2.766757023692544948e+01 1.136292501682914402e+00
6.115000000000000000e+03 2.768311436933775838e+01 8.900412592307439530e-01
6.116000000000000000e+03 2.836680846923441024e+01 8.272038498515347227e-01
6.117000000000000000e+03 2.920724066022035359e+01 1.008951537738979276e+00
6.118000000000000000e+03 2.880158447495691121e+01 9.356564859584686200e-01
6.119000000000000000e+03 2.778956875063713738e+01 7.494593175068298141e-01
6.120000000000000000e+03 2.741628885659913450e+01 8.095911172253780208e-01
6.121000000000000000e+03 2.841610220375467932e+01 1.032844503469631192e+00
6.122000000000000000e+03 2.751355184518272523e+01 7.698166673537902849e-01
6.123000000000000000e+03 2.768173253246981602e+01 7.484907771367305118e-01
6.124000000000000000e+03 2.840054633446688825e+01 9.770014745726992578e-01
6.125000000000000000e+03 2.683045441125120334e+01 8.704381638268594568e-01
6.126000000000000000e+03 2.698074314681213792e+01 7.494835280061071803e-01
6.127000000000000000e+03 2.784854881795252979e+01 8.647225391807303874e-01
6.128000000000000000e+03 2.891711998200556977e+01 1.028917258884149755e+00
6.129000000000000000e+03 2.762887633930178666e+01 7.687838318775753743e-01
6.130000000000000000e+03 2.712337695666875348e+01 7.595765779974480436e-01
6.131000000000000000e+03 2.758179727864800768e+01 9.779453607851320562e-01
6.132000000000000000e+03 2.752882024162997610e+01 8.449633551096549233e-01
6.133000000000000000e+03 2.784588561884545754e+01 7.478638995776678566e-01
6.134000000000000000e+03 2.838584909366901243e+01 8.860868873097895726e-01
6.135000000000000000e+03 2.905075878474126583e+01 9.681746586100884455e-01
6.136000000000000000e+03 2.860281646607496242e+01 7.605214821063545072e-01
6.137000000000000000e+03 2.822947315712446681e+01 7.893853896222947641e-01
6.138000000000000000e+03 2.817857994463132698e+01 1.021380202098486789e+00
6.139000000000000000e+03 2.748727483495175150e+01 7.982231377041870690e-01
6.140000000000000000e+03 2.646866226447646397e+01 7.311774712885611427e-01
6.141000000000000000e+03 2.593200588721653688e+01 8.912201445799909916e-01
6.142000000000000000e+03 2.816737290483096601e+01 9.550433411890246749e-01
6.143000000000000000e+03 2.868175184335256844e+01 7.842580652695686494e-01
6.144000000000000000e+03 2.827099824466441902e+01 8.518422675990892090e-01
6.145000000000000000e+03 2.709813943928387658e+01 9.896751853855388914e-01
6.146000000000000000e+03 2.861228755295153547e+01 8.158124788223753976e-01
6.147000000000000000e+03 2.902961068048826121e+01 7.965886665994272864e-01
6.148000000000000000e+03 2.853027126598555085e+01 9.854303225920779674e-01
6.149000000000000000e+03 2.886539892217351522e+01 8.890535970380348818e-01
6.150000000000000000e+03 2.812488692017477376e+01 7.558920278829106554e-01
6.151000000000000000e+03 2.746892214188682502e+01 8.637448982895400418e-01
6.152000000000000000e+03 2.807906924637993029e+01 9.687901072505555877e-01
6.153000000000000000e+03 2.766297862362392834e+01 7.443508199702614236e-01
6.154000000000000000e+03 2.740460141159904950e+01 7.554045022781392671e-01
6.155000000000000000e+03 2.749459586389129484e+01 9.636011459062204798e-01
6.156000000000000000e+03 2.740909851634875594e+01 7.741704592716297517e-01
6.157000000000000000e+03 2.712305597971225524e+01 7.070306286081854408e-01
6.158000000000000000e+03 2.688069099532197015e+01 8.642810864495291678e-01
6.159000000000000000e+03 2.725909133435853349e+01 8.692846860009432186e-01
6.160000000000000000e+03 2.711899848015933401e+01 7.076165265198622878e-01
6.161000000000000000e+03 2.663924099836369308e+01 7.696824120285249426e-01
6.162000000000000000e+03 2.581945585647207864e+01 9.149659936065942523e-01
6.163000000000000000e+03 2.693844785425033095e+01 7.285999191615067927e-01
6.164000000000000000e+03 2.774243848436847770e+01 7.181439006868370889e-01
6.165000000000000000e+03 2.795281532903512201e+01 9.206143107033517570e-01
6.166000000000000000e+03 2.633394161269027833e+01 7.880860327923007169e-01
6.167000000000000000e+03 2.686875068993709448e+01 7.072745615377592499e-01
6.168000000000000000e+03 2.777666745678736504e+01 8.578536744985364448e-01
6.169000000000000000e+03 2.717164781839064958e+01 9.238367588043192580e-01
6.170000000000000000e+03 2.689925658087735272e+01 7.077351670146433404e-01
6.171000000000000000e+03 2.715317016336971179e+01 7.344701445427377351e-01
6.172000000000000000e+03 2.799320394704954396e+01 9.898844582455695873e-01
6.173000000000000000e+03 2.647530646056787873e+01 7.210878530263915565e-01
6.174000000000000000e+03 2.662506230623807824e+01 6.772838387791790815e-01
6.175000000000000000e+03 2.777181785559326599e+01 8.672849161013770347e-01
6.176000000000000000e+03 2.814769772790961255e+01 8.377685396947759378e-01
6.177000000000000000e+03 2.798530367836100297e+01 7.030900420528056749e-01
6.178000000000000000e+03 2.728541102003143948e+01 7.927699480135589338e-01
6.179000000000000000e+03 2.585159910965505148e+01 8.774348247281078539e-01
6.180000000000000000e+03 2.696694409937352432e+01 7.227143649117733215e-01
6.181000000000000000e+03 2.782569158685742394e+01 7.546141939149743072e-01
6.182000000000000000e+03 2.805930335137838227e+01 1.021085436329407292e+00
6.183000000000000000e+03 2.747592594643618114e+01 8.294315219231493952e-01
6.184000000000000000e+03 2.747623314801125005e+01 7.434854344819303851e-01
6.185000000000000000e+03 2.809643579801196367e+01 8.922449212582866940e-01
6.186000000000000000e+03 2.979054606928015758e+01 9.215954216047183012e-01
6.187000000000000000e+03 2.955045352840391004e+01 7.680236816280101575e-01
6.188000000000000000e+03 2.865726875726629430e+01 8.586998918027638483e-01
6.189000000000000000e+03 2.755062381117220838e+01 1.055569286682476626e+00
6.190000000000000000e+03 2.797801067712580902e+01 8.343831795272117491e-01
6.191000000000000000e+03 2.771021766663005437e+01 8.195099507720777776e-01
6.192000000000000000e+03 2.667052571486233603e+01 9.973720970284406517e-01
6.193000000000000000e+03 2.560587493391285463e+01 7.943213351480764572e-01
6.194000000000000000e+03 2.629863499610851818e+01 7.237442434966613325e-01
6.195000000000000000e+03 2.773928442000117656e+01 9.081201801960828712e-01
6.196000000000000000e+03 2.863656959647224198e+01 9.993866956188701689e-01
6.197000000000000000e+03 2.842637085140711051e+01 7.760249159310775857e-01
6.198000000000000000e+03 2.772470441133771502e+01 8.118995696072571766e-01
6.199000000000000000e+03 2.665820592110337017e+01 9.011316222446232871e-01
6.200000000000000000e+03 2.631713518894290260e+01 6.981374287536883383e-01
6.201000000000000000e+03 2.680488070277649726e+01 6.956817303602074176e-01
6.202000000000000000e+03 2.795900134246234359e+01 9.258821679701704221e-01
6.203000000000000000e+03 2.864047186116914645e+01 8.389089728123435563e-01
6.204000000000000000e+03 2.893796467534833994e+01 7.421157634747904686e-01
6.205000000000000000e+03 2.875994589852422223e+01 8.832464916243575326e-01
6.206000000000000000e+03 2.766954191582193801e+01 8.525823661489372318e-01
6.207000000000000000e+03 2.787817844918650323e+01 6.940245288199797802e-01
6.208000000000000000e+03 2.786900855593207993e+01 7.564977580182262740e-01
6.209000000000000000e+03 2.701741395890204345e+01 9.051027415289610856e-01
6.210000000000000000e+03 2.783828285679857828e+01 7.261908127171400329e-01
6.211000000000000000e+03 2.878630892286681231e+01 7.268611359975040154e-01
6.212000000000000000e+03 2.951631486141046423e+01 9.548561674361145668e-01
6.213000000000000000e+03 2.768660247433788157e+01 7.852338888069821943e-01
6.214000000000000000e+03 2.656035641075480669e+01 6.825230926625603933e-01
6.215000000000000000e+03 2.600250997243683315e+01 8.024419365292514428e-01
6.216000000000000000e+03 2.614632589760862302e+01 8.076331145430422076e-01
6.217000000000000000e+03 2.633685573634228305e+01 6.561631646798954387e-01
6.218000000000000000e+03 2.667078978789270849e+01 7.259896350782105712e-01
6.219000000000000000e+03 2.722969602799797073e+01 9.262917450875296499e-01
6.220000000000000000e+03 2.705219982600049278e+01 7.986289893886295843e-01
6.221000000000000000e+03 2.756638517199546357e+01 8.541071897632830368e-01
6.222000000000000000e+03 2.867639928149494111e+01 1.249218057781621427e+00
6.223000000000000000e+03 2.801392875684966555e+01 1.054898544320385101e+00
6.224000000000000000e+03 2.761752173181860215e+01 8.978300027305314845e-01
6.225000000000000000e+03 2.737456862954121206e+01 9.811955200291441193e-01
6.226000000000000000e+03 2.714307047135586970e+01 8.858575422245802411e-01
6.227000000000000000e+03 2.723030029440999300e+01 7.700185374149211004e-01
6.228000000000000000e+03 2.729396630861612394e+01 8.995025740012498883e-01
6.229000000000000000e+03 2.712796915080100746e+01 1.068336257843710779e+00
6.230000000000000000e+03 2.849652320928427329e+01 8.160655231924700548e-01
6.231000000000000000e+03 2.819224650996338255e+01 8.043526932617143244e-01
6.232000000000000000e+03 2.592421262774220736e+01 9.034501860822239383e-01
6.233000000000000000e+03 2.674397756270962745e+01 7.358672680915637754e-01
6.234000000000000000e+03 2.727634820614467159e+01 6.928115801332487278e-01
6.235000000000000000e+03 2.743439235652361319e+01 8.823464994380717519e-01
6.236000000000000000e+03 2.665295511498347381e+01 8.329741014934408661e-01
6.237000000000000000e+03 2.667199939740929437e+01 7.075949847700663264e-01
6.238000000000000000e+03 2.666619394817727695e+01 8.183169710782776107e-01
6.239000000000000000e+03 2.588057481639658874e+01 8.479926814075983144e-01
6.240000000000000000e+03 2.606869447718026933e+01 6.661023505717480475e-01
6.241000000000000000e+03 2.649261877722443970e+01 7.069282836845551810e-01
6.242000000000000000e+03 2.701412710257210747e+01 9.278065897900850123e-01
6.243000000000000000e+03 2.680105689311821848e+01 7.265443125512989209e-01
6.244000000000000000e+03 2.640954641304313810e+01 7.103025778742008134e-01
6.245000000000000000e+03 2.594492890124090678e+01 9.218470455119417428e-01
6.246000000000000000e+03 2.602828643220286153e+01 8.071966894968346518e-01
6.247000000000000000e+03 2.675752965293285612e+01 7.123451025484638377e-01
6.248000000000000000e+03 2.738622182694502527e+01 8.552482471650446616e-01
6.249000000000000000e+03 2.661724508386351573e+01 8.105473808078074160e-01
6.250000000000000000e+03 2.546863947717634957e+01 6.513412907024715981e-01
6.251000000000000000e+03 2.540135668945021763e+01 7.289007053559802829e-01
6.252000000000000000e+03 2.750010301053604778e+01 9.701977965402928117e-01
6.253000000000000000e+03 2.772894138834222488e+01 8.459492110264862363e-01
6.254000000000000000e+03 2.700242498324275076e+01 8.922616624192213353e-01
6.255000000000000000e+03 2.553094685403408803e+01 1.163973958004884901e+00
6.256000000000000000e+03 2.768594765531636526e+01 9.285035063654203391e-01
6.257000000000000000e+03 2.732551188566354128e+01 8.131146872918405544e-01
6.258000000000000000e+03 2.556689283593657080e+01 8.661164685281090847e-01
6.259000000000000000e+03 2.563686593744758824e+01 7.802276904037707128e-01
6.260000000000000000e+03 2.636218297174317371e+01 6.768137719631915905e-01
6.261000000000000000e+03 2.675209998275898116e+01 8.064150211942922031e-01
6.262000000000000000e+03 2.551150322093531386e+01 8.273298136275087922e-01
6.263000000000000000e+03 2.498342816082097784e+01 6.953934403278640985e-01
6.264000000000000000e+03 2.555745343180595697e+01 7.881148585066003465e-01
6.265000000000000000e+03 2.764543084684921936e+01 1.073920726227753031e+00
6.266000000000000000e+03 2.770675998386872863e+01 8.135283251019265194e-01
6.267000000000000000e+03 2.740310240274441611e+01 7.981376720325480401e-01
6.268000000000000000e+03 2.692474648816406102e+01 9.830549511777191274e-01
6.269000000000000000e+03 2.746057239262407990e+01 7.992718742975520874e-01
6.270000000000000000e+03 2.774115466446027511e+01 7.359850306019563027e-01
6.271000000000000000e+03 2.767517046220235599e+01 9.231209069944542600e-01
6.272000000000000000e+03 2.670868025597830453e+01 8.780542196147312906e-01
6.273000000000000000e+03 2.633580401346228683e+01 7.838207107078476454e-01
6.274000000000000000e+03 2.647680444241455078e+01 9.657578999602264291e-01
6.275000000000000000e+03 2.735412839502649263e+01 1.161324589375993588e+00
6.276000000000000000e+03 2.809160316688120673e+01 9.250252378098384742e-01
6.277000000000000000e+03 2.859490459320837985e+01 9.878237703831475036e-01
6.278000000000000000e+03 2.877733671785848912e+01 1.093521817515913153e+00
6.279000000000000000e+03 2.796030034248775564e+01 7.774078087088551747e-01
6.280000000000000000e+03 2.744255403824719863e+01 7.564143875286579721e-01
6.281000000000000000e+03 2.726504028058429796e+01 9.729447593962898821e-01
6.282000000000000000e+03 2.678264352720435326e+01 8.124882775479753683e-01
6.283000000000000000e+03 2.657819693764950486e+01 7.578128368453718178e-01
6.284000000000000000e+03 2.663121018114918925e+01 9.619180538640768052e-01
6.285000000000000000e+03 2.708454701264270881e+01 8.816396021574558484e-01
6.286000000000000000e+03 2.609489515794039960e+01 7.363862334764902373e-01
6.287000000000000000e+03 2.528366383392052441e+01 8.524276535343074945e-01
6.288000000000000000e+03 2.656194393304641110e+01 9.891527077520667621e-01
6.289000000000000000e+03 2.879163706395177869e+01 8.665927615095952996e-01
6.290000000000000000e+03 2.998111507046113999e+01 9.908389935984870389e-01
6.291000000000000000e+03 2.904301801574338882e+01 1.130860093540899669e+00
6.292000000000000000e+03 2.831543785666552893e+01 8.274747975953909984e-01
6.293000000000000000e+03 2.741376653894802118e+01 8.154186174380650964e-01
6.294000000000000000e+03 2.634825190748384216e+01 9.913827162197612619e-01
6.295000000000000000e+03 2.719262424304835690e+01 8.361580802976289473e-01
6.296000000000000000e+03 2.716852275258531790e+01 8.196604189930160045e-01
6.297000000000000000e+03 2.666955940658461444e+01 1.099065750863978508e+00
6.298000000000000000e+03 2.735806194684580106e+01 9.897953890772608343e-01
6.299000000000000000e+03 2.813728069909659979e+01 8.473653799767664196e-01
6.300000000000000000e+03 2.870992779235547232e+01 9.858490826859016565e-01
6.301000000000000000e+03 2.841786205852959668e+01 9.229452393642393337e-01
6.302000000000000000e+03 2.920855168171066651e+01 7.716049491211591782e-01
6.303000000000000000e+03 3.000055044028493967e+01 1.127270201152816620e+00
6.304000000000000000e+03 3.013900870684822664e+01 3.005093740960479209e+00
6.305000000000000000e+03 2.928060672383647756e+01 2.372717555821385549e+00
6.306000000000000000e+03 2.839813010277170235e+01 2.358408516331974791e+00
6.307000000000000000e+03 2.768453592912917927e+01 9.986051971500030655e-01
6.308000000000000000e+03 2.653818711264170105e+01 7.226970839239373889e-01
6.309000000000000000e+03 2.611249128933350505e+01 7.069703937768190283e-01
6.310000000000000000e+03 2.639816739855492500e+01 9.267509375979428032e-01
6.311000000000000000e+03 2.693898229704455005e+01 7.675539052802237139e-01
6.312000000000000000e+03 2.749731542696088837e+01 7.093962081041792489e-01
6.313000000000000000e+03 2.770262224580059396e+01 8.961390314202080098e-01
6.314000000000000000e+03 2.593401265440868642e+01 7.777399467499755970e-01
6.315000000000000000e+03 2.604839325505029279e+01 6.886246318368194341e-01
6.316000000000000000e+03 2.695440449193120003e+01 8.538659940330993736e-01
6.317000000000000000e+03 2.785005222391136925e+01 9.097372807006277595e-01
6.318000000000000000e+03 2.677820740501791974e+01 7.009098001014300028e-01
6.319000000000000000e+03 2.551591012121087942e+01 7.561423496297877689e-01
6.320000000000000000e+03 2.487802508942905533e+01 8.624095638100608419e-01
6.321000000000000000e+03 2.622786822746951430e+01 7.365066466640599607e-01
6.322000000000000000e+03 2.719750535304483918e+01 8.062470230014218142e-01
6.323000000000000000e+03 2.731893630019387231e+01 1.056266051334084688e+00
6.324000000000000000e+03 2.744412820310791190e+01 8.047532192405698614e-01
6.325000000000000000e+03 2.711625370988887340e+01 7.853382274108504646e-01
6.326000000000000000e+03 2.641139534843848224e+01 9.835121176026101475e-01
6.327000000000000000e+03 2.642969652796351809e+01 7.556532024409855497e-01
6.328000000000000000e+03 2.717666204365461624e+01 7.001189799962731497e-01
6.329000000000000000e+03 2.814311257008735367e+01 9.031958092941692051e-01
6.330000000000000000e+03 2.758707296772342232e+01 8.069926688862549824e-01
6.331000000000000000e+03 2.702103514084670621e+01 6.906369539037617855e-01
6.332000000000000000e+03 2.651218609110168956e+01 8.184405538736803098e-01
6.333000000000000000e+03 2.620711085810310337e+01 8.084186395483132781e-01
6.334000000000000000e+03 2.675661155537529723e+01 6.828865844009244235e-01
6.335000000000000000e+03 2.747311883419503076e+01 7.994950913414279325e-01
6.336000000000000000e+03 2.800575882891913437e+01 9.097176403880391504e-01
6.337000000000000000e+03 2.721329553644461541e+01 6.985356313734671918e-01
6.338000000000000000e+03 2.625266930798483855e+01 7.394523062403349778e-01
6.339000000000000000e+03 2.537784335310945849e+01 8.667907016757078198e-01
6.340000000000000000e+03 2.579039519548336301e+01 6.692554852954172295e-01
6.341000000000000000e+03 2.648741389568090554e+01 6.874519221295646298e-01
6.342000000000000000e+03 2.737188049567955517e+01 9.350188024116198315e-01
6.343000000000000000e+03 2.683826310292025497e+01 7.154370391871825996e-01
6.344000000000000000e+03 2.655442298904879195e+01 6.862693618842270471e-01
6.345000000000000000e+03 2.653381496256040961e+01 8.929378747392092697e-01
6.346000000000000000e+03 2.710686335775339728e+01 7.697342663029715926e-01
6.347000000000000000e+03 2.708259390793915244e+01 6.852225119206157844e-01
6.348000000000000000e+03 2.653155643296607735e+01 8.307398396527012618e-01
6.349000000000000000e+03 2.511675369906536659e+01 7.567679297953134876e-01
6.350000000000000000e+03 2.661920067106987986e+01 6.911248763881513435e-01
6.351000000000000000e+03 2.839418635761064635e+01 8.796464373846094587e-01
6.352000000000000000e+03 2.741992411428656240e+01 8.445629579227590389e-01
6.353000000000000000e+03 2.668011044500271467e+01 6.734114658675687259e-01
6.354000000000000000e+03 2.657914160071031162e+01 7.559370615392515536e-01
6.355000000000000000e+03 2.768140242484513536e+01 8.605653404194475442e-01
6.356000000000000000e+03 2.718994191390208570e+01 6.712347477510645088e-01
6.357000000000000000e+03 2.729420795847594050e+01 7.291370618941150905e-01
6.358000000000000000e+03 2.869264606728343381e+01 9.494950951913222470e-01
6.359000000000000000e+03 2.777533302692584272e+01 7.202994848587399579e-01
6.360000000000000000e+03 2.746057322328892880e+01 7.381968312685387446e-01
6.361000000000000000e+03 2.800955249588834661e+01 9.945649517235112258e-01
6.362000000000000000e+03 2.770681852643055620e+01 7.172968589155779284e-01
6.363000000000000000e+03 2.758294148039031768e+01 6.855807375861188158e-01
6.364000000000000000e+03 2.765856565251355192e+01 8.858033851074696985e-01
6.365000000000000000e+03 2.832528381683143692e+01 7.391062204384695189e-01
6.366000000000000000e+03 2.843000524869301415e+01 6.881803645012429804e-01
6.367000000000000000e+03 2.817199166587988657e+01 8.916437951033587828e-01
6.368000000000000000e+03 2.788587213385105201e+01 8.221476349600461697e-01
6.369000000000000000e+03 2.783477869796309179e+01 7.169356086286259311e-01
6.370000000000000000e+03 2.778075105944938272e+01 8.699545564192859848e-01
6.371000000000000000e+03 2.729483737996402226e+01 7.878543028093492051e-01
6.372000000000000000e+03 2.713081018286176871e+01 6.465427612827694404e-01
6.373000000000000000e+03 2.722532459971674257e+01 7.483866333595189380e-01
6.374000000000000000e+03 2.770325486417940297e+01 7.988784686911479804e-01
6.375000000000000000e+03 2.764752066838038758e+01 6.546080552372883776e-01
6.376000000000000000e+03 2.738962648473914996e+01 7.472404425873028222e-01
6.377000000000000000e+03 2.698556681971579962e+01 8.870990867072569008e-01
6.378000000000000000e+03 2.684776446085404800e+01 6.862691512580879616e-01
6.379000000000000000e+03 2.733686473096905090e+01 7.350092359906804651e-01
6.380000000000000000e+03 2.868885851066663406e+01 9.146422299379629584e-01
6.381000000000000000e+03 2.692303318033119908e+01 6.485415186530585352e-01
6.382000000000000000e+03 2.628089817092789104e+01 6.500591662808441473e-01
6.383000000000000000e+03 2.717164129912753978e+01 8.797656380576629465e-01
6.384000000000000000e+03 2.701597724482169838e+01 6.861002874076952418e-01
6.385000000000000000e+03 2.697390107265574599e+01 6.846304092291742860e-01
6.386000000000000000e+03 2.705607054688886137e+01 9.276487089087747107e-01
6.387000000000000000e+03 2.747636690289177253e+01 7.407980885760249157e-01
6.388000000000000000e+03 2.724849532626792126e+01 6.765167687064010948e-01
6.389000000000000000e+03 2.669685035700982922e+01 8.195001751835458981e-01
6.390000000000000000e+03 2.717822337956629397e+01 7.044742478533863039e-01
6.391000000000000000e+03 2.749236846083026364e+01 6.396277621147737902e-01
6.392000000000000000e+03 2.747225784013586392e+01 8.156340326850739508e-01
6.393000000000000000e+03 2.629774681875823461e+01 7.202716066492557134e-01
6.394000000000000000e+03 2.626946190454728836e+01 6.125128297888535744e-01
6.395000000000000000e+03 2.670493237179509904e+01 7.337944959638295073e-01
6.396000000000000000e+03 2.703728403034279992e+01 7.298799116697936018e-01
6.397000000000000000e+03 2.677479573346620256e+01 6.016372851743861938e-01
6.398000000000000000e+03 2.650714603268158953e+01 7.020800819011208116e-01
6.399000000000000000e+03 2.671227668956485601e+01 7.570029252479667514e-01
6.400000000000000000e+03 2.753176487616400792e+01 6.237142756116709208e-01
6.401000000000000000e+03 2.795164740443427220e+01 7.163055821654578104e-01
6.402000000000000000e+03 2.728976687020923464e+01 8.064858295318033665e-01
6.403000000000000000e+03 2.737507613291027653e+01 6.295124235550393355e-01
6.404000000000000000e+03 2.744031011550521981e+01 6.838941138094338790e-01
6.405000000000000000e+03 2.728358080549512010e+01 8.139308976122897610e-01
6.406000000000000000e+03 2.652716541003912454e+01 6.106295354113207008e-01
6.407000000000000000e+03 2.614450397301571272e+01 6.338076189875816446e-01
6.408000000000000000e+03 2.631293792777398721e+01 8.071386601291841156e-01
6.409000000000000000e+03 2.593518866921514032e+01 6.053172061100539070e-01
6.410000000000000000e+03 2.555650278189695612e+01 6.091463885721136728e-01
6.411000000000000000e+03 2.521256276998693480e+01 8.083116335180334788e-01
6.412000000000000000e+03 2.622684476821627797e+01 6.409799442494114041e-01
6.413000000000000000e+03 2.693213783907291869e+01 6.342818458232349910e-01
6.414000000000000000e+03 2.734734777608192502e+01 8.511205973184622353e-01
6.415000000000000000e+03 2.740681842044439520e+01 6.847429360775980633e-01
6.416000000000000000e+03 2.735486370985609739e+01 6.456370554353320079e-01
6.417000000000000000e+03 2.720251928729192770e+01 8.389869612589487824e-01
6.418000000000000000e+03 2.687971730849923802e+01 7.059784916199656202e-01
6.419000000000000000e+03 2.651794233945784640e+01 6.323796006285422600e-01
6.420000000000000000e+03 2.620108900254587425e+01 7.814049433520541266e-01
6.421000000000000000e+03 2.627609311140543014e+01 6.885534424663803943e-01
6.422000000000000000e+03 2.717003095333241092e+01 6.212789521716765018e-01
6.423000000000000000e+03 2.804482300695003616e+01 7.979754908439751215e-01
6.424000000000000000e+03 2.711336592715288774e+01 7.176674955266515443e-01
6.425000000000000000e+03 2.778946805973040313e+01 6.361437254431477895e-01
6.426000000000000000e+03 2.870164086906881451e+01 8.035645590782758418e-01
6.427000000000000000e+03 2.822075629633909344e+01 7.848355553062295042e-01
6.428000000000000000e+03 2.754716791533166997e+01 6.398269077513789593e-01
6.429000000000000000e+03 2.706594964221351063e+01 7.419291283379237933e-01
6.430000000000000000e+03 2.727019019394906252e+01 7.613834049570581408e-01
6.431000000000000000e+03 2.698465485167990252e+01 6.007141327004231757e-01
6.432000000000000000e+03 2.641725865520686867e+01 6.745167385615553624e-01
6.433000000000000000e+03 2.550805493169631788e+01 7.071198502557021204e-01
6.434000000000000000e+03 2.663284657457064597e+01 5.952822596327699278e-01
6.435000000000000000e+03 2.742428227514028549e+01 6.918531583000351315e-01
6.436000000000000000e+03 2.680285261952782605e+01 8.055029673180889027e-01
6.437000000000000000e+03 2.586513586793154929e+01 6.202726780091243342e-01
6.438000000000000000e+03 2.531027864784805814e+01 6.705701556169267885e-01
6.439000000000000000e+03 2.544146547315153484e+01 7.903747552253819197e-01
6.440000000000000000e+03 2.541729445511716179e+01 6.036640064785796511e-01
6.441000000000000000e+03 2.568226719888161114e+01 6.401178483261567020e-01
6.442000000000000000e+03 2.636942776661417653e+01 7.980084690037594353e-01
6.443000000000000000e+03 2.621847672495446346e+01 6.073163405773430723e-01
6.444000000000000000e+03 2.629363952073226685e+01 6.312053810453491787e-01
6.445000000000000000e+03 2.671262657391644879e+01 8.203851724060207129e-01
6.446000000000000000e+03 2.724541439172935853e+01 6.336235913788661467e-01
6.447000000000000000e+03 2.725845705052203627e+01 6.438781967341569157e-01
6.448000000000000000e+03 2.671454851367007777e+01 8.506358210328883729e-01
6.449000000000000000e+03 2.666819367201261670e+01 6.399591758053266854e-01
6.450000000000000000e+03 2.636730125860370677e+01 6.290427738245001343e-01
6.451000000000000000e+03 2.584037689412270211e+01 8.132209873118886323e-01
6.452000000000000000e+03 2.576986098068442033e+01 6.309504695862745427e-01
6.453000000000000000e+03 2.597271155618687644e+01 6.103528233050230511e-01
6.454000000000000000e+03 2.638023910086768353e+01 8.033350132323378023e-01
6.455000000000000000e+03 2.638289150456822085e+01 6.395149770589849680e-01
6.456000000000000000e+03 2.703460629681158522e+01 6.171884434520903406e-01
6.457000000000000000e+03 2.802963157800527583e+01 8.448826881900380892e-01
6.458000000000000000e+03 2.747557276058244113e+01 6.917853600781247447e-01
6.459000000000000000e+03 2.722497245503253538e+01 6.419558965406266804e-01
6.460000000000000000e+03 2.716974098138442528e+01 8.351048703613511703e-01
6.461000000000000000e+03 2.705952222496467030e+01 6.980107441612254382e-01
6.462000000000000000e+03 2.722353739495514802e+01 6.254541339708615810e-01
6.463000000000000000e+03 2.731718969897277560e+01 7.800016868002993542e-01
6.464000000000000000e+03 2.589414506353702095e+01 6.407719577384922705e-01
6.465000000000000000e+03 2.537454741748236486e+01 5.683232179463051370e-01
6.466000000000000000e+03 2.549850226700971234e+01 7.188475471570296982e-01
6.467000000000000000e+03 2.644389525509866701e+01 6.855363234680407203e-01
6.468000000000000000e+03 2.658042335058229355e+01 6.029661087157296429e-01
6.469000000000000000e+03 2.650362977686958388e+01 7.486401350641642694e-01
6.470000000000000000e+03 2.726252169209104181e+01 7.150738593716918778e-01
6.471000000000000000e+03 2.760193619956028854e+01 6.213779732176218928e-01
6.472000000000000000e+03 2.759277666806784524e+01 7.686080868232733065e-01
6.473000000000000000e+03 2.694825723022222519e+01 7.091949613859627188e-01
6.474000000000000000e+03 2.668056950287740747e+01 6.028136631450027316e-01
6.475000000000000000e+03 2.666178721214837566e+01 7.335961610012105005e-01
6.476000000000000000e+03 2.697796330922097496e+01 7.128779473382712562e-01
6.477000000000000000e+03 2.668448803869086206e+01 5.990712653520269271e-01
6.478000000000000000e+03 2.618397066750970126e+01 7.206401071066630415e-01
6.479000000000000000e+03 2.575362457206099265e+01 7.175361337475946177e-01
6.480000000000000000e+03 2.685386372495219831e+01 6.173557345368813065e-01
6.481000000000000000e+03 2.796624203105338324e+01 7.599030013817663631e-01
6.482000000000000000e+03 2.758774520182578271e+01 7.356975911100892551e-01
6.483000000000000000e+03 2.630062431447531779e+01 5.864163518836089661e-01
6.484000000000000000e+03 2.539951047398812989e+01 6.740064506234499930e-01
6.485000000000000000e+03 2.633091249067277673e+01 7.138770880453416678e-01
6.486000000000000000e+03 2.639101043401941737e+01 5.859327986499236474e-01
6.487000000000000000e+03 2.606428764838972612e+01 6.896753796285841620e-01
6.488000000000000000e+03 2.539236160893435468e+01 7.102844673889547877e-01
6.489000000000000000e+03 2.585354512812891414e+01 5.905494881550849007e-01
6.490000000000000000e+03 2.636437203092637205e+01 7.000473083495067916e-01
6.491000000000000000e+03 2.626475524410338025e+01 7.358487959286489355e-01
6.492000000000000000e+03 2.615622735346949668e+01 5.931825493425529894e-01
6.493000000000000000e+03 2.609821625554475943e+01 6.854725420374092604e-01
6.494000000000000000e+03 2.616033119612555069e+01 7.284400130463528633e-01
6.495000000000000000e+03 2.571528650376484038e+01 5.783948024840879221e-01
6.496000000000000000e+03 2.512415536119076975e+01 6.584291215289208576e-01
6.497000000000000000e+03 2.447709271752772153e+01 6.932815292925817996e-01
6.498000000000000000e+03 2.406608876117651974e+01 5.467211132057331335e-01
6.499000000000000000e+03 2.408090329810655916e+01 6.213895465448812105e-01
6.500000000000000000e+03 2.488134282239506589e+01 7.059223933529651385e-01
6.501000000000000000e+03 2.566668180266109900e+01 5.801517001381003569e-01
6.502000000000000000e+03 2.609143757140990516e+01 6.748486834486706609e-01
6.503000000000000000e+03 2.578271648849181474e+01 7.494878270678295706e-01
6.504000000000000000e+03 2.497036014394446468e+01 5.968746206836603729e-01
6.505000000000000000e+03 2.469162707900331810e+01 6.819700973742967021e-01
6.506000000000000000e+03 2.569096033790637534e+01 7.867484138834510699e-01
6.507000000000000000e+03 2.637027331970289978e+01 6.280775052699562044e-01
6.508000000000000000e+03 2.689870611295550873e+01 7.178036452542252421e-01
6.509000000000000000e+03 2.725342266883268749e+01 8.368677720330253145e-01
6.510000000000000000e+03 2.728840229821988572e+01 6.593105138713940550e-01
6.511000000000000000e+03 2.709553744420190569e+01 7.409180593314721452e-01
6.512000000000000000e+03 2.657698528514765002e+01 7.864410435874300553e-01
6.513000000000000000e+03 2.688623173630066532e+01 6.382418157849215623e-01
6.514000000000000000e+03 2.712875144926030302e+01 7.314114747663984506e-01
6.515000000000000000e+03 2.694082052919978665e+01 8.066309252494290316e-01
6.516000000000000000e+03 2.649595173744891241e+01 6.224009081670183186e-01
6.517000000000000000e+03 2.624639871963480076e+01 6.920571534649595513e-01
6.518000000000000000e+03 2.646937128714551335e+01 7.631218794890265444e-01
6.519000000000000000e+03 2.610445816467965940e+01 5.963688753260012465e-01
6.520000000000000000e+03 2.588989477441774767e+01 6.705979134116424323e-01
6.521000000000000000e+03 2.618977572277947985e+01 7.537292652217403299e-01
6.522000000000000000e+03 2.570108491970070830e+01 5.935191384110068968e-01
6.523000000000000000e+03 2.578210049644573232e+01 6.734949005209255324e-01
6.524000000000000000e+03 2.729944481940444945e+01 7.842186598609580672e-01
6.525000000000000000e+03 2.666110146188797714e+01 6.135073517283032851e-01
6.526000000000000000e+03 2.606794454540303718e+01 6.935143940774095572e-01
6.527000000000000000e+03 2.643129373223035472e+01 7.805710806785475242e-01
6.528000000000000000e+03 2.616738423313601203e+01 6.154838792079685428e-01
6.529000000000000000e+03 2.600003067962522252e+01 6.999815324988554188e-01
6.530000000000000000e+03 2.630447445125114569e+01 7.640513774550787840e-01
6.531000000000000000e+03 2.691792331607453903e+01 6.165646494970866698e-01
6.532000000000000000e+03 2.712296484878088876e+01 7.140704396266353005e-01
6.533000000000000000e+03 2.629901972142837252e+01 7.605423505010306950e-01
6.534000000000000000e+03 2.625032579538650168e+01 6.333921530476166462e-01
6.535000000000000000e+03 2.695303200110938135e+01 7.628854827640015879e-01
6.536000000000000000e+03 2.892929438847809465e+01 9.815225795050630531e-01
6.537000000000000000e+03 2.911642212637758576e+01 8.691067417849202004e-01
6.538000000000000000e+03 2.841258919422413243e+01 1.073049575412535761e+00
6.539000000000000000e+03 2.665089208399153264e+01 1.128906074039895513e+00
6.540000000000000000e+03 2.762517531080239763e+01 9.088026842885145173e-01
6.541000000000000000e+03 2.912238884360013103e+01 1.060573208753011976e+00
6.542000000000000000e+03 3.014138934428192584e+01 1.103685182338526305e+00
6.543000000000000000e+03 3.083911316619918708e+01 9.592103539017039493e-01
6.544000000000000000e+03 3.205062364281054954e+01 1.195442230748622547e+00
6.545000000000000000e+03 3.485664070244157386e+01 1.305109447719396742e+00
6.546000000000000000e+03 3.982348171182142949e+01 1.106649067490371285e+00
6.547000000000000000e+03 4.716006109664274248e+01 1.387226202508076600e+00
6.548000000000000000e+03 5.939292735589767602e+01 1.958173537703588485e+00
6.549000000000000000e+03 6.998803984852843030e+01 1.978960981172837030e+00
6.550000000000000000e+03 7.738115459012274755e+01 2.736893804166363964e+00
6.551000000000000000e+03 7.651601691985392506e+01 2.654573822311748543e+00
6.552000000000000000e+03 6.703089248217068530e+01 1.927404338977889653e+00
6.553000000000000000e+03 5.492749371186593521e+01 1.861110618241796022e+00
6.554000000000000000e+03 4.437038188416105555e+01 1.281229549285538116e+00
6.555000000000000000e+03 4.137491764514856385e+01 1.051755133806540954e+00
6.556000000000000000e+03 4.239854795835770318e+01 1.293653317600834463e+00
6.557000000000000000e+03 4.737646278208750061e+01 1.455038379165878082e+00
6.558000000000000000e+03 5.915542625890807926e+01 1.623917634437129554e+00
6.559000000000000000e+03 7.566106387096179731e+01 2.562994132935847880e+00
6.560000000000000000e+03 9.979942565353832151e+01 4.161580029481282139e+00
6.561000000000000000e+03 1.388326171340004578e+02 5.924756349672058775e+00
6.562000000000000000e+03 1.888993189115607265e+02 1.061672066326965869e+01
6.563000000000000000e+03 2.584886796867589851e+02 1.983344342311828967e+01
6.564000000000000000e+03 3.144789566989088598e+02 2.211216959983037711e+01
6.565000000000000000e+03 3.497180756951982517e+02 3.500280286535993213e+01
6.566000000000000000e+03 3.052412351042918885e+02 2.205279151403897941e+01
6.567000000000000000e+03 2.358212469415255725e+02 1.577169498026447947e+01
6.568000000000000000e+03 1.559402984701566481e+02 8.639466096695468167e+00
6.569000000000000000e+03 1.033923371364303847e+02 3.659045933826820640e+00
6.570000000000000000e+03 7.083183275365891518e+01 2.436520543451210941e+00
6.571000000000000000e+03 5.224948880611618307e+01 2.403487131596950821e+00
6.572000000000000000e+03 4.535893407560288182e+01 1.721244910986429622e+00
6.573000000000000000e+03 3.955494122994242190e+01 1.491242392536430872e+00
6.574000000000000000e+03 3.490605682546357968e+01 1.668185556807546988e+00
6.575000000000000000e+03 3.539295330662893235e+01 1.254507049083281700e+00
6.576000000000000000e+03 3.543118243501446329e+01 1.194036520411400959e+00
6.577000000000000000e+03 3.522172063280134324e+01 1.621541809050514038e+00
6.578000000000000000e+03 3.739816189602890262e+01 1.388827116715610988e+00
6.579000000000000000e+03 4.258686095576132402e+01 1.460514660548244636e+00
6.580000000000000000e+03 5.052853592561685758e+01 2.288342560496396061e+00
6.581000000000000000e+03 6.230102573493918072e+01 2.310787323566647178e+00
6.582000000000000000e+03 8.281502038655742126e+01 2.873536805300646702e+00
6.583000000000000000e+03 1.121908552468207603e+02 5.598574512371607526e+00
6.584000000000000000e+03 1.496816323364662651e+02 7.203170027445170653e+00
6.585000000000000000e+03 1.749142351768464039e+02 8.317603051980729134e+00
6.586000000000000000e+03 1.858440013385295515e+02 1.189351437835335012e+01
6.587000000000000000e+03 1.552322667834837091e+02 6.252942541993275150e+00
6.588000000000000000e+03 1.188563349723279430e+02 4.923134070970968779e+00
6.589000000000000000e+03 7.785199651466002990e+01 3.046192394969539752e+00
6.590000000000000000e+03 5.795513724739424788e+01 1.687649025375481893e+00
6.591000000000000000e+03 4.406349958400423361e+01 1.406157504232849575e+00
6.592000000000000000e+03 3.627933810573278350e+01 1.255243511357870378e+00
6.593000000000000000e+03 3.300950339135245315e+01 9.090246729554483096e-01
6.594000000000000000e+03 3.049551459638550810e+01 9.739478732982179698e-01
6.595000000000000000e+03 2.822615318039089161e+01 1.085783597524681454e+00
6.596000000000000000e+03 2.820334362738148570e+01 8.583848072936370865e-01
6.597000000000000000e+03 2.836596286022601632e+01 9.777154710611247745e-01
6.598000000000000000e+03 2.804900921562847316e+01 9.660743814552130715e-01
6.599000000000000000e+03 2.757719725102607100e+01 7.355724256001955341e-01
6.600000000000000000e+03 2.725387362450648610e+01 8.280182231746862076e-01
6.601000000000000000e+03 2.739026531678687348e+01 8.520518005679083018e-01
6.602000000000000000e+03 2.719792546636787733e+01 7.017992551292873138e-01
6.603000000000000000e+03 2.719347365381633352e+01 8.506123677717181142e-01
6.604000000000000000e+03 2.806788695993147442e+01 8.606444539424037421e-01
6.605000000000000000e+03 2.816009808324086450e+01 7.409478733487744329e-01
6.606000000000000000e+03 2.788772813609985590e+01 9.389490497742394304e-01
6.607000000000000000e+03 2.733596145704503400e+01 8.976395868032699399e-01
6.608000000000000000e+03 2.685742505449518092e+01 7.672792217108990176e-01
6.609000000000000000e+03 2.648230551999182936e+01 9.449035684605285867e-01
6.610000000000000000e+03 2.646093411607568058e+01 7.744433549235782976e-01
6.611000000000000000e+03 2.679462018499944165e+01 6.889863477878596099e-01
6.612000000000000000e+03 2.716597149286596746e+01 8.940225436622433186e-01
6.613000000000000000e+03 2.635420473241057948e+01 7.095274718045493367e-01
6.614000000000000000e+03 2.618646100785138486e+01 6.486246554005180576e-01
6.615000000000000000e+03 2.642045946354824792e+01 8.446428192314462402e-01
6.616000000000000000e+03 2.619923131343000122e+01 7.185269975993273661e-01
6.617000000000000000e+03 2.561994734612927260e+01 7.170843113893654586e-01
6.618000000000000000e+03 2.481017862272767260e+01 1.038401014441969084e+00
6.619000000000000000e+03 2.635850180306061574e+01 8.378764251436551236e-01
6.620000000000000000e+03 2.744791580598398539e+01 8.461731004657661037e-01
6.621000000000000000e+03 2.808553550240326757e+01 1.116356170616444210e+00
6.622000000000000000e+03 2.754767772452189334e+01 7.106021164867114548e-01
6.623000000000000000e+03 2.706410431612174605e+01 6.917153728775505828e-01
6.624000000000000000e+03 2.667825774295207353e+01 8.522752039201015872e-01
6.625000000000000000e+03 2.617729060909985606e+01 6.738160009145216511e-01
6.626000000000000000e+03 2.609005844684483932e+01 7.649407944943305004e-01
6.627000000000000000e+03 2.662827665823341761e+01 1.102844458656379478e+00
6.628000000000000000e+03 2.558880014391690594e+01 9.093820756361074009e-01
6.629000000000000000e+03 2.533937841573843031e+01 1.050900317344396040e+00
6.630000000000000000e+03 2.696906168287554451e+01 1.122254180393918555e+00
6.631000000000000000e+03 2.604615677223730685e+01 7.743048527706353212e-01
6.632000000000000000e+03 2.512930924774169839e+01 7.844337254106499291e-01
6.633000000000000000e+03 2.553049232879638808e+01 7.436306541231146872e-01
6.634000000000000000e+03 2.620160457334920068e+01 6.163911105001571578e-01
6.635000000000000000e+03 2.665460621070861791e+01 7.569907027876007222e-01
6.636000000000000000e+03 2.617246871343612824e+01 7.294701164298100782e-01
6.637000000000000000e+03 2.594727049411370245e+01 6.183397116701472296e-01
6.638000000000000000e+03 2.594279712099400825e+01 7.730501752008585026e-01
6.639000000000000000e+03 2.645944339528565692e+01 6.964784379948363302e-01
6.640000000000000000e+03 2.647545606106976024e+01 6.153177891556971257e-01
6.641000000000000000e+03 2.630850239957461412e+01 7.947987007789673042e-01
6.642000000000000000e+03 2.667111730472663567e+01 7.448690282310221900e-01
6.643000000000000000e+03 2.677077091774239648e+01 7.277201316725505631e-01
6.644000000000000000e+03 2.667134477537758386e+01 1.054710144449360509e+00
6.645000000000000000e+03 2.626594792918714916e+01 8.205953014435051207e-01
6.646000000000000000e+03 2.585399772240612393e+01 7.666648182379930399e-01
6.647000000000000000e+03 2.544096798750958399e+01 9.152493273398256690e-01
6.648000000000000000e+03 2.544355081554885700e+01 6.387847742117371830e-01
6.649000000000000000e+03 2.599240490880744758e+01 6.469371330069743076e-01
6.650000000000000000e+03 2.713774928044405144e+01 8.863425544762217889e-01
6.651000000000000000e+03 2.793731156266798621e+01 7.717065285728208490e-01
6.652000000000000000e+03 2.780067830140528429e+01 8.794361718671167560e-01
6.653000000000000000e+03 2.637116096971821477e+01 1.166320064835049353e+00
6.654000000000000000e+03 2.517700315985763382e+01 8.765930859116284335e-01
6.655000000000000000e+03 2.489493313381484541e+01 9.587912616038944957e-01
6.656000000000000000e+03 2.622132799413376247e+01 9.262744168070794482e-01
6.657000000000000000e+03 2.649193992809753695e+01 6.892354898689020404e-01
6.658000000000000000e+03 2.652375188315328103e+01 7.668148617231013153e-01
6.659000000000000000e+03 2.654073866085758837e+01 7.805931101245101589e-01
6.660000000000000000e+03 2.612210532240308325e+01 6.396857900269635744e-01
6.661000000000000000e+03 2.585694372839633459e+01 7.769432956254650469e-01
6.662000000000000000e+03 2.663414266493315807e+01 7.316380650581879586e-01
6.663000000000000000e+03 2.638694733538925519e+01 6.196133381540133156e-01
6.664000000000000000e+03 2.584628968073683808e+01 7.616286509554021089e-01
6.665000000000000000e+03 2.628943568302947398e+01 6.717774133479265108e-01
6.666000000000000000e+03 2.667723894229045811e+01 6.164048016948695530e-01
6.667000000000000000e+03 2.693304713315265175e+01 8.246099517164751092e-01
6.668000000000000000e+03 2.609194399275977005e+01 6.619193098538033171e-01
6.669000000000000000e+03 2.583872369713253292e+01 6.369549654488034784e-01
6.670000000000000000e+03 2.607147482492831259e+01 8.632808513219862867e-01
6.671000000000000000e+03 2.655232503448679893e+01 7.003500179989229357e-01
6.672000000000000000e+03 2.674366041230080882e+01 7.467539636711947315e-01
6.673000000000000000e+03 2.661700408971714538e+01 1.055024243698917896e+00
6.674000000000000000e+03 2.708442275728508974e+01 7.747188112103036151e-01
6.675000000000000000e+03 2.776441872258298460e+01 8.195647690581853162e-01
6.676000000000000000e+03 2.870132202328995419e+01 8.800056314827537918e-01
6.677000000000000000e+03 2.832346825614037655e+01 6.644271743722194312e-01
6.678000000000000000e+03 2.797432218779065494e+01 7.525157412521554789e-01
6.679000000000000000e+03 2.809451845898343336e+01 8.858945942529437012e-01
6.680000000000000000e+03 2.846198824054654608e+01 8.039778153346981426e-01
6.681000000000000000e+03 2.865136654891398038e+01 1.053384365334111727e+00
6.682000000000000000e+03 2.811730259783805153e+01 1.046438281705725615e+00
6.683000000000000000e+03 2.889377727133843976e+01 8.679353845758357444e-01
6.684000000000000000e+03 2.974363462286700965e+01 1.055921075385605867e+00
6.685000000000000000e+03 2.845757729011931048e+01 8.043974616647410203e-01
6.686000000000000000e+03 2.681856332548080957e+01 6.798590881554164023e-01
6.687000000000000000e+03 2.525616171973048907e+01 8.079335298764978024e-01
6.688000000000000000e+03 2.625215793292004562e+01 6.758391440181678034e-01
6.689000000000000000e+03 2.715821636044687892e+01 6.547207665352753336e-01
6.690000000000000000e+03 2.795484166892127931e+01 9.104921308425079074e-01
6.691000000000000000e+03 2.664688105070353075e+01 6.447701742599082353e-01
6.692000000000000000e+03 2.621579190250279368e+01 6.522076758961545817e-01
6.693000000000000000e+03 2.675349703006732227e+01 8.601185002530120638e-01
6.694000000000000000e+03 2.800183924976989758e+01 6.731695776465093095e-01
6.695000000000000000e+03 2.809034245387995199e+01 7.397633345071025213e-01
6.696000000000000000e+03 2.630468295109218957e+01 8.043249458203113322e-01
6.697000000000000000e+03 2.613831503085213370e+01 6.215257461364022129e-01
6.698000000000000000e+03 2.600707606620288104e+01 7.149587513529960248e-01
6.699000000000000000e+03 2.533207399502910206e+01 7.605041596922923475e-01
6.700000000000000000e+03 2.597128058973751763e+01 6.402286882285073144e-01
6.701000000000000000e+03 2.661375433415598124e+01 8.026890302164872981e-01
6.702000000000000000e+03 2.590139971195615587e+01 7.138720758540400002e-01
6.703000000000000000e+03 2.578419219171646048e+01 6.300916136855752026e-01
6.704000000000000000e+03 2.604278250392202665e+01 8.364338891974808510e-01
6.705000000000000000e+03 2.690127243048395300e+01 7.730319356812971332e-01
6.706000000000000000e+03 2.687696667431124808e+01 7.195846537368941753e-01
6.707000000000000000e+03 2.626557280090706570e+01 9.456505753587898244e-01
6.708000000000000000e+03 2.599351341030108031e+01 7.182045920691374485e-01
6.709000000000000000e+03 2.626486651179238763e+01 7.113927485646922566e-01
6.710000000000000000e+03 2.706394165807015639e+01 9.323531100413661177e-01
6.711000000000000000e+03 2.635841411478454432e+01 7.129587381735984497e-01
6.712000000000000000e+03 2.695580445798789526e+01 7.832967923203902894e-01
6.713000000000000000e+03 2.946035198317341397e+01 1.038392987836589398e+00
6.714000000000000000e+03 3.221038430829277388e+01 8.725645700377949732e-01
6.715000000000000000e+03 3.538504043492062578e+01 1.053712680455240580e+00
6.716000000000000000e+03 3.936412674034528436e+01 1.247488506215004955e+00
6.717000000000000000e+03 4.438467223009779872e+01 1.107353475449394553e+00
6.718000000000000000e+03 4.834416660904695817e+01 1.448569612976589482e+00
6.719000000000000000e+03 4.778407686886629335e+01 1.359714256014586065e+00
6.720000000000000000e+03 4.441673142196926705e+01 1.104867704137905582e+00
6.721000000000000000e+03 3.961398608053475812e+01 1.261972075035707519e+00
6.722000000000000000e+03 3.385995682307759580e+01 8.819324553676740619e-01
6.723000000000000000e+03 2.978876525612328052e+01 7.670405363401775478e-01
6.724000000000000000e+03 2.700911032743375628e+01 9.283204647689826672e-01
6.725000000000000000e+03 2.721405908425874642e+01 6.877394809447584523e-01
6.726000000000000000e+03 2.741363946292127096e+01 6.865557093714217407e-01
6.727000000000000000e+03 2.760771340424528120e+01 8.856279879366002472e-01
6.728000000000000000e+03 2.954481866690638725e+01 7.240767699915392486e-01
6.729000000000000000e+03 3.206954851609299340e+01 8.308972480299693375e-01
6.730000000000000000e+03 3.533249214383705805e+01 1.118157627855210778e+00
6.731000000000000000e+03 4.000035349911734528e+01 9.987195806718540680e-01
6.732000000000000000e+03 4.471553596447259338e+01 1.271473187384231540e+00
6.733000000000000000e+03 4.893791540159257636e+01 1.510004320506316500e+00
6.734000000000000000e+03 4.783033522910087498e+01 1.192076670715288556e+00
6.735000000000000000e+03 4.397091186801279861e+01 1.376168120393847616e+00
6.736000000000000000e+03 3.620349747807960483e+01 9.494668634003951002e-01
6.737000000000000000e+03 3.069543618739776036e+01 7.685771496180204831e-01
6.738000000000000000e+03 2.680280946521308394e+01 8.655628006601362445e-01
6.739000000000000000e+03 2.655962829049177998e+01 6.788009783070440006e-01
6.740000000000000000e+03 2.659545662604972094e+01 6.596123219726852671e-01
6.741000000000000000e+03 2.686798978082196498e+01 9.154262825334740228e-01
6.742000000000000000e+03 2.606211084881867635e+01 6.587726082396084815e-01
6.743000000000000000e+03 2.532567461548133991e+01 6.829676610903399059e-01
6.744000000000000000e+03 2.469768937097238393e+01 7.855633677745617049e-01
6.745000000000000000e+03 2.408084120594400090e+01 5.897476691224559087e-01
6.746000000000000000e+03 2.380485444657077920e+01 6.683951834349053378e-01
6.747000000000000000e+03 2.421926868305107305e+01 7.607193327376216008e-01
6.748000000000000000e+03 2.455913643075308173e+01 6.306962171235414027e-01
6.749000000000000000e+03 2.488238646588610337e+01 7.866289805407593594e-01
6.750000000000000000e+03 2.522195659236713183e+01 7.225329278169807523e-01
6.751000000000000000e+03 2.471919742643533979e+01 6.165003577692917958e-01
6.752000000000000000e+03 2.399054923760374081e+01 7.680803259264463723e-01
6.753000000000000000e+03 2.474238093563552709e+01 6.566455770836823191e-01
6.754000000000000000e+03 2.545432919535451077e+01 6.293627231059234495e-01
6.755000000000000000e+03 2.612880717380998519e+01 8.568700039438386096e-01
6.756000000000000000e+03 2.577194855683423214e+01 6.273691578252180712e-01
6.757000000000000000e+03 2.510390881553816556e+01 6.495936221153491008e-01
6.758000000000000000e+03 2.405358018484621851e+01 7.736101367576125876e-01
6.759000000000000000e+03 2.392355784883998027e+01 5.966641036642762463e-01
6.760000000000000000e+03 2.399105719840107298e+01 6.816540878467680642e-01
6.761000000000000000e+03 2.423378692277187696e+01 7.231702205627045243e-01
6.762000000000000000e+03 2.417747318921998811e+01 5.882463676333338221e-01
6.763000000000000000e+03 2.448049390035384931e+01 7.262705524460646433e-01
6.764000000000000000e+03 2.633996782672158332e+01 7.394742011196054898e-01
6.765000000000000000e+03 2.647293912992232023e+01 6.453084444612330328e-01
6.766000000000000000e+03 2.577375089605462932e+01 8.243337631671080468e-01
6.767000000000000000e+03 2.534698613716030025e+01 6.568147920149365326e-01
6.768000000000000000e+03 2.520905884877010905e+01 6.282062318284010738e-01
6.769000000000000000e+03 2.530763968454330026e+01 8.540414883194414886e-01
6.770000000000000000e+03 2.488398494633923974e+01 6.249820778685644118e-01
6.771000000000000000e+03 2.496495236253260330e+01 6.612356185927924512e-01
6.772000000000000000e+03 2.571411958046371993e+01 8.075217511026500095e-01
6.773000000000000000e+03 2.528958133442689515e+01 6.189728738416930831e-01
6.774000000000000000e+03 2.478937005587634346e+01 7.129060429745573968e-01
6.775000000000000000e+03 2.449485420713750372e+01 7.362481124706222735e-01
6.776000000000000000e+03 2.497737575402684129e+01 6.144360070716693434e-01
6.777000000000000000e+03 2.568727093607289547e+01 7.777197374888269454e-01
6.778000000000000000e+03 2.629200624350792381e+01 7.331716898143010308e-01
6.779000000000000000e+03 2.666131721846257463e+01 6.708343405611205679e-01
6.780000000000000000e+03 2.688343239549098485e+01 9.151816851542663445e-01
6.781000000000000000e+03 2.697248677072638046e+01 7.281239398483407843e-01
6.782000000000000000e+03 2.627937877523212862e+01 7.089846682545662970e-01
6.783000000000000000e+03 2.483554459998246600e+01 8.387827492754867942e-01
6.784000000000000000e+03 2.511596639810262133e+01 6.229439323045986576e-01
6.785000000000000000e+03 2.555117487360971751e+01 6.858410796883186444e-01
6.786000000000000000e+03 2.608746359162545403e+01 8.233489402301649163e-01
6.787000000000000000e+03 2.552225407312018390e+01 6.458966005040185365e-01
6.788000000000000000e+03 2.482611220517310358e+01 7.646493541484287171e-01
6.789000000000000000e+03 2.441522170403415615e+01 6.824131548706519057e-01
6.790000000000000000e+03 2.446989044039351668e+01 5.831163298901838044e-01
6.791000000000000000e+03 2.473641202421548257e+01 7.566016942503134279e-01
6.792000000000000000e+03 2.507314253093150214e+01 6.745850376174903351e-01
6.793000000000000000e+03 2.527778609983623070e+01 6.443762843474878377e-01
6.794000000000000000e+03 2.537419652069569764e+01 8.882159072469713035e-01
6.795000000000000000e+03 2.440568027737059609e+01 6.104389739883970822e-01
6.796000000000000000e+03 2.426566141531066734e+01 6.260767697900410100e-01
6.797000000000000000e+03 2.517409499150600283e+01 7.651015433337613469e-01
6.798000000000000000e+03 2.526530680199997647e+01 5.802026596422961147e-01
6.799000000000000000e+03 2.522991697942356382e+01 6.652885492652280686e-01
6.800000000000000000e+03 2.516624581085930146e+01 6.979424965916756207e-01
6.801000000000000000e+03 2.478373850082115837e+01 5.740237858738490573e-01
6.802000000000000000e+03 2.432977552397986543e+01 7.154129849957617804e-01
6.803000000000000000e+03 2.403914018004548225e+01 6.285214487806417560e-01
6.804000000000000000e+03 2.423139733217435676e+01 5.726622384348413197e-01
6.805000000000000000e+03 2.474183277076419785e+01 7.679244365422333019e-01
6.806000000000000000e+03 2.553094133510304786e+01 6.117407857667990223e-01
6.807000000000000000e+03 2.591761304528283461e+01 6.268175760560239507e-01
6.808000000000000000e+03 2.586742356756071004e+01 7.824393264680084004e-01
6.809000000000000000e+03 2.556413413728646944e+01 5.881668450293987549e-01
6.810000000000000000e+03 2.544593973712268564e+01 6.614637040972332072e-01
6.811000000000000000e+03 2.572055396648068992e+01 7.065044554497316165e-01
6.812000000000000000e+03 2.554244299787864492e+01 5.718182677058062380e-01
6.813000000000000000e+03 2.520211588213597054e+01 7.051420772733583142e-01
6.814000000000000000e+03 2.473970305122942293e+01 6.344895416217727346e-01
6.815000000000000000e+03 2.502297951611949856e+01 5.714976176704089639e-01
6.816000000000000000e+03 2.563028496087208552e+01 7.735855622296627931e-01
6.817000000000000000e+03 2.499532400689609446e+01 6.015255053605506053e-01
6.818000000000000000e+03 2.486255697666095088e+01 5.998938120228773929e-01
6.819000000000000000e+03 2.523198387018433664e+01 7.660518616858058571e-01
6.820000000000000000e+03 2.548586604687169199e+01 5.751027501119435614e-01
6.821000000000000000e+03 2.527543683369979277e+01 6.428901493323352367e-01
6.822000000000000000e+03 2.426427115395882694e+01 7.148458522334929510e-01
6.823000000000000000e+03 2.374410854013869709e+01 5.890273732413884300e-01
6.824000000000000000e+03 2.380301587632676785e+01 7.404521044139696917e-01
6.825000000000000000e+03 2.544585038372495944e+01 7.018604097726675040e-01
6.826000000000000000e+03 2.545656485916740763e+01 6.116388779123954622e-01
6.827000000000000000e+03 2.466300063728176895e+01 7.734246737994785459e-01
6.828000000000000000e+03 2.490893881144949518e+01 6.210500217295094050e-01
6.829000000000000000e+03 2.514996824991791868e+01 6.238201217767866957e-01
6.830000000000000000e+03 2.538613665658072449e+01 8.083611459884838535e-01
6.831000000000000000e+03 2.563638938084341845e+01 5.938296476018051218e-01
6.832000000000000000e+03 2.589186397225357794e+01 6.557507648141152057e-01
6.833000000000000000e+03 2.615478736191757037e+01 6.972206252011203809e-01
6.834000000000000000e+03 2.629230172596744808e+01 5.810108481271363257e-01
6.835000000000000000e+03 2.644672797405575793e+01 7.416522769696781703e-01
6.836000000000000000e+03 2.679018901402565334e+01 7.185057364750710995e-01
6.837000000000000000e+03 2.644427748523636268e+01 6.354723717980367281e-01
6.838000000000000000e+03 2.569087393603556890e+01 8.144977226565249806e-01
6.839000000000000000e+03 2.471976237865231241e+01 6.077575341501759709e-01
6.840000000000000000e+03 2.413081289586020617e+01 6.047075031844234561e-01
6.841000000000000000e+03 2.394315271865053063e+01 7.433345043074960357e-01
6.842000000000000000e+03 2.448549866935239905e+01 5.683447188514128001e-01
6.843000000000000000e+03 2.484373050918891934e+01 6.480930586389506143e-01
6.844000000000000000e+03 2.471206074106327932e+01 6.750228342569500883e-01
6.845000000000000000e+03 2.444158782284389275e+01 5.511828630684783015e-01
6.846000000000000000e+03 2.434802883000628881e+01 6.909448471559853644e-01
6.847000000000000000e+03 2.520519215200399543e+01 6.652434457991213135e-01
6.848000000000000000e+03 2.523299787185684195e+01 6.186087646296978271e-01
6.849000000000000000e+03 2.474522020231446362e+01 8.517398685939201464e-01
6.850000000000000000e+03 2.471114201947871436e+01 6.245327582695003876e-01
6.851000000000000000e+03 2.523494015497419696e+01 6.439702638992396144e-01
6.852000000000000000e+03 2.642675328106980714e+01 7.926091504044409097e-01
6.853000000000000000e+03 2.607579767752018540e+01 6.121733727459959251e-01
6.854000000000000000e+03 2.551469528095052652e+01 7.156426523718346644e-01
6.855000000000000000e+03 2.495914931101382095e+01 7.054705832252503583e-01
6.856000000000000000e+03 2.478250091210607309e+01 5.825515664464315790e-01
6.857000000000000000e+03 2.480275865323459783e+01 7.298185573517191882e-01
6.858000000000000000e+03 2.512450022543558958e+01 6.167546650579714962e-01
6.859000000000000000e+03 2.527256363370181802e+01 5.868172373672067010e-01
6.860000000000000000e+03 2.528634600272602384e+01 7.999646339580941401e-01
6.861000000000000000e+03 2.469671152790031954e+01 6.072959806662200366e-01
6.862000000000000000e+03 2.465410247976236846e+01 6.671902933535154290e-01
6.863000000000000000e+03 2.543148221844567658e+01 7.918659261292508855e-01
6.864000000000000000e+03 2.558626013961113443e+01 6.110953855153916647e-01
6.865000000000000000e+03 2.545337333716797801e+01 7.260780578721011125e-01
6.866000000000000000e+03 2.483425193569803113e+01 6.572820590717529665e-01
6.867000000000000000e+03 2.510493913329723270e+01 5.854877554589379418e-01
6.868000000000000000e+03 2.578677889029258452e+01 8.013874997678521739e-01
6.869000000000000000e+03 2.604340025173305406e+01 6.514773304490185657e-01
6.870000000000000000e+03 2.589117335805344666e+01 6.494849198959476988e-01
6.871000000000000000e+03 2.533089596197027404e+01 7.931631602476412191e-01
6.872000000000000000e+03 2.487155250529478678e+01 5.825726025081588988e-01
6.873000000000000000e+03 2.458044217920259200e+01 6.542224117641857184e-01
6.874000000000000000e+03 2.460463274277886825e+01 6.849934299062840903e-01
6.875000000000000000e+03 2.512333330398199394e+01 5.833043523520454743e-01
6.876000000000000000e+03 2.551553044447231855e+01 7.688388116450366461e-01
6.877000000000000000e+03 2.449840137748005731e+01 6.650476890503184135e-01
6.878000000000000000e+03 2.421414690755399590e+01 6.147852991932876154e-01
6.879000000000000000e+03 2.444080049232469420e+01 8.236730662263141989e-01
6.880000000000000000e+03 2.418651643223893188e+01 5.798679433534930094e-01
6.881000000000000000e+03 2.402195911920942351e+01 6.079739384270895775e-01
6.882000000000000000e+03 2.398159866565099918e+01 6.884534954625987080e-01
6.883000000000000000e+03 2.408330418512807114e+01 5.398172363688563680e-01
6.884000000000000000e+03 2.424919108827283765e+01 6.540113743095212762e-01
6.885000000000000000e+03 2.452485643460946818e+01 6.410275880622452460e-01
6.886000000000000000e+03 2.444826132379848005e+01 5.631179265036684312e-01
6.887000000000000000e+03 2.426386616054724854e+01 7.482111281212245890e-01
6.888000000000000000e+03 2.489186190476620553e+01 6.087434137180091076e-01
6.889000000000000000e+03 2.515618617326774142e+01 6.154704174922266402e-01
6.890000000000000000e+03 2.504821434613370101e+01 7.683281061658537858e-01
6.891000000000000000e+03 2.501142408304516351e+01 5.915489098040124238e-01
6.892000000000000000e+03 2.490878504277890926e+01 6.886819480321650921e-01
6.893000000000000000e+03 2.465132995275192584e+01 7.193450309285193134e-01
6.894000000000000000e+03 2.464845915244896801e+01 6.061048243685412951e-01
6.895000000000000000e+03 2.468734480534207520e+01 7.952816832772454658e-01
6.896000000000000000e+03 2.443087813449023216e+01 1.007290134009044769e+00
6.897000000000000000e+03 2.442838273595219079e+01 9.891032932741655737e-01
6.898000000000000000e+03 2.462618083865283225e+01 1.267377884866444093e+00
6.899000000000000000e+03 2.525928545629061261e+01 9.128127784972680514e-01
6.900000000000000000e+03 2.518816770905166535e+01 9.853316604836116488e-01
6.901000000000000000e+03 2.395423299213513246e+01 9.950370013450915430e-01
6.902000000000000000e+03 2.366834605596342200e+01 7.993476142214313018e-01
6.903000000000000000e+03 2.365207902821914132e+01 9.989278582551160968e-01
6.904000000000000000e+03 2.373087361545662333e+01 9.222474237588723645e-01
6.905000000000000000e+03 2.418111739798557380e+01 8.447477334073918431e-01
6.906000000000000000e+03 2.485160459575289593e+01 1.155594245782731955e+00
6.907000000000000000e+03 2.501960294927712525e+01 8.519777483012711539e-01
6.908000000000000000e+03 2.539597488951639193e+01 9.011132220460499331e-01
6.909000000000000000e+03 2.604346662010611624e+01 1.095510761528153854e+00
6.910000000000000000e+03 2.662397223211257469e+01 8.767889828872693636e-01
6.911000000000000000e+03 2.678732836184249777e+01 1.067519756623202420e+00
6.912000000000000000e+03 2.574954767010794754e+01 6.835248264233919624e-01
6.913000000000000000e+03 2.495870513269933255e+01 5.673464078812350264e-01
6.914000000000000000e+03 2.440288601730145857e+01 7.434269077125168490e-01
6.915000000000000000e+03 2.533264709353483468e+01 6.014221581877426948e-01
6.916000000000000000e+03 2.517191119242940900e+01 6.133003914961673297e-01
6.917000000000000000e+03 2.382042833648061020e+01 7.183377732666383908e-01
6.918000000000000000e+03 2.429932049574314945e+01 5.552128308972965609e-01
6.919000000000000000e+03 2.493776648341150448e+01 6.591208786142975784e-01
6.920000000000000000e+03 2.537672792433452074e+01 6.798949022396126862e-01
6.921000000000000000e+03 2.513568604138731288e+01 5.843369134964766509e-01
6.922000000000000000e+03 2.469908283642652336e+01 7.695168755490333634e-01
6.923000000000000000e+03 2.512845345251696116e+01 6.465085958483116624e-01
6.924000000000000000e+03 2.558189073636211575e+01 6.480031672810472321e-01
6.925000000000000000e+03 2.605829239783209772e+01 8.343642826053475625e-01
6.926000000000000000e+03 2.380112906851141474e+01 5.940851922067558188e-01
6.927000000000000000e+03 2.248785718066434924e+01 6.690473116895084837e-01
6.928000000000000000e+03 2.369003744340023232e+01 7.987776938225701340e-01
6.929000000000000000e+03 2.406635558641716699e+01 7.973604349102009214e-01
6.930000000000000000e+03 2.416972355069714951e+01 1.231508433105749090e+00
6.931000000000000000e+03 2.453864826691321710e+01 1.306110162564352750e+00
6.932000000000000000e+03 2.497367177741633526e+01 1.334161644205460462e+00
6.933000000000000000e+03 2.546656199794085751e+01 1.833528633965346266e+00
6.934000000000000000e+03 2.513240425983335058e+01 1.416159013183510229e+00
6.935000000000000000e+03 2.485032825613749807e+01 1.637252721467517658e+00
6.936000000000000000e+03 2.477031425650793039e+01 1.802806456764429299e+00
6.937000000000000000e+03 2.473533582975552036e+01 1.385086235034364899e+00
6.938000000000000000e+03 2.475221287533026882e+01 1.571436346338329182e+00
6.939000000000000000e+03 2.497716689320792227e+01 1.000713775179751019e+00
6.940000000000000000e+03 2.528459638989857794e+01 8.606696599890582000e-01
6.941000000000000000e+03 2.565982601331913315e+01 9.053809130352361567e-01
6.942000000000000000e+03 2.451964324841854292e+01 6.739093710079189226e-01
6.943000000000000000e+03 2.398019908832796787e+01 7.707030130235408283e-01
6.944000000000000000e+03 2.468508341586834121e+01 9.455642646454562872e-01
6.945000000000000000e+03 2.443534267589923559e+01 7.721279887939398456e-01
6.946000000000000000e+03 2.388568519791815348e+01 9.720834407528978760e-01
6.947000000000000000e+03 2.338994400772016391e+01 7.415687334198556302e-01
6.948000000000000000e+03 2.391207673336219131e+01 6.891132873198896336e-01
6.949000000000000000e+03 2.524815081526589822e+01 8.808950959919308321e-01
6.950000000000000000e+03 2.458260825724953236e+01 6.144208494050301672e-01
6.951000000000000000e+03 2.390880112132953172e+01 6.690481593055037646e-01
6.952000000000000000e+03 2.338133495443650034e+01 6.977263887677376264e-01
6.953000000000000000e+03 2.385997528498614884e+01 5.895235152784860100e-01
6.954000000000000000e+03 2.444680950706747780e+01 7.822880020859435124e-01
6.955000000000000000e+03 2.383202647890010084e+01 6.797477581926418821e-01
6.956000000000000000e+03 2.391573665908768476e+01 6.595839631000361969e-01
6.957000000000000000e+03 2.456465865806272930e+01 8.951812502757612311e-01
6.958000000000000000e+03 2.448846097024780022e+01 6.760928123338667550e-01
6.959000000000000000e+03 2.423602113507737954e+01 7.667096833309435810e-01
6.960000000000000000e+03 2.372092805307329044e+01 7.700517424713464454e-01
6.961000000000000000e+03 2.352430564781652578e+01 6.352357449494516750e-01
6.962000000000000000e+03 2.361596048343472276e+01 8.226125247600868384e-01
6.963000000000000000e+03 2.479183192009606174e+01 8.774202292650815638e-01
6.964000000000000000e+03 2.555698115512497637e+01 1.175541764835685177e+00
6.965000000000000000e+03 2.597436830962309529e+01 2.505980213513647747e+00
6.966000000000000000e+03 2.380189331000768860e+01 2.132258606609473972e+00
6.967000000000000000e+03 2.274521175897451997e+01 2.541801812783193171e+00
6.968000000000000000e+03 2.427507168555673545e+01 2.135723426180930140e+00
6.969000000000000000e+03 2.389910448202424575e+01 1.504847216846288527e+00
6.970000000000000000e+03 2.293433999839150061e+01 1.323671314411260846e+00
6.971000000000000000e+03 2.278138630218779070e+01 8.112259469462889117e-01
6.972000000000000000e+03 2.285721004749778373e+01 7.635857356804591767e-01
6.973000000000000000e+03 2.314378374365960767e+01 1.099247598883455357e+00
6.974000000000000000e+03 2.329305330591817125e+01 9.500349275753682265e-01
6.975000000000000000e+03 2.371903606854790780e+01 1.175563607496255880e+00
6.976000000000000000e+03 2.479427901020756408e+01 1.123787910256598854e+00
6.977000000000000000e+03 2.441347322164424583e+01 8.679512888190382691e-01
6.978000000000000000e+03 2.341936331334775545e+01 9.179216489022152814e-01
6.979000000000000000e+03 2.252157662129097560e+01 6.796609831336143381e-01
6.980000000000000000e+03 2.219791272926388359e+01 6.804989055468915193e-01
6.981000000000000000e+03 2.247241267173107815e+01 8.754346683043991995e-01
6.982000000000000000e+03 2.331212176124750357e+01 6.835666160198581309e-01
6.983000000000000000e+03 2.371272435034988391e+01 8.263263602645335437e-01
6.984000000000000000e+03 2.274919549164932420e+01 8.105488692905651327e-01
6.985000000000000000e+03 2.301429543730698057e+01 7.243400574518872315e-01
6.986000000000000000e+03 2.387700398530020962e+01 1.008019786068379053e+00
6.987000000000000000e+03 2.437379244724909455e+01 7.331066040241995818e-01
6.988000000000000000e+03 2.457873269933686800e+01 7.466248816913344521e-01
6.989000000000000000e+03 2.442229150684679340e+01 8.205753420559476208e-01
6.990000000000000000e+03 2.402420158075296897e+01 6.836073918549229189e-01
6.991000000000000000e+03 2.386811641995010902e+01 8.911840862796414076e-01
6.992000000000000000e+03 2.469061028709466754e+01 1.046080837644185246e+00
6.993000000000000000e+03 2.537834036865955412e+01 9.781723903207688586e-01
6.994000000000000000e+03 2.596804267054357851e+01 1.374267455381138925e+00
6.995000000000000000e+03 2.516450888151260656e+01 8.809758976814261455e-01
6.996000000000000000e+03 2.474791172935256611e+01 8.880730898457842581e-01
6.997000000000000000e+03 2.491670460574039581e+01 8.283398777560929682e-01
6.998000000000000000e+03 2.434453644655807381e+01 6.687544205977398182e-01
6.999000000000000000e+03 2.386422153349498032e+01 8.564080642177596125e-01
7.000000000000000000e+03 2.475069523210088818e+01 7.501710978135316399e-01
7.001000000000000000e+03 2.479743668707442694e+01 7.333177413215616891e-01
7.002000000000000000e+03 2.419750447817376582e+01 1.051626314109929128e+00
7.003000000000000000e+03 2.411439750912913027e+01 1.119009213151347382e+00
7.004000000000000000e+03 2.414958435687151805e+01 1.458980288956987170e+00
7.005000000000000000e+03 2.436248086905840537e+01 1.966111298946754848e+00
7.006000000000000000e+03 2.532430658250722644e+01 1.508911732877344702e+00
7.007000000000000000e+03 2.633035150628059640e+01 1.637030134463239195e+00
7.008000000000000000e+03 2.549791271637440104e+01 9.152560797617438348e-01
7.009000000000000000e+03 2.438050238907877443e+01 7.821121601523899347e-01
7.010000000000000000e+03 2.297978540192557873e+01 8.042335780849805271e-01
7.011000000000000000e+03 2.385821043824268983e+01 6.323317011883922145e-01
7.012000000000000000e+03 2.478090192342013154e+01 7.731499868389039021e-01
7.013000000000000000e+03 2.503294759243501844e+01 7.929415356559009753e-01
7.014000000000000000e+03 2.586635446701756891e+01 7.462220649043976861e-01
7.015000000000000000e+03 2.693004186886202689e+01 1.125998375251364703e+00
7.016000000000000000e+03 2.628492675108280352e+01 1.023121591463196145e+00
7.017000000000000000e+03 2.525434552680748368e+01 1.135867432901644269e+00
7.018000000000000000e+03 2.371010217888929361e+01 1.307079167118068597e+00
7.019000000000000000e+03 2.481069081089601980e+01 9.720926220149890273e-01
7.020000000000000000e+03 2.599611990356517310e+01 1.128216364724806908e+00
7.021000000000000000e+03 2.499773617288825278e+01 8.050158357429004763e-01
7.022000000000000000e+03 2.471010270512114815e+01 7.228031865614258367e-01
7.023000000000000000e+03 2.494216406186853874e+01 9.327036007322568878e-01
7.024000000000000000e+03 2.463338739107687658e+01 7.448311805408999176e-01
7.025000000000000000e+03 2.427927739906080618e+01 9.147277917972659322e-01
7.026000000000000000e+03 2.387930479666431438e+01 1.397155807174738529e+00
7.027000000000000000e+03 2.428342809090081289e+01 1.682717808723033670e+00
7.028000000000000000e+03 2.488944397097648320e+01 2.931372833167484426e+00
7.029000000000000000e+03 2.467334025974336953e+01 2.116962820658178313e+00
7.030000000000000000e+03 2.491303604049383225e+01 1.976476653836189312e+00
7.031000000000000000e+03 2.562854646056314678e+01 1.604567296657086750e+00
7.032000000000000000e+03 2.634932974508727810e+01 1.015039950552360626e+00
7.033000000000000000e+03 2.660637780220674742e+01 9.983147493913986370e-01
7.034000000000000000e+03 2.547712935233382581e+01 8.315445942879070573e-01
7.035000000000000000e+03 2.515925068439864631e+01 7.395772663838320327e-01
7.036000000000000000e+03 2.531152144807136750e+01 1.020099024113739317e+00
7.037000000000000000e+03 2.549539612540652200e+01 7.495585509691171655e-01
7.038000000000000000e+03 2.539768498824912157e+01 8.152668328411951659e-01
7.039000000000000000e+03 2.486339310510126310e+01 8.547297296317885040e-01
7.040000000000000000e+03 2.498464197852838353e+01 6.941017749091754618e-01
7.041000000000000000e+03 2.507988517716607646e+01 8.961902543074352634e-01
7.042000000000000000e+03 2.394338483288390051e+01 8.217069447900526846e-01
7.043000000000000000e+03 2.374564931626357023e+01 8.825620834882881294e-01
7.044000000000000000e+03 2.437949000975487834e+01 1.427937798231330602e+00
7.045000000000000000e+03 2.538070245291038418e+01 1.188707872174308511e+00
7.046000000000000000e+03 2.578105907683045928e+01 1.467602329498989278e+00
7.047000000000000000e+03 2.458753683070580465e+01 1.104474958997262668e+00
7.048000000000000000e+03 2.424229670434212025e+01 8.829922420729514609e-01
7.049000000000000000e+03 2.433642474536795319e+01 9.922942308736573125e-01
7.050000000000000000e+03 2.454169055729745352e+01 7.221846806555426435e-01
7.051000000000000000e+03 2.480585263564779908e+01 7.747274991571899694e-01
7.052000000000000000e+03 2.515186471783363231e+01 9.617737169060210922e-01
7.053000000000000000e+03 2.547476137039677369e+01 8.984509934455692237e-01
7.054000000000000000e+03 2.546922298753200664e+01 1.305543710315403949e+00
7.055000000000000000e+03 2.389426615826183919e+01 1.493991967208790905e+00
7.056000000000000000e+03 2.338377908491550627e+01 1.471295263363372241e+00
7.057000000000000000e+03 2.376576485897365387e+01 1.793133635928794378e+00
7.058000000000000000e+03 2.416912582047990199e+01 1.061893917044088420e+00
7.059000000000000000e+03 2.432507421888314880e+01 9.951185809757205902e-01
7.060000000000000000e+03 2.388088858494860389e+01 7.671564375133564928e-01
7.061000000000000000e+03 2.426991768411606643e+01 6.611094795817596959e-01
7.062000000000000000e+03 2.506605909785766784e+01 9.101274943180088783e-01
7.063000000000000000e+03 2.575084138354440100e+01 7.183314055407510335e-01
7.064000000000000000e+03 2.617286018455282814e+01 7.798578819404021756e-01
7.065000000000000000e+03 2.622676366995790431e+01 8.837004853341512423e-01
7.066000000000000000e+03 2.596921307357585817e+01 6.970414085737052234e-01
7.067000000000000000e+03 2.559503263607397372e+01 8.735387414707161957e-01
7.068000000000000000e+03 2.504147277528101156e+01 7.060780285566354841e-01
7.069000000000000000e+03 2.450432999149063207e+01 6.745830345916198345e-01
7.070000000000000000e+03 2.398136355539079645e+01 8.262231328972983180e-01
7.071000000000000000e+03 2.386511692069236190e+01 6.203483823743107806e-01
7.072000000000000000e+03 2.420825436793598584e+01 7.388114553327382872e-01
7.073000000000000000e+03 2.562364026719854238e+01 7.826113561748443415e-01
7.074000000000000000e+03 2.572431080962369521e+01 7.181287215303944205e-01
7.075000000000000000e+03 2.511828376335802915e+01 1.045368179472764725e+00
7.076000000000000000e+03 2.411823631752445607e+01 8.381308313700654988e-01
7.077000000000000000e+03 2.359255399843449297e+01 9.378958716455153555e-01
7.078000000000000000e+03 2.379485776501455163e+01 1.028623779741061117e+00
7.079000000000000000e+03 2.413128557772641969e+01 7.903494567171063245e-01
7.080000000000000000e+03 2.435533329189625462e+01 9.353564580962996367e-01
7.081000000000000000e+03 2.358994117467392826e+01 6.906329296359230430e-01
7.082000000000000000e+03 2.348446684959623809e+01 6.816052619784473965e-01
7.083000000000000000e+03 2.403505490596988992e+01 8.844425919902455524e-01
7.084000000000000000e+03 2.564952572494102156e+01 8.752085277477752445e-01
7.085000000000000000e+03 2.645672487307649590e+01 1.235531284166873744e+00
7.086000000000000000e+03 2.427563637576983879e+01 1.581220083350787231e+00
7.087000000000000000e+03 2.331985121735129951e+01 1.451694513828166500e+00
7.088000000000000000e+03 2.314790702594472549e+01 1.854082029439795942e+00
7.089000000000000000e+03 2.461088644281087667e+01 1.025655708448734771e+00
7.090000000000000000e+03 2.563655091854269585e+01 9.379613127040929976e-01
7.091000000000000000e+03 2.576781269319043233e+01 7.941062535922147614e-01
7.092000000000000000e+03 2.463950369694339670e+01 6.397545026074863417e-01
7.093000000000000000e+03 2.322066818160305601e+01 8.006450049009337100e-01
7.094000000000000000e+03 2.429981747111743218e+01 6.508168327151189203e-01
7.095000000000000000e+03 2.487329297781775139e+01 6.889980079494386622e-01
7.096000000000000000e+03 2.482185284903475164e+01 8.100041945082131489e-01
7.097000000000000000e+03 2.470891787296690012e+01 6.393524252250042395e-01
7.098000000000000000e+03 2.441060953702963587e+01 8.087862304792710066e-01
7.099000000000000000e+03 2.332194143043390255e+01 6.702141058860126011e-01
7.100000000000000000e+03 2.347322617894743502e+01 6.452048759234052522e-01
7.101000000000000000e+03 2.465595650461371946e+01 8.361377700361585230e-01
7.102000000000000000e+03 2.394903211950258282e+01 6.141367775511767935e-01
7.103000000000000000e+03 2.343709374975788506e+01 7.213193886614557293e-01
7.104000000000000000e+03 2.394029754000401056e+01 6.922197269537937458e-01
7.105000000000000000e+03 2.413661965856916680e+01 6.202392503239854138e-01
7.106000000000000000e+03 2.415573308466440849e+01 8.573266169745920040e-01
7.107000000000000000e+03 2.332876958933924882e+01 6.121897254198642724e-01
7.108000000000000000e+03 2.273639432261825633e+01 6.752340751101747474e-01
7.109000000000000000e+03 2.254661476921125995e+01 6.927566347680678138e-01
7.110000000000000000e+03 2.304574364630082428e+01 5.978561371808610581e-01
7.111000000000000000e+03 2.370364875245690683e+01 8.333215063994369176e-01
7.112000000000000000e+03 2.342155744697168629e+01 7.317659830836770185e-01
7.113000000000000000e+03 2.354278023276756215e+01 7.888947031028288315e-01
7.114000000000000000e+03 2.414980330719876633e+01 9.922268635549195137e-01
7.115000000000000000e+03 2.365366499989870164e+01 7.327696224297457483e-01
7.116000000000000000e+03 2.303281680226041317e+01 8.577999624104797327e-01
7.117000000000000000e+03 2.297340007131665729e+01 6.584888354337116168e-01
7.118000000000000000e+03 2.273279146675479367e+01 6.236754688798700208e-01
7.119000000000000000e+03 2.233816158564086507e+01 7.802606045846882665e-01
7.120000000000000000e+03 2.259013799828081304e+01 7.057412584977743597e-01
7.121000000000000000e+03 2.249904447499134363e+01 9.367881069240646674e-01
7.122000000000000000e+03 2.123212758006796719e+01 9.738164552207749791e-01
7.123000000000000000e+03 2.274201517252961935e+01 8.846834693729170862e-01
7.124000000000000000e+03 2.593540854439148191e+01 1.185281784817281636e+00
7.125000000000000000e+03 2.490923051753142303e+01 7.158288702161534900e-01
7.126000000000000000e+03 2.390554301914098900e+01 7.217220154882700855e-01
7.127000000000000000e+03 2.310290695164922781e+01 6.936921485271182464e-01
7.128000000000000000e+03 2.360325687946202677e+01 6.045460825368194069e-01
7.129000000000000000e+03 2.465498746202648306e+01 8.496835317408205634e-01
7.130000000000000000e+03 2.554071051616997323e+01 6.517510417623977315e-01
7.131000000000000000e+03 2.502836278052556906e+01 6.891911343311301064e-01
7.132000000000000000e+03 2.254555762589332701e+01 6.567403103549953602e-01
7.133000000000000000e+03 2.260103383287787437e+01 5.418395621377810611e-01
7.134000000000000000e+03 2.325026040025179341e+01 7.246758791763324714e-01
7.135000000000000000e+03 2.295649512876665810e+01 6.001662512861946075e-01
7.136000000000000000e+03 2.296131574744239501e+01 6.115457457555639742e-01
7.137000000000000000e+03 2.327783381231760629e+01 7.628883640964082558e-01
7.138000000000000000e+03 2.468634697419180313e+01 6.229440622109609915e-01
7.139000000000000000e+03 2.569263887627007037e+01 8.118115624790310791e-01
7.140000000000000000e+03 2.431950000924840083e+01 6.722947604764351048e-01
7.141000000000000000e+03 2.364080059941854728e+01 6.364975449661764983e-01
7.142000000000000000e+03 2.350868442727944796e+01 8.207526402537075327e-01
7.143000000000000000e+03 2.343780469866068117e+01 6.291617213605815717e-01
7.144000000000000000e+03 2.325548011856305664e+01 7.628479563162823274e-01
7.145000000000000000e+03 2.275522936400120244e+01 7.056047697205247715e-01
7.146000000000000000e+03 2.235546473142835922e+01 6.394307919807272755e-01
7.147000000000000000e+03 2.201561583017419821e+01 8.811559290041047765e-01
7.148000000000000000e+03 2.344727798707767619e+01 6.901797063096442031e-01
7.149000000000000000e+03 2.420453729042650792e+01 8.098796220723544215e-01
7.150000000000000000e+03 2.354248916167077255e+01 7.778490028404091428e-01
7.151000000000000000e+03 2.298944341855078832e+01 6.696693674151137365e-01
7.152000000000000000e+03 2.253628437837741316e+01 9.151349581682519663e-01
7.153000000000000000e+03 2.325221096147722832e+01 7.347343431257493673e-01
7.154000000000000000e+03 2.378231546273043406e+01 8.275755931133943477e-01
7.155000000000000000e+03 2.402372381183946359e+01 9.691258881249165125e-01
7.156000000000000000e+03 2.320035725411038641e+01 7.576028066850958309e-01
7.157000000000000000e+03 2.216182665334650892e+01 9.088198694567586333e-01
7.158000000000000000e+03 2.245500747443303524e+01 6.719833613714197851e-01
7.159000000000000000e+03 2.280134084045869258e+01 7.057278807168914092e-01
7.160000000000000000e+03 2.321271537716580369e+01 9.420621280685511634e-01
7.161000000000000000e+03 2.412173934971499989e+01 8.077475669207507813e-01
7.162000000000000000e+03 2.484838141109325349e+01 1.115269823048404385e+00
7.163000000000000000e+03 2.387334810500674820e+01 8.424727013158669342e-01
7.164000000000000000e+03 2.309045496518676188e+01 8.190972633503462719e-01
7.165000000000000000e+03 2.249672307430411777e+01 9.646224828001194185e-01
7.166000000000000000e+03 2.292249045769962024e+01 7.212915852660360949e-01
7.167000000000000000e+03 2.329487662976033846e+01 8.725436308808169894e-01
7.168000000000000000e+03 2.276608244603349718e+01 6.781612748182227479e-01
7.169000000000000000e+03 2.258928471074890254e+01 6.291974754932936342e-01
7.170000000000000000e+03 2.269451755110990732e+01 7.645082533283379389e-01
7.171000000000000000e+03 2.330688076360641503e+01 5.967189696818457900e-01
7.172000000000000000e+03 2.373420494138631653e+01 7.406694797848416556e-01
7.173000000000000000e+03 2.345197667589646429e+01 7.011438736841085761e-01
7.174000000000000000e+03 2.297100277508317490e+01 6.489488489602406318e-01
7.175000000000000000e+03 2.235677527534640774e+01 8.615926171347237927e-01
7.176000000000000000e+03 2.300981759090842971e+01 6.326927212821989999e-01
7.177000000000000000e+03 2.354073632436897157e+01 7.407138872596331636e-01
7.178000000000000000e+03 2.361489361201965664e+01 6.783824183981276290e-01
7.179000000000000000e+03 2.269711332559797157e+01 5.874513202770970111e-01
7.180000000000000000e+03 2.122992907174588240e+01 7.590479579246263153e-01
7.181000000000000000e+03 2.211583179036893299e+01 5.574540737120307066e-01
7.182000000000000000e+03 2.303411910658257611e+01 6.413879583720194510e-01
7.183000000000000000e+03 2.397979688940318610e+01 6.717389896385862480e-01
7.184000000000000000e+03 2.349575454840368849e+01 5.773346500589959795e-01
7.185000000000000000e+03 2.238956280975952851e+01 7.792790252242485227e-01
7.186000000000000000e+03 2.266682873797430631e+01 5.729400070328586336e-01
7.187000000000000000e+03 2.271183905370739708e+01 6.319233940048900600e-01
7.188000000000000000e+03 2.236894918740252436e+01 6.478920043516079863e-01
7.189000000000000000e+03 2.296439283165576839e+01 5.553300164650447623e-01
7.190000000000000000e+03 2.387713515471750725e+01 7.719325910280127045e-01
7.191000000000000000e+03 2.402100802110035360e+01 5.882720472063210915e-01
7.192000000000000000e+03 2.359263905226412206e+01 6.289609171453782732e-01
7.193000000000000000e+03 2.233966891678188205e+01 6.423947431591128243e-01
7.194000000000000000e+03 2.264409751130894932e+01 5.438312389474833086e-01
7.195000000000000000e+03 2.333923421779964258e+01 7.536498292386313302e-01
7.196000000000000000e+03 2.287226279535105533e+01 6.208768031734498427e-01
7.197000000000000000e+03 2.308603855042076347e+01 6.627754104971423921e-01
7.198000000000000000e+03 2.417506067661787839e+01 7.605528275401221006e-01
7.199000000000000000e+03 2.357857498485363834e+01 5.962809222995990588e-01
7.200000000000000000e+03 2.266742240975045775e+01 7.542857972254771726e-01
7.201000000000000000e+03 2.287770215294334974e+01 7.871381572007514205e-01
7.202000000000000000e+03 2.334145020152319105e+01 8.986036092977303102e-01
7.203000000000000000e+03 2.409643413087810160e+01 1.364215150926364695e+00
7.204000000000000000e+03 2.231093905416745926e+01 1.086088151934686552e+00
7.205000000000000000e+03 2.057811816514679393e+01 1.403031039099985389e+00
7.206000000000000000e+03 2.260106427622122283e+01 9.910472670032649534e-01
7.207000000000000000e+03 2.345649784209621203e+01 9.350318878872930783e-01
7.208000000000000000e+03 2.309790441871144751e+01 9.084376234069670986e-01
7.209000000000000000e+03 2.323042392469196571e+01 7.130002033448822329e-01
7.210000000000000000e+03 2.336096132494804678e+01 9.154910965451553695e-01
7.211000000000000000e+03 2.298734000016239065e+01 7.399038466113139201e-01
7.212000000000000000e+03 2.254627369245127255e+01 7.125729156091988870e-01
7.213000000000000000e+03 2.203983763205857827e+01 7.525645141019223772e-01
7.214000000000000000e+03 2.271390122827745373e+01 5.801535193790268163e-01
7.215000000000000000e+03 2.327774165197660139e+01 7.301427540482905432e-01
7.216000000000000000e+03 2.246915525210228992e+01 5.899905437856706181e-01
7.217000000000000000e+03 2.223715924552258372e+01 5.751160307879539246e-01
7.218000000000000000e+03 2.252500471705899443e+01 7.283434173711620385e-01
7.219000000000000000e+03 2.316418503207802360e+01 5.792111511770760002e-01
7.220000000000000000e+03 2.369412950205144242e+01 7.467100604284175880e-01
7.221000000000000000e+03 2.357392516954725892e+01 6.301225028015984275e-01
7.222000000000000000e+03 2.383651339479905218e+01 6.072778152035359645e-01
7.223000000000000000e+03 2.442513289435867563e+01 7.548488773198824831e-01
7.224000000000000000e+03 2.305422163671722657e+01 5.534403559026721542e-01
7.225000000000000000e+03 2.223434585282090836e+01 6.667477929638142564e-01
7.226000000000000000e+03 2.447783426873902357e+01 6.478714746935818614e-01
7.227000000000000000e+03 2.479410641384795255e+01 6.225425628868979100e-01
7.228000000000000000e+03 2.354163475655545312e+01 7.454154105179611189e-01
7.229000000000000000e+03 2.332484806886328599e+01 5.639498289003966880e-01
7.230000000000000000e+03 2.354146379721112226e+01 6.973568308502672286e-01
7.231000000000000000e+03 2.480319913746148330e+01 6.542453780755437265e-01
7.232000000000000000e+03 2.495329962976524030e+01 6.272638848318842220e-01
7.233000000000000000e+03 2.421096087791438833e+01 7.778257611794807680e-01
7.234000000000000000e+03 2.532178282784843404e+01 6.440318478093294274e-01
7.235000000000000000e+03 2.619515793913966561e+01 8.450511312476797210e-01
7.236000000000000000e+03 2.545355370390652894e+01 7.643124081509776735e-01
7.237000000000000000e+03 2.512095640336663038e+01 7.212551565784928176e-01
7.238000000000000000e+03 2.511092090379457531e+01 8.683088459828430805e-01
7.239000000000000000e+03 2.421469023372081963e+01 6.174746847719531084e-01
7.240000000000000000e+03 2.357564595723494705e+01 7.256170003659202505e-01
7.241000000000000000e+03 2.418352702115855024e+01 6.680074802633237940e-01
7.242000000000000000e+03 2.459505659432439018e+01 6.460924878716414188e-01
7.243000000000000000e+03 2.485204075327393625e+01 8.472661323312455917e-01
7.244000000000000000e+03 2.457340302841534907e+01 6.352983681440034225e-01
7.245000000000000000e+03 2.417396308275289130e+01 7.798758421849957267e-01
7.246000000000000000e+03 2.358579242464605485e+01 6.997786026016684646e-01
7.247000000000000000e+03 2.325773746632454220e+01 7.027530495398752741e-01
7.248000000000000000e+03 2.314016482338754344e+01 1.026871512934033337e+00
7.249000000000000000e+03 2.380626932795043516e+01 9.036144591662569336e-01
7.250000000000000000e+03 2.436902923642594843e+01 1.227688549785316052e+00
7.251000000000000000e+03 2.418466718916590352e+01 9.538099145472788143e-01
7.252000000000000000e+03 2.425827758347471530e+01 8.841936155682632581e-01
7.253000000000000000e+03 2.454605812814950383e+01 1.020669332773775029e+00
7.254000000000000000e+03 2.457148944565849646e+01 7.657290111883330308e-01
7.255000000000000000e+03 2.440864044710292191e+01 9.429221806238995418e-01
7.256000000000000000e+03 2.366024457531457870e+01 6.892086200955708231e-01
7.257000000000000000e+03 2.324862296643186355e+01 6.359904806033142011e-01
7.258000000000000000e+03 2.312781007045693471e+01 7.182491524651064552e-01
7.259000000000000000e+03 2.377945655533778435e+01 5.665533421821804527e-01
7.260000000000000000e+03 2.434326456082600743e+01 7.322083266720124106e-01
7.261000000000000000e+03 2.403302536679273871e+01 6.795326869447793072e-01
7.262000000000000000e+03 2.362016323610412982e+01 6.859234914067885436e-01
7.263000000000000000e+03 2.311239417905662563e+01 8.861212072864371736e-01
7.264000000000000000e+03 2.328633871538676559e+01 6.869663386219263534e-01
7.265000000000000000e+03 2.353210256764020869e+01 8.744929901462142885e-01
7.266000000000000000e+03 2.355048513499337659e+01 6.996119970132544941e-01
7.267000000000000000e+03 2.409913368850920179e+01 6.883572959003528835e-01
7.268000000000000000e+03 2.517187037204672251e+01 8.097888576447668241e-01
7.269000000000000000e+03 2.492346758952545116e+01 6.510997974060835913e-01
7.270000000000000000e+03 2.439743260750805476e+01 8.662829855496936293e-01
7.271000000000000000e+03 2.381704456070043818e+01 8.893229471281942633e-01
7.272000000000000000e+03 2.391635913517952261e+01 1.047617808852382426e+00
7.273000000000000000e+03 2.474348470654600263e+01 1.818346040290391930e+00
7.274000000000000000e+03 2.464874691477244895e+01 1.960333408926612453e+00
7.275000000000000000e+03 2.418941432362815647e+01 3.165770572935810545e+00
7.276000000000000000e+03 2.279631830155501859e+01 3.153490438863107315e+00
7.277000000000000000e+03 2.327233623842669985e+01 3.374231376947177452e+00
7.278000000000000000e+03 2.594719493248658893e+01 3.730548681309342474e+00
7.279000000000000000e+03 2.620220226529180607e+01 2.933899575369521617e+00
7.280000000000000000e+03 2.562021240383031184e+01 3.758850976412013711e+00
7.281000000000000000e+03 2.370665364229717298e+01 2.892055429213173934e+00
7.282000000000000000e+03 2.274736297915816507e+01 3.030713499864273075e+00
7.283000000000000000e+03 2.305970520340503427e+01 3.225126976467395323e+00
7.284000000000000000e+03 2.307047208208578937e+01 2.525752011775149075e+00
7.285000000000000000e+03 2.305933384955397969e+01 3.138545818716047986e+00
7.286000000000000000e+03 2.400612252693706949e+01 2.128006061342846422e+00
7.287000000000000000e+03 2.365397615358775951e+01 2.160474404810921900e+00
7.288000000000000000e+03 2.133669245812554749e+01 1.717513829344150089e+00
7.289000000000000000e+03 2.276355325102043992e+01 1.367104086466088164e+00
7.290000000000000000e+03 2.547972526893865464e+01 1.740557788107937709e+00
7.291000000000000000e+03 2.458022808846427765e+01 1.130207065690019164e+00
7.292000000000000000e+03 2.422308318865562171e+01 1.175580065846522304e+00
7.293000000000000000e+03 2.481450878782900915e+01 1.066273133237210846e+00
7.294000000000000000e+03 2.495987746745044333e+01 9.002605857134978740e-01
7.295000000000000000e+03 2.489050179932736739e+01 1.207651888092400316e+00
7.296000000000000000e+03 2.341848041128870150e+01 9.045964172415623672e-01
7.297000000000000000e+03 2.279468540653993713e+01 1.076361793931419175e+00
7.298000000000000000e+03 2.395075423482408894e+01 1.306372503427098319e+00
7.299000000000000000e+03 2.435603100777226970e+01 1.222841646859966769e+00
7.300000000000000000e+03 2.434635144381995886e+01 1.797283204747922580e+00
7.301000000000000000e+03 2.348413384617810351e+01 1.344043679723829543e+00
7.302000000000000000e+03 2.316261207106431641e+01 1.640539916046381830e+00
7.303000000000000000e+03 2.429873137611249589e+01 1.963931349577717533e+00
7.304000000000000000e+03 2.526454722169310330e+01 1.849688951989428620e+00
7.305000000000000000e+03 2.611756467203984755e+01 2.425431244016326371e+00
7.306000000000000000e+03 2.502614483828809355e+01 1.578457496472998711e+00
7.307000000000000000e+03 2.381522626408422383e+01 1.704992210514979956e+00
7.308000000000000000e+03 2.278232035870760797e+01 1.262874679443690473e+00
7.309000000000000000e+03 2.252994055779839755e+01 1.158142414498479100e+00
7.310000000000000000e+03 2.291040110859869472e+01 1.371111801979727929e+00
7.311000000000000000e+03 2.322249018924438602e+01 1.022768509024216899e+00
7.312000000000000000e+03 2.351601612307250022e+01 1.266681881854292868e+00
7.313000000000000000e+03 2.377340969432101048e+01 1.089193661530449830e+00
7.314000000000000000e+03 2.358879370002364695e+01 1.092996399931315699e+00
7.315000000000000000e+03 2.296817020993210434e+01 1.329019134270507108e+00
7.316000000000000000e+03 2.390433247672493522e+01 1.031148216534718776e+00
7.317000000000000000e+03 2.501350140562948354e+01 1.325536145794423692e+00
7.318000000000000000e+03 2.504224876522983223e+01 1.029773268030002464e+00
7.319000000000000000e+03 2.462931117168009365e+01 1.051924874433510793e+00
7.320000000000000000e+03 2.367802517909620263e+01 1.088022616646583174e+00
7.321000000000000000e+03 2.442965018597157822e+01 8.683753043191130283e-01
7.322000000000000000e+03 2.555810145543395251e+01 1.133361938086144161e+00
7.323000000000000000e+03 2.489312068105746434e+01 8.910878931308370277e-01
7.324000000000000000e+03 2.455245642137858297e+01 9.803409124498838612e-01
7.325000000000000000e+03 2.470950562482143553e+01 1.052387827535834930e+00
7.326000000000000000e+03 2.329990544955787612e+01 8.728352417997108370e-01
7.327000000000000000e+03 2.130701700283612965e+01 1.144726963087060900e+00
7.328000000000000000e+03 2.268020326922394503e+01 8.785043853938103720e-01
7.329000000000000000e+03 2.385738444582054996e+01 1.019124516010217585e+00
7.330000000000000000e+03 2.463850814010866941e+01 8.928975886138007523e-01
7.331000000000000000e+03 2.461316838118466777e+01 7.652485329424670857e-01
7.332000000000000000e+03 2.414399900035593660e+01 9.485665412084272052e-01
7.333000000000000000e+03 2.481306309881552608e+01 7.770641378749726380e-01
7.334000000000000000e+03 2.531737029992378396e+01 9.939686872663645589e-01
7.335000000000000000e+03 2.522398048725555952e+01 1.089421667801832472e+00
7.336000000000000000e+03 2.433980232183035142e+01 1.013003864226166506e+00
7.337000000000000000e+03 2.288545910875174627e+01 1.167854063434480727e+00
7.338000000000000000e+03 2.270194828372350671e+01 8.018871869526973395e-01
7.339000000000000000e+03 2.294253615976928273e+01 9.163745058708872016e-01
7.340000000000000000e+03 2.423810905992210607e+01 7.501598926665226097e-01
7.341000000000000000e+03 2.427420486701503322e+01 7.253232615366873581e-01
7.342000000000000000e+03 2.309671057008118567e+01 7.802274613311048768e-01
7.343000000000000000e+03 2.363941305672912563e+01 6.389428704210338150e-01
7.344000000000000000e+03 2.440012993940039010e+01 8.759340886218638378e-01
7.345000000000000000e+03 2.407364825232525263e+01 7.253790844112371072e-01
7.346000000000000000e+03 2.385387430226172611e+01 7.626057536392568670e-01
7.347000000000000000e+03 2.377102410390314446e+01 7.814033420087527215e-01
7.348000000000000000e+03 2.368293577255708016e+01 6.387713661152465416e-01
7.349000000000000000e+03 2.359296574556779191e+01 8.615606096089161170e-01
7.350000000000000000e+03 2.350092706426866229e+01 6.434287162780580882e-01
7.351000000000000000e+03 2.321033878315428822e+01 7.158048217642448696e-01
7.352000000000000000e+03 2.257175496678953763e+01 7.021280543473550351e-01
7.353000000000000000e+03 2.263460529506327035e+01 6.254439344331210737e-01
7.354000000000000000e+03 2.304612171863360004e+01 8.970373402673629259e-01
7.355000000000000000e+03 2.368377778353692520e+01 6.788686406456130307e-01
7.356000000000000000e+03 2.382633244463356093e+01 8.230772644673252092e-01
7.357000000000000000e+03 2.269005380791869442e+01 7.345422527792279110e-01
7.358000000000000000e+03 2.279587352592180949e+01 6.779560406197339129e-01
7.359000000000000000e+03 2.376889624118048516e+01 8.570640695901069472e-01
7.360000000000000000e+03 2.442394822185845626e+01 6.467792229662182590e-01
7.361000000000000000e+03 2.471856750143990666e+01 8.142402125545344926e-01
7.362000000000000000e+03 2.371274783030031941e+01 6.938867545492872768e-01
7.363000000000000000e+03 2.302172470637906443e+01 6.902479134622742096e-01
7.364000000000000000e+03 2.263820554555611153e+01 8.125659405529882529e-01
7.365000000000000000e+03 2.253824517776039116e+01 6.386876693512226755e-01
7.366000000000000000e+03 2.250679595289164681e+01 8.363037159013488875e-01
7.367000000000000000e+03 2.248446818654240431e+01 6.530330001242508065e-01
7.368000000000000000e+03 2.255327933164922882e+01 7.027973052065119575e-01
7.369000000000000000e+03 2.275028469183477853e+01 8.084291382414404703e-01
7.370000000000000000e+03 2.298626530297514847e+01 7.079758843974890414e-01
7.371000000000000000e+03 2.324107215096984191e+01 1.039876953007524252e+00
7.372000000000000000e+03 2.363733946362708949e+01 7.569338928396949218e-01
7.373000000000000000e+03 2.439449190993932248e+01 8.667875464808789676e-01
7.374000000000000000e+03 2.589884431058809966e+01 8.265178796519615512e-01
7.375000000000000000e+03 2.553650028435895791e+01 7.253268789044751141e-01
7.376000000000000000e+03 2.407499210919383614e+01 8.834109857197575133e-01
7.377000000000000000e+03 2.373750066913289203e+01 6.358774377139401190e-01
7.378000000000000000e+03 2.365883795518415411e+01 7.671061857126056927e-01
7.379000000000000000e+03 2.415158069094409754e+01 6.826783918650256577e-01
7.380000000000000000e+03 2.399200935529366419e+01 6.821075236640798956e-01
7.381000000000000000e+03 2.325573717083847214e+01 9.075953874246404096e-01
7.382000000000000000e+03 2.455454157693797868e+01 1.058221823280796059e+00
7.383000000000000000e+03 2.586490279290441663e+01 1.762432817320680911e+00
7.384000000000000000e+03 2.454237286973575394e+01 2.110662181778755198e+00
7.385000000000000000e+03 2.338382498362722828e+01 2.436086829988167946e+00
7.386000000000000000e+03 2.244034157504498239e+01 3.097542318743383483e+00
7.387000000000000000e+03 2.155282942286601156e+01 2.484338024599749950e+00
7.388000000000000000e+03 2.074600240790296013e+01 3.145665110764581218e+00
7.389000000000000000e+03 2.187358761249944905e+01 1.889645032237797340e+00
7.390000000000000000e+03 2.227613375019549125e+01 1.892557719236105385e+00
7.391000000000000000e+03 2.121363044587793922e+01 1.264434193534175410e+00
7.392000000000000000e+03 2.148818959330403544e+01 9.979016223155852128e-01
7.393000000000000000e+03 2.255832172602098495e+01 9.011809581873392316e-01
7.394000000000000000e+03 2.281870557018215706e+01 7.460797901321177816e-01
7.395000000000000000e+03 2.310783773778705807e+01 9.936116922426834197e-01
7.396000000000000000e+03 2.372420959119887129e+01 1.049134864177806881e+00
7.397000000000000000e+03 2.346497875901855679e+01 1.026488561181292170e+00
7.398000000000000000e+03 2.239914207573087523e+01 1.018747389764606881e+00
7.399000000000000000e+03 2.256025343626720669e+01 7.378870242528434709e-01
7.400000000000000000e+03 2.294454252909670089e+01 8.727141991449476333e-01
7.401000000000000000e+03 2.294924379793720703e+01 6.460858158404362284e-01
7.402000000000000000e+03 2.282197381782791012e+01 6.837743441657484489e-01
7.403000000000000000e+03 2.250529920342176027e+01 7.435668596175062373e-01
7.404000000000000000e+03 2.334151013474057024e+01 6.587150976564988270e-01
7.405000000000000000e+03 2.466280731631238865e+01 9.865014625929950931e-01
7.406000000000000000e+03 2.485869536822204395e+01 7.197289263860926489e-01
7.407000000000000000e+03 2.465897410802220691e+01 8.521824629501817405e-01
7.408000000000000000e+03 2.350451570795408429e+01 7.406685093650592355e-01
7.409000000000000000e+03 2.301649395646423457e+01 6.762919201988507600e-01
7.410000000000000000e+03 2.299282450112187348e+01 8.285150548687462146e-01
7.411000000000000000e+03 2.251757946866823801e+01 6.313910340604456106e-01
7.412000000000000000e+03 2.218582424383188112e+01 8.106442388722214787e-01
7.413000000000000000e+03 2.279946328967570679e+01 6.978515207785326302e-01
7.414000000000000000e+03 2.325648528974214813e+01 7.283287710028460982e-01
7.415000000000000000e+03 2.353773914415882018e+01 8.870901735426331980e-01
7.416000000000000000e+03 2.299047054305169269e+01 7.207395720694644847e-01
7.417000000000000000e+03 2.227955308223907238e+01 9.727971731742662831e-01
7.418000000000000000e+03 2.318929300842848562e+01 1.152050648010091161e+00
7.419000000000000000e+03 2.337212944535567871e+01 1.596501032560587729e+00
7.420000000000000000e+03 2.217621400235207574e+01 2.986630750732559569e+00
7.421000000000000000e+03 2.246329112806159145e+01 2.633762148517621249e+00
7.422000000000000000e+03 2.358937016574482470e+01 3.040909237258339726e+00
7.423000000000000000e+03 2.424280157920807355e+01 1.663999277748218875e+00
7.424000000000000000e+03 2.448051539346311500e+01 1.336155642963378742e+00
7.425000000000000000e+03 2.336896974298189278e+01 8.370467287354500519e-01
7.426000000000000000e+03 2.271265259801627323e+01 7.660492307162064529e-01
7.427000000000000000e+03 2.248986574570519181e+01 9.201418691015887941e-01
7.428000000000000000e+03 2.366618218251636918e+01 8.786028521506057398e-01
7.429000000000000000e+03 2.489940512455583743e+01 1.388220338997919967e+00
7.430000000000000000e+03 2.322440163939002034e+01 1.057704957644985511e+00
7.431000000000000000e+03 2.279314405454699966e+01 1.145565714836716431e+00
7.432000000000000000e+03 2.440483941311020288e+01 9.557864221435068419e-01
7.433000000000000000e+03 2.403233334975267255e+01 7.663697152956522318e-01
7.434000000000000000e+03 2.267786483087926541e+01 8.302708977169372950e-01
7.435000000000000000e+03 2.290674111809835267e+01 6.353186597250120027e-01
7.436000000000000000e+03 2.330781618957176349e+01 7.974551707560445513e-01
7.437000000000000000e+03 2.403150515027688883e+01 7.275628205374302659e-01
7.438000000000000000e+03 2.433062462272057758e+01 7.033105281853934132e-01
7.439000000000000000e+03 2.426023293321758345e+01 8.021151144546470046e-01
7.440000000000000000e+03 2.442806082977551796e+01 6.749202558220608328e-01
7.441000000000000000e+03 2.446869784741151932e+01 9.630041367146546794e-01
7.442000000000000000e+03 2.302217494511916485e+01 8.992271585621742780e-01
7.443000000000000000e+03 2.241685828025231686e+01 1.020165748320843724e+00
7.444000000000000000e+03 2.311577793611635911e+01 1.004120308263921402e+00
7.445000000000000000e+03 2.278613093316062077e+01 8.097856923519330952e-01
7.446000000000000000e+03 2.197175711398455178e+01 8.986231859749764794e-01
7.447000000000000000e+03 2.194978023348188145e+01 6.954322164367362502e-01
7.448000000000000000e+03 2.218797295753808996e+01 8.815103345348179742e-01
7.449000000000000000e+03 2.312627480587706330e+01 9.483599447022514894e-01
7.450000000000000000e+03 2.375679272833314926e+01 9.319865203889208249e-01
7.451000000000000000e+03 2.412205686735883248e+01 1.066095261945142036e+00
7.452000000000000000e+03 2.294983327869336520e+01 7.640585154132560897e-01
7.453000000000000000e+03 2.176215527355670787e+01 8.858260065117646853e-01
7.454000000000000000e+03 2.334257590047676345e+01 6.916577641175798430e-01
7.455000000000000000e+03 2.426972700755593593e+01 7.594054522656982220e-01
7.456000000000000000e+03 2.415874943393441754e+01 7.911926228660189908e-01
7.457000000000000000e+03 2.361828705954341245e+01 6.910064520253145215e-01
7.458000000000000000e+03 2.286761139722213798e+01 9.353537663215095721e-01
7.459000000000000000e+03 2.303463965909918443e+01 8.887690760689849201e-01
7.460000000000000000e+03 2.337893323153893377e+01 1.269369353166301062e+00
7.461000000000000000e+03 2.415973403776014194e+01 2.048791227657824621e+00
7.462000000000000000e+03 2.400049182689758354e+01 2.096727507953111580e+00
7.463000000000000000e+03 2.297358549786277138e+01 2.291009703397460573e+00
7.464000000000000000e+03 2.279255891693872371e+01 1.496263835389913810e+00
7.465000000000000000e+03 2.278601308675522574e+01 1.221839400421404154e+00
7.466000000000000000e+03 2.235815480756421536e+01 7.219045736317171169e-01
7.467000000000000000e+03 2.235243027397622484e+01 7.047574845091019169e-01
7.468000000000000000e+03 2.309285565827840259e+01 6.997624125581907162e-01
7.469000000000000000e+03 2.316582735564160700e+01 6.267759991508436990e-01
7.470000000000000000e+03 2.286911681366427374e+01 8.394024120613714501e-01
7.471000000000000000e+03 2.249151029240689681e+01 6.337753682807859557e-01
7.472000000000000000e+03 2.224019117632632714e+01 8.070081589613993245e-01
7.473000000000000000e+03 2.250993061923940175e+01 7.162066860912329469e-01
7.474000000000000000e+03 2.242133722936803153e+01 7.708577635108153636e-01
7.475000000000000000e+03 2.195054625699945561e+01 1.115759260899002792e+00
7.476000000000000000e+03 2.215825027838514316e+01 9.876996496962135996e-01
7.477000000000000000e+03 2.258729259922914778e+01 1.497866327577283441e+00
7.478000000000000000e+03 2.318876667114846057e+01 9.052304837849951547e-01
7.479000000000000000e+03 2.338885149592335466e+01 9.213067970055783817e-01
7.480000000000000000e+03 2.272173732991182149e+01 7.307178641555951426e-01
7.481000000000000000e+03 2.235430108112252512e+01 6.616057320266502950e-01
7.482000000000000000e+03 2.218984078445918939e+01 8.402463467773692019e-01
7.483000000000000000e+03 2.278316270561291290e+01 6.687918250091657857e-01
7.484000000000000000e+03 2.344258042705106249e+01 9.048446363197830689e-01
7.485000000000000000e+03 2.386565432283801158e+01 8.833937633301121028e-01
7.486000000000000000e+03 2.387321171578457069e+01 1.140714587802876157e+00
7.487000000000000000e+03 2.332595744989549047e+01 2.241346595102410078e+00
7.488000000000000000e+03 2.318225602666615970e+01 2.279925064441391314e+00
7.489000000000000000e+03 2.320974183153558457e+01 3.944262104954172177e+00
7.490000000000000000e+03 2.489817997369181057e+01 2.068707718715189436e+00
7.491000000000000000e+03 2.569154553881110203e+01 1.721531512042949741e+00
7.492000000000000000e+03 2.374094370291185641e+01 9.495477509521440540e-01
7.493000000000000000e+03 2.296259673221417330e+01 7.978998441099055539e-01
7.494000000000000000e+03 2.322673471543497570e+01 8.801463334437956698e-01
7.495000000000000000e+03 2.305043068688131314e+01 6.922262440730396760e-01
7.496000000000000000e+03 2.275817736008457004e+01 9.264199030637834120e-01
7.497000000000000000e+03 2.234663822159015112e+01 6.565736618393487323e-01
7.498000000000000000e+03 2.198394530866820062e+01 7.178643544429041956e-01
7.499000000000000000e+03 2.171057891869268985e+01 6.996905861716434805e-01
7.500000000000000000e+03 2.186806560881981909e+01 6.331443593403794923e-01
7.501000000000000000e+03 2.228460313441764740e+01 8.228272431032727097e-01
7.502000000000000000e+03 2.325336538677056808e+01 6.191182707649958150e-01
7.503000000000000000e+03 2.400612542668022797e+01 7.962491645974731913e-01
7.504000000000000000e+03 2.339729994889533060e+01 6.860871324648285530e-01
7.505000000000000000e+03 2.285544300993227296e+01 7.651276972792462328e-01
7.506000000000000000e+03 2.239766551396128591e+01 1.116050452859582709e+00
7.507000000000000000e+03 2.136524193382733827e+01 9.815666856945111096e-01
7.508000000000000000e+03 2.010632408357978207e+01 1.444059844688968752e+00
7.509000000000000000e+03 2.171309576304434685e+01 9.112951188495492794e-01
7.510000000000000000e+03 2.273967943651085832e+01 9.972083420827615452e-01
7.511000000000000000e+03 2.199074605243460212e+01 7.083593258337789189e-01
7.512000000000000000e+03 2.161541841938927533e+01 6.676803154150711128e-01
7.513000000000000000e+03 2.157495223726381539e+01 8.225874356020438372e-01
7.514000000000000000e+03 2.205424016823292988e+01 9.812566003532535719e-01
7.515000000000000000e+03 2.257839782086175617e+01 1.767459994108651511e+00
7.516000000000000000e+03 2.190818830298623254e+01 2.271421445771058423e+00
7.517000000000000000e+03 2.302984337520854652e+01 2.916504371588047650e+00
7.518000000000000000e+03 2.766272443613558707e+01 3.077760061191997298e+00
7.519000000000000000e+03 2.732095627911912672e+01 2.750989766546324322e+00
7.520000000000000000e+03 2.373101119123001723e+01 3.036708343655762032e+00
7.521000000000000000e+03 2.372077490440237213e+01 1.962570539997775088e+00
7.522000000000000000e+03 2.410287335311977230e+01 2.035287946076712817e+00
7.523000000000000000e+03 2.378308471361057741e+01 1.270793210915437177e+00
7.524000000000000000e+03 2.319971594058912601e+01 1.269585704323628939e+00
7.525000000000000000e+03 2.223805796281238756e+01 1.612572206782122430e+00
7.526000000000000000e+03 2.159103826936135206e+01 1.350456473621973963e+00
7.527000000000000000e+03 2.109229638806943186e+01 1.604015898360224623e+00
7.528000000000000000e+03 2.259973389806212296e+01 9.869543986588740214e-01
7.529000000000000000e+03 2.389469598243756820e+01 1.034469827512765727e+00
7.530000000000000000e+03 2.396686713452816520e+01 7.979776603138040159e-01
7.531000000000000000e+03 2.372468582941418802e+01 8.148358380376334864e-01
7.532000000000000000e+03 2.313723215328061045e+01 1.048983139776241247e+00
7.533000000000000000e+03 2.303955615683970137e+01 1.010193658765581537e+00
7.534000000000000000e+03 2.311617208334621054e+01 1.695854896977698312e+00
7.535000000000000000e+03 2.368956814058849503e+01 1.416620497149479574e+00
7.536000000000000000e+03 2.383707941726575896e+01 1.789666013748067774e+00
7.537000000000000000e+03 2.285849677218883258e+01 1.369001264817642394e+00
7.538000000000000000e+03 2.211294233864277814e+01 1.218340994008246136e+00
7.539000000000000000e+03 2.156547241015045913e+01 9.645122800986806189e-01
7.540000000000000000e+03 2.213893251419738561e+01 7.561825447728625083e-01
7.541000000000000000e+03 2.295054154783043643e+01 1.026829263251483937e+00
7.542000000000000000e+03 2.323805915177856107e+01 1.025049822819734668e+00
7.543000000000000000e+03 2.334296426114115519e+01 1.272119426465652348e+00
7.544000000000000000e+03 2.307559998247477751e+01 1.224713468092863300e+00
7.545000000000000000e+03 2.259270974611538563e+01 1.107455825311188580e+00
7.546000000000000000e+03 2.196265264795789207e+01 1.250314800371103319e+00
7.547000000000000000e+03 2.215319943158630522e+01 9.235533918982141710e-01
7.548000000000000000e+03 2.237579772224042785e+01 1.168672039895300552e+00
7.549000000000000000e+03 2.182692897472282567e+01 7.773442924608939819e-01
7.550000000000000000e+03 2.180912959226217751e+01 8.065936350531550669e-01
7.551000000000000000e+03 2.265109212308244224e+01 8.709445331143499391e-01
7.552000000000000000e+03 2.236484870024783334e+01 9.655460117386421848e-01
7.553000000000000000e+03 2.144705053564200981e+01 1.773166197906010710e+00
7.554000000000000000e+03 2.136439188022322000e+01 1.418989213824409790e+00
7.555000000000000000e+03 2.144846969549828231e+01 1.917444414439219980e+00
7.556000000000000000e+03 2.193494663442175963e+01 1.145987022190946059e+00
7.557000000000000000e+03 2.234305012622910880e+01 1.054137607645336372e+00
7.558000000000000000e+03 2.264482186414887366e+01 8.416894484997049508e-01
7.559000000000000000e+03 2.231207798404274456e+01 6.990080157840721231e-01
7.560000000000000000e+03 2.168894724103456895e+01 8.981071164090502768e-01
7.561000000000000000e+03 2.180056680189495211e+01 6.705727226922040263e-01
7.562000000000000000e+03 2.204624769711687904e+01 8.529804107482453768e-01
7.563000000000000000e+03 2.264057450401652716e+01 7.451506531496496777e-01
7.564000000000000000e+03 2.290488951523630590e+01 7.714692188825363894e-01
7.565000000000000000e+03 2.278173844790552494e+01 8.200316921180447194e-01
7.566000000000000000e+03 2.306328441412416197e+01 6.866287451225281391e-01
7.567000000000000000e+03 2.350242610437143398e+01 9.384130098369665163e-01
7.568000000000000000e+03 2.375747044499875571e+01 6.777605015234612340e-01
7.569000000000000000e+03 2.371193887741585016e+01 8.324625748386377255e-01
7.570000000000000000e+03 2.270250888321290716e+01 7.102498592916595133e-01
7.571000000000000000e+03 2.291894236486274750e+01 7.204218188526352318e-01
7.572000000000000000e+03 2.439522365630089951e+01 8.714773874709224044e-01
7.573000000000000000e+03 2.416806925694949726e+01 8.279504180595538276e-01
7.574000000000000000e+03 2.338233081436970551e+01 1.384033826251481081e+00
7.575000000000000000e+03 2.542075908087404201e+01 1.604399502803792954e+00
7.576000000000000000e+03 2.626586277155983140e+01 2.266678216864881801e+00
7.577000000000000000e+03 2.370178871927808828e+01 2.631086987917172326e+00
7.578000000000000000e+03 2.233432422290973207e+01 2.544701388031926470e+00
7.579000000000000000e+03 2.208875194022014554e+01 1.874995135634703658e+00
7.580000000000000000e+03 2.229607525713166183e+01 1.282118785188332888e+00
7.581000000000000000e+03 2.265413251094409475e+01 1.169900222096083020e+00
7.582000000000000000e+03 2.358863676238614104e+01 1.160328284524626774e+00
7.583000000000000000e+03 2.401518032479905429e+01 1.543227912474432362e+00
7.584000000000000000e+03 2.314360212640567838e+01 1.680563337434821669e+00
7.585000000000000000e+03 2.288267296771130788e+01 1.613398352491038912e+00
7.586000000000000000e+03 2.315739104180077135e+01 1.518631556577004105e+00
7.587000000000000000e+03 2.280393100610197266e+01 1.059117485479236009e+00
7.588000000000000000e+03 2.229843502339783257e+01 1.078261277514985128e+00
7.589000000000000000e+03 2.222595764873744884e+01 8.143812731651425274e-01
7.590000000000000000e+03 2.204570824355219472e+01 9.777083451601253916e-01
7.591000000000000000e+03 2.160536900477018207e+01 1.007373688848821836e+00
7.592000000000000000e+03 2.188625213652974111e+01 1.029215413306985072e+00
7.593000000000000000e+03 2.277420733561221056e+01 1.440791980194324751e+00
7.594000000000000000e+03 2.241657182696747341e+01 1.137305711186247459e+00
7.595000000000000000e+03 2.179803637355557555e+01 1.529399562533639623e+00
7.596000000000000000e+03 2.227769233851769215e+01 9.419892718132728548e-01
7.597000000000000000e+03 2.252042138438279295e+01 9.824659892850126086e-01
7.598000000000000000e+03 2.220592623589324788e+01 7.826760642411699775e-01
7.599000000000000000e+03 2.229590498942723187e+01 7.390937197688889349e-01
7.600000000000000000e+03 2.271577380491718046e+01 9.025680412472080194e-01
7.601000000000000000e+03 2.236892612108638190e+01 7.194560678957256927e-01
7.602000000000000000e+03 2.185708555453868129e+01 9.871768205113186090e-01
7.603000000000000000e+03 2.188680920390756057e+01 6.948729097116109754e-01
7.604000000000000000e+03 2.200361496537907158e+01 7.969293517926470116e-01
7.605000000000000000e+03 2.232666783443314529e+01 7.489932787997950481e-01
7.606000000000000000e+03 2.247016230552448590e+01 7.308194916144468145e-01
7.607000000000000000e+03 2.246546508630094507e+01 9.150252932566053099e-01
7.608000000000000000e+03 2.294969194148730196e+01 8.046827124267078579e-01
7.609000000000000000e+03 2.352432612641253229e+01 1.239633302667017434e+00
7.610000000000000000e+03 2.337896906747645076e+01 1.070299482157704318e+00
7.611000000000000000e+03 2.356927245402575011e+01 1.337820400318964653e+00
7.612000000000000000e+03 2.456773002456477784e+01 1.230738040492006302e+00
7.613000000000000000e+03 2.425033174449765383e+01 1.135496787942130492e+00
7.614000000000000000e+03 2.280556829779268568e+01 9.394507686931444779e-01
7.615000000000000000e+03 2.226359899598976710e+01 7.098072307849603302e-01
7.616000000000000000e+03 2.197513048058435814e+01 9.037602270908093871e-01
7.617000000000000000e+03 2.197560466694725534e+01 6.632788231982219562e-01
7.618000000000000000e+03 2.196328791612167564e+01 7.935247398730465029e-01
7.619000000000000000e+03 2.191796518063199528e+01 7.609830374178646606e-01
7.620000000000000000e+03 2.184548679886012579e+01 7.475168591883062374e-01
7.621000000000000000e+03 2.174866891187176066e+01 8.492744862220533708e-01
7.622000000000000000e+03 2.174761738357105756e+01 7.704632818602170641e-01
7.623000000000000000e+03 2.177013375490316349e+01 1.235694864648507751e+00
7.624000000000000000e+03 2.150309552261810353e+01 1.689253096434769841e+00
7.625000000000000000e+03 2.182494942175187091e+01 2.417737026775899079e+00
7.626000000000000000e+03 2.383347927468656735e+01 2.549968171833092878e+00
7.627000000000000000e+03 2.474171188812928435e+01 2.467078762340621623e+00
7.628000000000000000e+03 2.457092960717478292e+01 1.639887587867457031e+00
7.629000000000000000e+03 2.282387087284755722e+01 1.154800676098791001e+00
7.630000000000000000e+03 2.054038297901169585e+01 1.115760825210843965e+00
7.631000000000000000e+03 2.098635882777708517e+01 7.449856829008476566e-01
7.632000000000000000e+03 2.170032309306974128e+01 8.737421346262624899e-01
7.633000000000000000e+03 2.320205953610588168e+01 7.790332931550061346e-01
7.634000000000000000e+03 2.374654518823872706e+01 8.016319341842447210e-01
7.635000000000000000e+03 2.323756407246445121e+01 9.117822904185532984e-01
7.636000000000000000e+03 2.281499851629327935e+01 8.317433326386857173e-01
7.637000000000000000e+03 2.242608460954210159e+01 1.294964115570818475e+00
7.638000000000000000e+03 2.308705929722890815e+01 1.188293048229782434e+00
7.639000000000000000e+03 2.364303160280385896e+01 1.674348686877792369e+00
7.640000000000000000e+03 2.360913295612697382e+01 1.398202106119213584e+00
7.641000000000000000e+03 2.367441724834921857e+01 1.428263061317842642e+00
7.642000000000000000e+03 2.386546506773070675e+01 1.147737467036678005e+00
7.643000000000000000e+03 2.314115160612621835e+01 8.972993457385050053e-01
7.644000000000000000e+03 2.199315663731055182e+01 9.067600724166313686e-01
7.645000000000000000e+03 2.208359914559076387e+01 6.891772212546916077e-01
7.646000000000000000e+03 2.221196016526963390e+01 9.084644031908305495e-01
7.647000000000000000e+03 2.202064401374665437e+01 7.303471585939110833e-01
7.648000000000000000e+03 2.183727752208577755e+01 7.918825784146896751e-01
7.649000000000000000e+03 2.166564807358506073e+01 8.496936807208652631e-01
7.650000000000000000e+03 2.180114277608518947e+01 8.759585356249471877e-01
7.651000000000000000e+03 2.210929232165961622e+01 1.476961576910563512e+00
7.652000000000000000e+03 2.247809179849384265e+01 1.687108327272954567e+00
7.653000000000000000e+03 2.281408342654613719e+01 2.791933978082465906e+00
7.654000000000000000e+03 2.283789383918790605e+01 1.918216350122620373e+00
7.655000000000000000e+03 2.262332046767323135e+01 2.005566492801673650e+00
7.656000000000000000e+03 2.197651276230647355e+01 1.202007547155619971e+00
7.657000000000000000e+03 2.148148296900260945e+01 9.731785300338348099e-01
7.658000000000000000e+03 2.109178127185241536e+01 9.190156729137626268e-01
7.659000000000000000e+03 2.125341789497500855e+01 7.082745152227979402e-01
7.660000000000000000e+03 2.155630780920851919e+01 9.540453095901783032e-01
7.661000000000000000e+03 2.224430971075429397e+01 7.176652844546197452e-01
7.662000000000000000e+03 2.259367980703352430e+01 8.410810069638275932e-01
7.663000000000000000e+03 2.215584090143136464e+01 7.537523054564266856e-01
7.664000000000000000e+03 2.112246571459405331e+01 7.175175358710828011e-01
7.665000000000000000e+03 1.957886225418281612e+01 7.714926815716538488e-01
7.666000000000000000e+03 1.972173113106097020e+01 6.246675197652078459e-01
7.667000000000000000e+03 2.037170583278031444e+01 8.760014436772480817e-01
7.668000000000000000e+03 2.198287355643022067e+01 6.800027543049174117e-01
7.669000000000000000e+03 2.285700576571985465e+01 8.693932721355250859e-01
7.670000000000000000e+03 2.139393981637104858e+01 8.240932953310791120e-01
7.671000000000000000e+03 2.142464463599953817e+01 9.165147487668537929e-01
7.672000000000000000e+03 2.310248477998595362e+01 1.399074879917298730e+00
7.673000000000000000e+03 2.203684118170452777e+01 1.209766851766904017e+00
7.674000000000000000e+03 1.985571518269751223e+01 1.665626815458526533e+00
7.675000000000000000e+03 2.080574043240619631e+01 1.073256947809609452e+00
7.676000000000000000e+03 2.166590899210962817e+01 1.206218013861195981e+00
7.677000000000000000e+03 2.120793576503622191e+01 8.309838924158836626e-01
7.678000000000000000e+03 2.098404813384469492e+01 8.465978078519523775e-01
7.679000000000000000e+03 2.110159387476145199e+01 8.697131599200726981e-01
7.680000000000000000e+03 2.175182074688011369e+01 8.414978551224349124e-01
7.681000000000000000e+03 2.270150299175140063e+01 1.286864296766916826e+00
7.682000000000000000e+03 2.134136577862412310e+01 1.429500960819349409e+00
7.683000000000000000e+03 2.004965922237265730e+01 2.388813605508148363e+00
7.684000000000000000e+03 2.240070435738109111e+01 2.224017835978156388e+00
7.685000000000000000e+03 2.395500999652968233e+01 2.642935297796118022e+00
7.686000000000000000e+03 2.392397850738737120e+01 1.722229043881937649e+00
7.687000000000000000e+03 2.275324205141046363e+01 1.454845537449692250e+00
7.688000000000000000e+03 2.069606839905980777e+01 1.277815318734812244e+00
7.689000000000000000e+03 2.123884619950132091e+01 9.549135639783796758e-01
7.690000000000000000e+03 2.243897920034223148e+01 1.200917760544079060e+00
7.691000000000000000e+03 2.293752043093563842e+01 8.046919004138686216e-01
7.692000000000000000e+03 2.313195306403952500e+01 9.315971452897687799e-01
7.693000000000000000e+03 2.242582426055088618e+01 7.912905246652004454e-01
7.694000000000000000e+03 2.201836471017820074e+01 8.029246403654113351e-01
7.695000000000000000e+03 2.193639369280988305e+01 9.021688715316934504e-01
7.696000000000000000e+03 2.166426194427556595e+01 7.522746940974887053e-01
7.697000000000000000e+03 2.131407523996844589e+01 9.695342941674702786e-01
7.698000000000000000e+03 2.107258931777172251e+01 6.794501981475491448e-01
7.699000000000000000e+03 2.081456776657215002e+01 8.413934227502405383e-01
7.700000000000000000e+03 2.043555372789078817e+01 6.691620680230717655e-01
7.701000000000000000e+03 2.094689043989144750e+01 7.311811027322170364e-01
7.702000000000000000e+03 2.283583453227125659e+01 7.852780130482944765e-01
7.703000000000000000e+03 2.282187824960121603e+01 7.182113621035489670e-01
7.704000000000000000e+03 2.162764198747539268e+01 8.964230989450389098e-01
7.705000000000000000e+03 2.140021853320511624e+01 7.083266311260802972e-01
7.706000000000000000e+03 2.133950027856288045e+01 9.889352302353034974e-01
7.707000000000000000e+03 2.113774906708846046e+01 8.328029288108956818e-01
7.708000000000000000e+03 2.141651185321322259e+01 1.032217134696864491e+00
7.709000000000000000e+03 2.283867593405005181e+01 1.109174223558646810e+00
7.710000000000000000e+03 2.346299969683437325e+01 1.097600929657194024e+00
7.711000000000000000e+03 2.335808249601653941e+01 1.162813725008494892e+00
7.712000000000000000e+03 2.234746710351108590e+01 8.939298348522632942e-01
7.713000000000000000e+03 2.102624177381482440e+01 1.043610083907694053e+00
7.714000000000000000e+03 2.130383213048055779e+01 7.180417065245199293e-01
7.715000000000000000e+03 2.162727680431661526e+01 8.785958063720408218e-01
7.716000000000000000e+03 2.194061596653063972e+01 8.310528506068287635e-01
7.717000000000000000e+03 2.175786046443816346e+01 9.616486850710284084e-01
7.718000000000000000e+03 2.088289334301431666e+01 1.382390290383139764e+00
7.719000000000000000e+03 2.059832744549537864e+01 1.315688080584950903e+00
7.720000000000000000e+03 2.064919624026000022e+01 1.872304691935076981e+00
7.721000000000000000e+03 2.084046919494334560e+01 1.218557182257792082e+00
7.722000000000000000e+03 2.107864074905441143e+01 1.240343238893024225e+00
7.723000000000000000e+03 2.157556479695335483e+01 7.845876360595469556e-01
7.724000000000000000e+03 2.167728971520775616e+01 8.256256874604627205e-01
7.725000000000000000e+03 2.088129392682424523e+01 6.992891202627552483e-01
7.726000000000000000e+03 2.061037505767416533e+01 6.786438867575192990e-01
7.727000000000000000e+03 2.080640651149663611e+01 8.011668738771059450e-01
7.728000000000000000e+03 2.199792463887166605e+01 6.905157650766308164e-01
7.729000000000000000e+03 2.352560645682377682e+01 1.022715568731719538e+00
7.730000000000000000e+03 2.322513650345475611e+01 7.285085444652108499e-01
7.731000000000000000e+03 2.275166698904040175e+01 9.147104381326452982e-01
7.732000000000000000e+03 2.177584562170381233e+01 7.211752731128816540e-01
7.733000000000000000e+03 2.160982325751616528e+01 7.717219939177331067e-01
7.734000000000000000e+03 2.261308107686225810e+01 8.357271837984737717e-01
7.735000000000000000e+03 2.272023130031169913e+01 7.474693673796957150e-01
7.736000000000000000e+03 2.230083147908876029e+01 8.977070772257059739e-01
7.737000000000000000e+03 2.251098591959198458e+01 7.010641857039047187e-01
7.738000000000000000e+03 2.277618076565426009e+01 9.688338124119979522e-01
7.739000000000000000e+03 2.221892133955428150e+01 7.573168238112785167e-01
7.740000000000000000e+03 2.210029861022911390e+01 9.183216261339240960e-01
7.741000000000000000e+03 2.309455551405230267e+01 8.623399799042675840e-01
7.742000000000000000e+03 2.363633888368077152e+01 8.595887911177259033e-01
7.743000000000000000e+03 2.372916991389162789e+01 9.037680306733631985e-01
7.744000000000000000e+03 2.293903813494794264e+01 7.401947220969825603e-01
7.745000000000000000e+03 2.180005184012023989e+01 9.340454711767136597e-01
7.746000000000000000e+03 2.208368749785469021e+01 7.220023351351015917e-01
7.747000000000000000e+03 2.241377206828040869e+01 9.744094660444905243e-01
7.748000000000000000e+03 2.246019186580008409e+01 8.696143665852357207e-01
7.749000000000000000e+03 2.247754968881606885e+01 9.933238405193781650e-01
7.750000000000000000e+03 2.244482198128961414e+01 9.308513034180496692e-01
7.751000000000000000e+03 2.237136392422386777e+01 8.454306705470640004e-01
7.752000000000000000e+03 2.226900703820700045e+01 9.081440201275351454e-01
7.753000000000000000e+03 2.205996661516793012e+01 7.031058721487246643e-01
7.754000000000000000e+03 2.182646635755823183e+01 9.428666629013172651e-01
7.755000000000000000e+03 2.177190126883143861e+01 7.653994113368876029e-01
7.756000000000000000e+03 2.176697820149357909e+01 1.008878123497235491e+00
7.757000000000000000e+03 2.193199596337496970e+01 1.005952689274716594e+00
7.758000000000000000e+03 2.206948805287618853e+01 1.083406014073524437e+00
7.759000000000000000e+03 2.217221567442525298e+01 1.126933091334536119e+00
7.760000000000000000e+03 2.166972608852113424e+01 9.550908784166272092e-01
7.761000000000000000e+03 2.085227194252849259e+01 1.063277949618659513e+00
7.762000000000000000e+03 2.106626348759668232e+01 7.763900777247766394e-01
7.763000000000000000e+03 2.142795891606713354e+01 9.971427696681789410e-01
7.764000000000000000e+03 2.168364745575171781e+01 7.441816838201487094e-01
7.765000000000000000e+03 2.169546304034561146e+01 8.707274209057960235e-01
7.766000000000000000e+03 2.111734221097613329e+01 7.557201089153872120e-01
7.767000000000000000e+03 2.076829919476507769e+01 7.473207769949861135e-01
7.768000000000000000e+03 2.064259047854593376e+01 8.339588408788214391e-01
7.769000000000000000e+03 2.034997413548722278e+01 6.981445412463976874e-01
7.770000000000000000e+03 1.999077715437801217e+01 9.158471405303879598e-01
7.771000000000000000e+03 2.046342992820039086e+01 6.883153503613073099e-01
7.772000000000000000e+03 2.097275047961777616e+01 9.147374582183041003e-01
7.773000000000000000e+03 2.131305438546386100e+01 7.254356383266717945e-01
7.774000000000000000e+03 2.137112084483592511e+01 8.182757051206441812e-01
7.775000000000000000e+03 2.090073430136147081e+01 7.537983725722883221e-01
7.776000000000000000e+03 2.127717304523539354e+01 7.182577531824360095e-01
7.777000000000000000e+03 2.231881630860577559e+01 8.565433203790763228e-01
7.778000000000000000e+03 2.198986178664213398e+01 6.798709435033806203e-01
7.779000000000000000e+03 2.124475504085726740e+01 9.000902255146276953e-01
7.780000000000000000e+03 2.108190609202413413e+01 6.449646721065651622e-01
7.781000000000000000e+03 2.091499020091382732e+01 8.185306002321707242e-01
7.782000000000000000e+03 2.067362656861844528e+01 6.764989283389774011e-01
7.783000000000000000e+03 2.053559333635836381e+01 7.412969015089773128e-01
7.784000000000000000e+03 2.055646100428639755e+01 7.668505405054106827e-01
7.785000000000000000e+03 2.086381945735495691e+01 7.224427800812410760e-01
7.786000000000000000e+03 2.136248283208456655e+01 9.338249484608674988e-01
7.787000000000000000e+03 2.193341326975185623e+01 7.432808038577252141e-01
7.788000000000000000e+03 2.251166297898077318e+01 1.046051755839489950e+00
7.789000000000000000e+03 2.254290440894132530e+01 7.453969732281833238e-01
7.790000000000000000e+03 2.246837119258717053e+01 9.193786471037782571e-01
7.791000000000000000e+03 2.202246179502731493e+01 8.025924050058267367e-01
7.792000000000000000e+03 2.195125578336982741e+01 8.640504424971240383e-01
7.793000000000000000e+03 2.237738335664002065e+01 9.680681630208607391e-01
7.794000000000000000e+03 2.272829930963144918e+01 8.711337701053957217e-01
7.795000000000000000e+03 2.303566558891197147e+01 1.073576769183963497e+00
7.796000000000000000e+03 2.240491029921269472e+01 7.829800181034917150e-01
7.797000000000000000e+03 2.160445516967267210e+01 9.864622371500023634e-01
7.798000000000000000e+03 2.099668991291454745e+01 7.517809737536995662e-01
7.799000000000000000e+03 2.047641459122807106e+01 9.346610785914185593e-01
7.800000000000000000e+03 2.021998146585866607e+01 8.657107747993403324e-01
7.801000000000000000e+03 2.028737372655179882e+01 9.025137005573389271e-01
7.802000000000000000e+03 2.074328688542026455e+01 8.897096223799105807e-01
7.803000000000000000e+03 2.113672932641939539e+01 7.672601975596533563e-01
7.804000000000000000e+03 2.149744901044843459e+01 9.193440450577740064e-01
7.805000000000000000e+03 2.166949163719291960e+01 7.057351407648291275e-01
7.806000000000000000e+03 2.180527401701535695e+01 9.691313291031504740e-01
7.807000000000000000e+03 2.185130710370974327e+01 7.356771199137441819e-01
7.808000000000000000e+03 2.200473054740860590e+01 8.944754664540773836e-01
7.809000000000000000e+03 2.245431492057448963e+01 8.087010155802416556e-01
7.810000000000000000e+03 2.219358122851026138e+01 8.274332905053677356e-01
7.811000000000000000e+03 2.111668984343675604e+01 8.132643948827041891e-01
7.812000000000000000e+03 1.965378399003429521e+01 7.819488139241329572e-01
7.813000000000000000e+03 1.799984323916892492e+01 1.230369503378086593e+00
7.814000000000000000e+03 1.851754635278368966e+01 9.914669372000032288e-01
7.815000000000000000e+03 1.938380382239349231e+01 1.428191632217836515e+00
7.816000000000000000e+03 2.062804047026583731e+01 8.761159123268774662e-01
7.817000000000000000e+03 2.160616952655632517e+01 9.226276219225476583e-01
7.818000000000000000e+03 2.187197108001962320e+01 8.068146563763480827e-01
7.819000000000000000e+03 2.171290979704518875e+01 8.202372280381008407e-01
7.820000000000000000e+03 2.107422165300352290e+01 8.392868579872653223e-01
7.821000000000000000e+03 2.071214573048589713e+01 7.359058229772593718e-01
7.822000000000000000e+03 2.048545891711487954e+01 9.601262622048200024e-01
7.823000000000000000e+03 2.159927549833715688e+01 7.709918903834501736e-01
7.824000000000000000e+03 2.284164411720541210e+01 1.108663635464301578e+00
7.825000000000000000e+03 2.306171355953180324e+01 7.988991864563612655e-01
7.826000000000000000e+03 2.288211106833118791e+01 9.399805527918443371e-01
7.827000000000000000e+03 2.161394756537301731e+01 7.663070933933794349e-01
7.828000000000000000e+03 2.108326421718470556e+01 7.832632948432386444e-01
7.829000000000000000e+03 2.140495266886569325e+01 8.870036797061223721e-01
7.830000000000000000e+03 2.263026750668145581e+01 8.025121070690609537e-01
7.831000000000000000e+03 2.431471504439912934e+01 1.091142935410022385e+00
7.832000000000000000e+03 2.221913802478410815e+01 7.988672456625210971e-01
7.833000000000000000e+03 1.966024456559612332e+01 1.029379873170833015e+00
7.834000000000000000e+03 1.986227868968825305e+01 7.782580196938083672e-01
7.835000000000000000e+03 1.995862979279631233e+01 9.564146954090191333e-01
7.836000000000000000e+03 1.973793183294561970e+01 8.155278304849442605e-01
7.837000000000000000e+03 2.005951039953195547e+01 8.509208657264759612e-01
7.838000000000000000e+03 2.105123855992102122e+01 9.111208301462679904e-01
7.839000000000000000e+03 2.157294060469833141e+01 8.305279006226138350e-01
7.840000000000000000e+03 2.183541612512708951e+01 1.102974814514504631e+00
7.841000000000000000e+03 2.132259649924155198e+01 8.539183723829205652e-01
7.842000000000000000e+03 2.070309167905591607e+01 1.179153961788354188e+00
7.843000000000000000e+03 2.134134643304164669e+01 1.064918828279155294e+00
7.844000000000000000e+03 2.157657164736699329e+01 1.442275752272605294e+00
7.845000000000000000e+03 2.042823658052056857e+01 1.247576528153385711e+00
7.846000000000000000e+03 2.047392565702323353e+01 1.348182118959259546e+00
7.847000000000000000e+03 2.216573164190445411e+01 1.472711501913695598e+00
7.848000000000000000e+03 2.166372728017268301e+01 1.265993504289035121e+00
7.849000000000000000e+03 1.976980015260643953e+01 1.061307065676518446e+00
7.850000000000000000e+03 1.997281257069797178e+01 8.095162283769314904e-01
7.851000000000000000e+03 2.067828120947655890e+01 1.090285106370470380e+00
7.852000000000000000e+03 2.097437024984779086e+01 7.614664041525381899e-01
7.853000000000000000e+03 2.130404557174927405e+01 9.525462295493546394e-01
7.854000000000000000e+03 2.177650564960531199e+01 7.671499029368256117e-01
7.855000000000000000e+03 2.191535350904410606e+01 8.386727048955960884e-01
7.856000000000000000e+03 2.151855426975351548e+01 8.229302923969509242e-01
7.857000000000000000e+03 2.153867661166835390e+01 7.763555928361046687e-01
7.858000000000000000e+03 2.187104509086222137e+01 9.109881895081218817e-01
7.859000000000000000e+03 2.174712300708563006e+01 7.338958355378704113e-01
7.860000000000000000e+03 2.148313981243234849e+01 9.805540385248066038e-01
7.861000000000000000e+03 2.114554118699762242e+01 7.053007763513581274e-01
7.862000000000000000e+03 2.077894254412291630e+01 9.121235883266864963e-01
7.863000000000000000e+03 2.026212418728057685e+01 7.201585779232698714e-01
7.864000000000000000e+03 2.016289987523002480e+01 8.239767325869227221e-01
7.865000000000000000e+03 2.088734799694103472e+01 8.146898098690362744e-01
7.866000000000000000e+03 2.185104077232572450e+01 8.203370943399332926e-01
7.867000000000000000e+03 2.303298007118270974e+01 1.011456390725253618e+00
7.868000000000000000e+03 2.249632526685861222e+01 8.383256480567156110e-01
7.869000000000000000e+03 2.126917440602468190e+01 1.036308806541335725e+00
7.870000000000000000e+03 2.196340310266552720e+01 8.630200487529966491e-01
7.871000000000000000e+03 2.279871138834132438e+01 1.273545656307110141e+00
7.872000000000000000e+03 2.287738927022111568e+01 1.006489058506904177e+00
7.873000000000000000e+03 2.263904308960918854e+01 1.224163736182788176e+00
7.874000000000000000e+03 2.155831868575228683e+01 1.050459451316748449e+00
7.875000000000000000e+03 2.117130800525122680e+01 1.070438621584859806e+00
7.876000000000000000e+03 2.158923940878934644e+01 1.073909856623490366e+00
7.877000000000000000e+03 2.164071756495555121e+01 9.514178194211252437e-01
7.878000000000000000e+03 2.149563602729329759e+01 1.197428214024055970e+00
7.879000000000000000e+03 2.092662465413347306e+01 8.759184879228815168e-01
7.880000000000000000e+03 2.031063061044589091e+01 1.108681007814942499e+00
7.881000000000000000e+03 2.126187289175905093e+01 7.842806855530569665e-01
7.882000000000000000e+03 2.194842249719956584e+01 9.710029697662387882e-01
7.883000000000000000e+03 2.161203864972695499e+01 7.903320717838968612e-01
7.884000000000000000e+03 2.088674288421364977e+01 8.555862663778530663e-01
7.885000000000000000e+03 1.955846413243947168e+01 8.110080725408328473e-01
7.886000000000000000e+03 1.962363560049201183e+01 7.652219825098763861e-01
7.887000000000000000e+03 2.072204566690378869e+01 9.206475854793694236e-01
7.888000000000000000e+03 2.167101868548507326e+01 7.589515942502510493e-01
7.889000000000000000e+03 2.257299288928524916e+01 1.046991186336528656e+00
7.890000000000000000e+03 2.114594256770690706e+01 7.461511091102447368e-01
7.891000000000000000e+03 2.001745374992113113e+01 9.643010915125644900e-01
7.892000000000000000e+03 2.185997802726102890e+01 8.169979867863544909e-01
7.893000000000000000e+03 2.276090599564523487e+01 9.738174180521651513e-01
7.894000000000000000e+03 2.158087660412228104e+01 8.193402374175453584e-01
7.895000000000000000e+03 2.092233596226220627e+01 8.116326721028831459e-01
7.896000000000000000e+03 2.080394569529640947e+01 8.642676598186684878e-01
7.897000000000000000e+03 2.117913382430279867e+01 7.595694481376424889e-01
7.898000000000000000e+03 2.179218245380587859e+01 9.915463952407397308e-01
7.899000000000000000e+03 2.172815247246975545e+01 7.579691733672225817e-01
7.900000000000000000e+03 2.151130421282718430e+01 1.042827024431846272e+00
7.901000000000000000e+03 2.034560071879148069e+01 7.424364940935873625e-01
7.902000000000000000e+03 1.954742436593574695e+01 9.100853088521775325e-01
7.903000000000000000e+03 2.005066895421056472e+01 7.778655735282150596e-01
7.904000000000000000e+03 2.076247629196764066e+01 8.518683886459234023e-01
7.905000000000000000e+03 2.179045860867879369e+01 8.786014127492816073e-01
7.906000000000000000e+03 2.177737755429607347e+01 8.210869999784954354e-01
7.907000000000000000e+03 2.100763829931828397e+01 9.241431087700999747e-01
7.908000000000000000e+03 2.120145643167047567e+01 7.580693714024719920e-01
7.909000000000000000e+03 2.170567813810886193e+01 1.029139387710098497e+00
7.910000000000000000e+03 2.191901040600505013e+01 7.535463827820592098e-01
7.911000000000000000e+03 2.209152538365165697e+01 1.001271714198945562e+00
7.912000000000000000e+03 2.209633698031406368e+01 7.745082023189723275e-01
7.913000000000000000e+03 2.197683266775218058e+01 9.133854880042990843e-01
7.914000000000000000e+03 2.155942373024873859e+01 8.148131122158777107e-01
7.915000000000000000e+03 2.122076748243333810e+01 8.304611502711650717e-01
7.916000000000000000e+03 2.096980385809682090e+01 8.637027944179531680e-01
7.917000000000000000e+03 2.033360731077437222e+01 7.617511393551030796e-01
7.918000000000000000e+03 1.948854954014453611e+01 9.299973831568559834e-01
7.919000000000000000e+03 2.071930045799700082e+01 7.649388394628316989e-01
7.920000000000000000e+03 2.237803976953285101e+01 1.151989732787991993e+00
7.921000000000000000e+03 2.182994046970195612e+01 8.179112835333881559e-01
7.922000000000000000e+03 2.119361385229085570e+01 1.043828613526431193e+00
7.923000000000000000e+03 2.015451035022225668e+01 9.107777454983624343e-01
7.924000000000000000e+03 2.004923279888023657e+01 1.080799808949325591e+00
7.925000000000000000e+03 2.165532369114520606e+01 1.437308193266316092e+00
7.926000000000000000e+03 2.207561982109557519e+01 1.532440787258328330e+00
7.927000000000000000e+03 2.144551580247794931e+01 2.173195026004515640e+00
7.928000000000000000e+03 2.076454926293537895e+01 1.872337328601786366e+00
7.929000000000000000e+03 2.006205716726770305e+01 2.442156975510788808e+00
7.930000000000000000e+03 1.992138839787201832e+01 1.762655631229450126e+00
7.931000000000000000e+03 1.988108050202495747e+01 2.277901531062026752e+00
7.932000000000000000e+03 2.024133206324201595e+01 1.572598850323682962e+00
7.933000000000000000e+03 2.045510340156419815e+01 1.899661260942579366e+00
7.934000000000000000e+03 2.016602271926061718e+01 2.382460936412141628e+00
7.935000000000000000e+03 2.052016546919711359e+01 2.777130650132605183e+00
7.936000000000000000e+03 2.183561778227657868e+01 3.014389437968752361e+00
7.937000000000000000e+03 2.190019485304235047e+01 2.682760680082233673e+00
7.938000000000000000e+03 2.102795075595904706e+01 1.805347564417816741e+00
7.939000000000000000e+03 2.115781774084292621e+01 1.291729708777362928e+00
7.940000000000000000e+03 2.163047763842778437e+01 1.184271598455542529e+00
7.941000000000000000e+03 2.054123547097254132e+01 1.093396911008271966e+00
7.942000000000000000e+03 1.945155081993371837e+01 1.723358029726704377e+00
7.943000000000000000e+03 1.987173636932801202e+01 2.287641662136025378e+00
7.944000000000000000e+03 2.063592658466748730e+01 3.190375814585264536e+00
7.945000000000000000e+03 2.237297485528915075e+01 3.368459744004299150e+00
7.946000000000000000e+03 2.241792633939228807e+01 3.628211225481339675e+00
7.947000000000000000e+03 2.021252384916397915e+01 3.030262855402886313e+00
7.948000000000000000e+03 1.948733417933189926e+01 2.518902439995251541e+00
7.949000000000000000e+03 1.974254520870735163e+01 1.560681148742840030e+00
7.950000000000000000e+03 1.967493810285493439e+01 1.110022634971522315e+00
7.951000000000000000e+03 1.951038307446371789e+01 1.161662385831046418e+00
7.952000000000000000e+03 1.979323208057451922e+01 8.362267729590528997e-01
7.953000000000000000e+03 2.014880995658458573e+01 1.101436627669820867e+00
7.954000000000000000e+03 2.087493341179436257e+01 9.742465348889746135e-01
7.955000000000000000e+03 2.116552416134847192e+01 1.251654276779679886e+00
7.956000000000000000e+03 2.032127617082140603e+01 1.631852803624013637e+00
7.957000000000000000e+03 2.073734491827071480e+01 1.810972692563636022e+00
7.958000000000000000e+03 2.271400258824213481e+01 2.018014996916988935e+00
7.959000000000000000e+03 2.242995253384065535e+01 1.731875217392291999e+00
7.960000000000000000e+03 2.071742341533338916e+01 1.382773657266898937e+00
7.961000000000000000e+03 2.100654167827773477e+01 1.030464826186248128e+00
7.962000000000000000e+03 2.185612120802732150e+01 1.219292131283525649e+00
7.963000000000000000e+03 2.124935415860811716e+01 8.863763667920803169e-01
7.964000000000000000e+03 2.070601201084382836e+01 1.175088866248033659e+00
7.965000000000000000e+03 2.130747717468345570e+01 9.136409843731714275e-01
7.966000000000000000e+03 2.165836139582444630e+01 1.092523636498491824e+00
7.967000000000000000e+03 2.135949362871967594e+01 9.406774925958674149e-01
7.968000000000000000e+03 2.150628449998176350e+01 9.778229290907169968e-01
7.969000000000000000e+03 2.220929257416013414e+01 9.906084020597613060e-01
7.970000000000000000e+03 2.181600034607457417e+01 8.862291533246605679e-01
7.971000000000000000e+03 2.072998609431048322e+01 9.703839910793109480e-01
7.972000000000000000e+03 2.049344434526464198e+01 7.769048537659074549e-01
7.973000000000000000e+03 2.050366177943885404e+01 1.038498010022411489e+00
7.974000000000000000e+03 2.044805432470694484e+01 7.571254203231455593e-01
7.975000000000000000e+03 2.043299398784693466e+01 1.010988920499230170e+00
7.976000000000000000e+03 2.081107830923522783e+01 7.838692262632086516e-01
7.977000000000000000e+03 2.079963244320607174e+01 9.470528681635383972e-01
7.978000000000000000e+03 1.972460597433988028e+01 7.884018349029049411e-01
7.979000000000000000e+03 1.958949062553347886e+01 8.348475705739252239e-01
7.980000000000000000e+03 2.070937632756261237e+01 9.181703501897906516e-01
7.981000000000000000e+03 2.072979684136015166e+01 8.608650032791131945e-01
7.982000000000000000e+03 1.999642764177728083e+01 1.027144330741109446e+00
7.983000000000000000e+03 2.078847238777170858e+01 8.893682834623201083e-01
7.984000000000000000e+03 2.206931837874635249e+01 1.305771662959664958e+00
7.985000000000000000e+03 2.201646275044374690e+01 1.133452011645928570e+00
7.986000000000000000e+03 2.182734195462464299e+01 1.742783772635044803e+00
7.987000000000000000e+03 2.146751666810335024e+01 2.730110207769421038e+00
7.988000000000000000e+03 2.188028751622477586e+01 4.049582273895344642e+00
7.989000000000000000e+03 2.476283289311606239e+01 5.901655871569591483e+00
7.990000000000000000e+03 2.596701795819832981e+01 6.764257647262339468e+00
7.991000000000000000e+03 2.465775611728161465e+01 4.905915049519073534e+00
7.992000000000000000e+03 2.352860963008862427e+01 4.154586958690781096e+00
7.993000000000000000e+03 2.254235675980066844e+01 2.213448161632229017e+00
7.994000000000000000e+03 2.092302987594528574e+01 1.675143062370408442e+00
7.995000000000000000e+03 1.905717349152165951e+01 1.996352197373097770e+00
7.996000000000000000e+03 1.988575447069519342e+01 2.390044461087256877e+00
7.997000000000000000e+03 2.107691148921099611e+01 4.341519783534470989e+00
7.998000000000000000e+03 2.226371765549695070e+01 2.901351727790428381e+00
7.999000000000000000e+03 2.294870541354788074e+01 3.433679408188539117e+00
8.000000000000000000e+03 2.159164004511401558e+01 1.754133464013811983e+00
8.001000000000000000e+03 2.100305241942563939e+01 1.420906680855392290e+00
8.002000000000000000e+03 2.182582419380075223e+01 1.060013050043626004e+00
8.003000000000000000e+03 2.187526121666191870e+01 1.003282440893217720e+00
8.004000000000000000e+03 2.118822405767188499e+01 1.065850186689761392e+00
8.005000000000000000e+03 2.143788827982211842e+01 9.710854168199932746e-01
8.006000000000000000e+03 2.215624630659953098e+01 1.347069198684557989e+00
8.007000000000000000e+03 2.156641365051522286e+01 1.165174389275366540e+00
8.008000000000000000e+03 2.070133520063421528e+01 1.835473550601404158e+00
8.009000000000000000e+03 2.122412880015291137e+01 1.322146392238420898e+00
8.010000000000000000e+03 2.180414700865145150e+01 1.739936498608801285e+00
8.011000000000000000e+03 2.259667553387931704e+01 1.149332267419121978e+00
8.012000000000000000e+03 2.268900341556527778e+01 1.235299306390555518e+00
8.013000000000000000e+03 2.110734167924294269e+01 9.137656785186657471e-01
8.014000000000000000e+03 2.010853229993988833e+01 9.069003890653650757e-01
8.015000000000000000e+03 1.982859534790365785e+01 8.819142668596768875e-01
8.016000000000000000e+03 1.952634297727436063e+01 8.116896926188805761e-01
8.017000000000000000e+03 1.920940037564210812e+01 9.710608672463637570e-01
8.018000000000000000e+03 2.025568207832502665e+01 8.387142599053235559e-01
8.019000000000000000e+03 2.174461488115241536e+01 1.221657665846095142e+00
8.020000000000000000e+03 2.136371848230990622e+01 9.143701189607597035e-01
8.021000000000000000e+03 2.085210640756396216e+01 1.258212673516121205e+00
8.022000000000000000e+03 2.108221229516789563e+01 1.030105317004735621e+00
8.023000000000000000e+03 2.107229102750908467e+01 1.361683476861857978e+00
8.024000000000000000e+03 2.019274541624452368e+01 1.678748149275747004e+00
8.025000000000000000e+03 1.932379223354823239e+01 2.019501977853783714e+00
8.026000000000000000e+03 1.847279042981916675e+01 2.186266726714241493e+00
8.027000000000000000e+03 1.855769745501473267e+01 2.095785642306747576e+00
8.028000000000000000e+03 1.950645272322225665e+01 1.595142768606460759e+00
8.029000000000000000e+03 1.954212197563133202e+01 1.266807659120406715e+00
8.030000000000000000e+03 1.913580466389058543e+01 1.218027312594666789e+00
8.031000000000000000e+03 2.099063068543229349e+01 9.589900934329326221e-01
8.032000000000000000e+03 2.333257541908903931e+01 1.353671611371499939e+00
8.033000000000000000e+03 2.204724563660993297e+01 9.856277020584562898e-01
8.034000000000000000e+03 2.082793571040010860e+01 1.313314578415319289e+00
8.035000000000000000e+03 2.068214372623639008e+01 9.141278964069485813e-01
8.036000000000000000e+03 2.112870946368263958e+01 1.042748133752970929e+00
8.037000000000000000e+03 2.313771075451232306e+01 1.064751408602143234e+00
8.038000000000000000e+03 2.314333987517014180e+01 1.276656728933063034e+00
8.039000000000000000e+03 2.045794047433701479e+01 2.114615069310589845e+00
8.040000000000000000e+03 2.011857948644450289e+01 3.587606348488249886e+00
8.041000000000000000e+03 2.152924715268570921e+01 8.412018332650102792e+00
8.042000000000000000e+03 1.973738697510194839e+01 6.610909242934568830e+00
8.043000000000000000e+03 1.672242911899950002e+01 6.523801574712680740e+00
8.044000000000000000e+03 1.726723373869095468e+01 3.845957208292525742e+00
8.045000000000000000e+03 1.837021741740340630e+01 2.208412914265198701e+00
8.046000000000000000e+03 2.061754918820120253e+01 1.252753925729448659e+00
8.047000000000000000e+03 2.240551919345793053e+01 1.246022694714007617e+00
8.048000000000000000e+03 2.191804603466862034e+01 9.822067868404800173e-01
8.049000000000000000e+03 2.175849436630902289e+01 1.137375053342403852e+00
8.050000000000000000e+03 2.232036997682338608e+01 1.070620707534285065e+00
8.051000000000000000e+03 2.180968065588866978e+01 1.105493470709166592e+00
8.052000000000000000e+03 2.004216816502455245e+01 1.059569491355944137e+00
8.053000000000000000e+03 1.968002208389876273e+01 9.960460529785644113e-01
8.054000000000000000e+03 2.023926012427054744e+01 1.297877052491930083e+00
8.055000000000000000e+03 2.043445203233153862e+01 1.477583203378249888e+00
8.056000000000000000e+03 2.050987016421387210e+01 2.759897433252900267e+00
8.057000000000000000e+03 1.946107936250808734e+01 2.281777247064611824e+00
8.058000000000000000e+03 1.844508699516915939e+01 3.461253135358776767e+00
8.059000000000000000e+03 2.127903631489696323e+01 1.954497202497585961e+00
8.060000000000000000e+03 2.334612895232780616e+01 1.907600234407570872e+00
8.061000000000000000e+03 2.209017596643220216e+01 1.137355231124232757e+00
8.062000000000000000e+03 2.134817200779883350e+01 1.109277799006552767e+00
8.063000000000000000e+03 2.165389203050946776e+01 1.012424218103777029e+00
8.064000000000000000e+03 2.149026620912389163e+01 1.046398528237144188e+00
8.065000000000000000e+03 2.080605802511279734e+01 1.185845115245204973e+00
8.066000000000000000e+03 2.147934362684425480e+01 1.112544752104191792e+00
8.067000000000000000e+03 2.300335408711119811e+01 1.427163454790396413e+00
8.068000000000000000e+03 2.128780696025983588e+01 1.578528167980942420e+00
8.069000000000000000e+03 1.854518466269563248e+01 2.901044863188383616e+00
8.070000000000000000e+03 1.986362637706493217e+01 4.728034669837815507e+00
8.071000000000000000e+03 2.150674748342535025e+01 8.985179167638394304e+00
8.072000000000000000e+03 2.024565889283717723e+01 6.419865828690817899e+00
8.073000000000000000e+03 1.935775972147531832e+01 8.029579361168671880e+00
8.074000000000000000e+03 2.014571115916710298e+01 3.642201108734184345e+00
8.075000000000000000e+03 2.087824629845741953e+01 2.183829680673664342e+00
8.076000000000000000e+03 2.149553220364197514e+01 1.258782814038128972e+00
8.077000000000000000e+03 2.150266987547927044e+01 1.104084350560529115e+00
8.078000000000000000e+03 2.081422581004421346e+01 1.029630906569511728e+00
8.079000000000000000e+03 2.106570291794793448e+01 9.386279198112252864e-01
8.080000000000000000e+03 2.193089772495419254e+01 1.107021826288784982e+00
8.081000000000000000e+03 2.200175611814154664e+01 9.118092965518476145e-01
8.082000000000000000e+03 2.180298691238443709e+01 1.184122157826505539e+00
8.083000000000000000e+03 2.236717624485461542e+01 9.210280559068604322e-01
8.084000000000000000e+03 2.300569827086950525e+01 1.330860404266719588e+00
8.085000000000000000e+03 2.256749855668444837e+01 9.908012895657707375e-01
8.086000000000000000e+03 2.207687154512445460e+01 1.308270342390563945e+00
8.087000000000000000e+03 2.130931261321138592e+01 1.028557223846595647e+00
8.088000000000000000e+03 2.067316668160598070e+01 1.202824914892811625e+00
8.089000000000000000e+03 2.034393645426132835e+01 1.079274351508797469e+00
8.090000000000000000e+03 2.104610585546930324e+01 1.248369136668415980e+00
8.091000000000000000e+03 2.306649346932066535e+01 2.042315057511679299e+00
8.092000000000000000e+03 2.207081476577489809e+01 2.019461067154936895e+00
8.093000000000000000e+03 1.883426296003026224e+01 2.498268160698714269e+00
8.094000000000000000e+03 1.842995362879561583e+01 1.931105531071283243e+00
8.095000000000000000e+03 1.917448115576564760e+01 1.669542684158973778e+00
8.096000000000000000e+03 1.992583159523355363e+01 1.143456817152666005e+00
8.097000000000000000e+03 2.067842686170049049e+01 1.274508143698495743e+00
8.098000000000000000e+03 2.067577735312222487e+01 9.297124199840199887e-01
8.099000000000000000e+03 2.068913992004344493e+01 1.254121357771851519e+00
8.100000000000000000e+03 2.092020305165457117e+01 1.027887825964866941e+00
8.101000000000000000e+03 2.084243761202063894e+01 1.303413898027879769e+00
8.102000000000000000e+03 1.985719129379161529e+01 1.620362923913155617e+00
8.103000000000000000e+03 1.911922314354231389e+01 2.240899697725805328e+00
8.104000000000000000e+03 1.876859548198108385e+01 4.693183825312517321e+00
8.105000000000000000e+03 2.042329873134866958e+01 5.184944053735088154e+00
8.106000000000000000e+03 2.392170359609262675e+01 7.552617909035821420e+00
8.107000000000000000e+03 2.432275571593356744e+01 6.016425468681637412e+00
8.108000000000000000e+03 2.310839800898167695e+01 2.747770638792965237e+00
8.109000000000000000e+03 2.241766486882539411e+01 1.786576466592646684e+00
8.110000000000000000e+03 2.186814480158670904e+01 1.515253216366684752e+00
8.111000000000000000e+03 2.215804894640750078e+01 1.064543509337964489e+00
8.112000000000000000e+03 2.237414589642043339e+01 1.387563970988623829e+00
8.113000000000000000e+03 1.994357520989241195e+01 9.384758467442940733e-01
8.114000000000000000e+03 1.809278234774736305e+01 1.128374377360725989e+00
8.115000000000000000e+03 1.877870768311757743e+01 9.010188038592025217e-01
8.116000000000000000e+03 1.944973374893482898e+01 1.037754913161046622e+00
8.117000000000000000e+03 2.008900204441611592e+01 9.506551160459235650e-01
8.118000000000000000e+03 2.054670647110899040e+01 9.977167856169492088e-01
8.119000000000000000e+03 2.078047552633110939e+01 1.041697234422120033e+00
8.120000000000000000e+03 2.074618833611953050e+01 9.773561829087895614e-01
8.121000000000000000e+03 2.051824234457891549e+01 1.101870361084472227e+00
8.122000000000000000e+03 2.088651490032377112e+01 9.255844242881993145e-01
8.123000000000000000e+03 2.150009584526558370e+01 1.141829797798326718e+00
8.124000000000000000e+03 2.023133218187449600e+01 8.550600942137156490e-01
8.125000000000000000e+03 1.860360977924333170e+01 1.118883548159579133e+00
8.126000000000000000e+03 1.973380402964837899e+01 8.502959989957172837e-01
8.127000000000000000e+03 2.084785026767976746e+01 1.190598881753430982e+00
8.128000000000000000e+03 2.092419097293727859e+01 9.667004644098723398e-01
8.129000000000000000e+03 2.107415134478559438e+01 1.247346972747017668e+00
8.130000000000000000e+03 2.147334660507794979e+01 1.445584636699012382e+00
8.131000000000000000e+03 2.154999898510606471e+01 1.742184842758357055e+00
8.132000000000000000e+03 2.103680775534916947e+01 1.744657213795053785e+00
8.133000000000000000e+03 2.012301506708996968e+01 1.741921555938153343e+00
8.134000000000000000e+03 1.878026692428005262e+01 1.380878024863616327e+00
8.135000000000000000e+03 1.912952071633564088e+01 1.199287745086441870e+00
8.136000000000000000e+03 2.057008178041897395e+01 1.244272763134893323e+00
8.137000000000000000e+03 2.162114208500748802e+01 1.042611514576361920e+00
8.138000000000000000e+03 2.253272599029950740e+01 1.378199394363393893e+00
8.139000000000000000e+03 2.165616592052240819e+01 1.249216389241871061e+00
8.140000000000000000e+03 2.048936227701478074e+01 2.070101450489015615e+00
8.141000000000000000e+03 2.202611874180324847e+01 2.738654347102656761e+00
8.142000000000000000e+03 2.297676350501957998e+01 4.562359226464249851e+00
8.143000000000000000e+03 1.917073947065640738e+01 4.101627967396376029e+00
8.144000000000000000e+03 1.691716415264482976e+01 5.299125956274858495e+00
8.145000000000000000e+03 1.962633473121986327e+01 2.709422956644196745e+00
8.146000000000000000e+03 2.124702457269218669e+01 2.173298986165149049e+00
8.147000000000000000e+03 2.096396891023427145e+01 1.320244452512823630e+00
8.148000000000000000e+03 2.080571237239072246e+01 1.181294542766813338e+00
8.149000000000000000e+03 2.077952968199902983e+01 1.179533233734807451e+00
8.150000000000000000e+03 2.109694344573406255e+01 1.071223991884018956e+00
8.151000000000000000e+03 2.163236134437562086e+01 1.229697137016469322e+00
8.152000000000000000e+03 2.240926021380970923e+01 1.021845622141921428e+00
8.153000000000000000e+03 2.327438013122106497e+01 1.303837594416572987e+00
8.154000000000000000e+03 2.202467592915219896e+01 9.722032389543708852e-01
8.155000000000000000e+03 2.042330393500080987e+01 1.304171803942781427e+00
8.156000000000000000e+03 2.118495745855131673e+01 9.803852779020240105e-01
8.157000000000000000e+03 2.192926533157090674e+01 1.364429794609696822e+00
8.158000000000000000e+03 2.213552801260247449e+01 1.075439135543079017e+00
8.159000000000000000e+03 2.256402681911845676e+01 1.359851404242717887e+00
8.160000000000000000e+03 2.376187900988421831e+01 1.221765182984496434e+00
8.161000000000000000e+03 2.409281180932358168e+01 1.404089482542174361e+00
8.162000000000000000e+03 2.276512927260408858e+01 1.117827580596798986e+00
8.163000000000000000e+03 2.158784743953357221e+01 1.106815890712391059e+00
8.164000000000000000e+03 2.058269960550722644e+01 1.037766282512469385e+00
8.165000000000000000e+03 2.066933538675990079e+01 9.688704426614570542e-01
8.166000000000000000e+03 2.153529453522453707e+01 1.140794881024895124e+00
8.167000000000000000e+03 2.123331268421391727e+01 9.673614505255604401e-01
8.168000000000000000e+03 2.044394784171343460e+01 1.199791577388800157e+00
8.169000000000000000e+03 2.077749693390617480e+01 9.411040179947384177e-01
8.170000000000000000e+03 2.134650641993390963e+01 1.291544654027195094e+00
8.171000000000000000e+03 2.160173563849715350e+01 9.688658228699557062e-01
8.172000000000000000e+03 2.185094607907873510e+01 1.361046250037754257e+00
8.173000000000000000e+03 2.229029487887194705e+01 1.188618539319755696e+00
8.174000000000000000e+03 2.253790903071314844e+01 1.644527655059167204e+00
8.175000000000000000e+03 2.190730535351165642e+01 1.485566013851790323e+00
8.176000000000000000e+03 2.176731374778720252e+01 1.802804454248601029e+00
8.177000000000000000e+03 2.278118392064429898e+01 1.454803938049630263e+00
8.178000000000000000e+03 2.263602789688988892e+01 1.503807591347898764e+00
8.179000000000000000e+03 2.085074046281996374e+01 1.188999521540933468e+00
8.180000000000000000e+03 2.025108865304010664e+01 1.130246959871253676e+00
8.181000000000000000e+03 2.069349090570171157e+01 1.281794844116109777e+00
8.182000000000000000e+03 2.097647241112731820e+01 1.224788504270794887e+00
8.183000000000000000e+03 2.117375928063261981e+01 1.774470886490680188e+00
8.184000000000000000e+03 2.149814902176034437e+01 1.600370680155791536e+00
8.185000000000000000e+03 2.186187238810745725e+01 2.452801107072501985e+00
8.186000000000000000e+03 2.139792343815311781e+01 1.677485421659330012e+00
8.187000000000000000e+03 2.082254824287461048e+01 1.992828856731072573e+00
8.188000000000000000e+03 2.099809651152536105e+01 1.242496724111560535e+00
8.189000000000000000e+03 2.104905611668133858e+01 1.442734415599524977e+00
8.190000000000000000e+03 2.006208007573649965e+01 1.043214499792963101e+00
8.191000000000000000e+03 1.992650552736353831e+01 1.260185650019617354e+00
8.192000000000000000e+03 2.276336776887505664e+01 1.133271092876472208e+00
8.193000000000000000e+03 2.419044886537166406e+01 1.315728235605217122e+00
8.194000000000000000e+03 2.285501083958643065e+01 1.142607695719880967e+00
8.195000000000000000e+03 2.168027104684548689e+01 1.171423774351392666e+00
8.196000000000000000e+03 2.069947739737902381e+01 1.130566572598222130e+00
8.197000000000000000e+03 2.026553767064517686e+01 1.065200898349758507e+00
8.198000000000000000e+03 2.025524387712740548e+01 1.164248257123045915e+00
8.199000000000000000e+03 2.024502312815158689e+01 1.001524265973130712e+00
8.200000000000000000e+03 2.023483711216184844e+01 1.187724284413980591e+00
8.201000000000000000e+03 2.070950643193771157e+01 9.577941902263279461e-01
8.202000000000000000e+03 2.131455196963148779e+01 1.286946914140565390e+00
8.203000000000000000e+03 2.170746841623602208e+01 9.597139953798324852e-01
8.204000000000000000e+03 2.206423022594943006e+01 1.348483123274735851e+00
8.205000000000000000e+03 2.110864844802558693e+01 9.504646579345092938e-01
8.206000000000000000e+03 2.046481440828837606e+01 1.246735551341837667e+00
8.207000000000000000e+03 2.204280155034198430e+01 1.025674662984479513e+00
8.208000000000000000e+03 2.288777647005508697e+01 1.298111865803665443e+00
8.209000000000000000e+03 2.133824479683010367e+01 1.072745364685655955e+00
8.210000000000000000e+03 2.031187992043581403e+01 1.214194758437795674e+00
8.211000000000000000e+03 2.028862403052105634e+01 1.134362292407759654e+00
8.212000000000000000e+03 2.031243195342857888e+01 1.184426337915243543e+00
8.213000000000000000e+03 2.039304102976461053e+01 1.202436424573764651e+00
8.214000000000000000e+03 2.041725957846690775e+01 1.141165043037821292e+00
8.215000000000000000e+03 2.039709395969974182e+01 1.231908856451048306e+00
8.216000000000000000e+03 2.077913000910859864e+01 1.077466844913903987e+00
8.217000000000000000e+03 2.135846149110302505e+01 1.315767672331334737e+00
8.218000000000000000e+03 2.099543851637088920e+01 1.046450660110310515e+00
8.219000000000000000e+03 2.036097004403136879e+01 1.327725126327001570e+00
8.220000000000000000e+03 2.007790798211392413e+01 1.022637355060312503e+00
8.221000000000000000e+03 1.984017618483393974e+01 1.477574685280269140e+00
8.222000000000000000e+03 1.959972128205897590e+01 1.093451076178996839e+00
8.223000000000000000e+03 1.946373242224482070e+01 1.511392747891704413e+00
8.224000000000000000e+03 2.028266380884307551e+01 1.127318772472536201e+00
8.225000000000000000e+03 2.082379671581553637e+01 1.401280929925281971e+00
8.226000000000000000e+03 2.030720865105269723e+01 1.071313813588797625e+00
8.227000000000000000e+03 2.042480670175562096e+01 1.225824935347281430e+00
8.228000000000000000e+03 2.195037770065237837e+01 1.277074563457002432e+00
8.229000000000000000e+03 2.259343181316593530e+01 1.415848598008058179e+00
8.230000000000000000e+03 2.200756054181016808e+01 1.507487278875547565e+00
8.231000000000000000e+03 2.103731810439487404e+01 1.478751885054037984e+00
8.232000000000000000e+03 1.971299266034392517e+01 1.444171792929112685e+00
8.233000000000000000e+03 1.998544664004886684e+01 1.267964754053563459e+00
8.234000000000000000e+03 2.120800924882169980e+01 1.339797381735350124e+00
8.235000000000000000e+03 2.114321759710488990e+01 1.093026982544978098e+00
8.236000000000000000e+03 2.059868803062409626e+01 1.309053379887664459e+00
8.237000000000000000e+03 2.025630104185563241e+01 1.025578428724843061e+00
8.238000000000000000e+03 1.995386972048428831e+01 1.416092824545446938e+00
8.239000000000000000e+03 2.174313655936932577e+01 1.088814467400895492e+00
8.240000000000000000e+03 2.356240335840776012e+01 1.583047019307592285e+00
8.241000000000000000e+03 2.286883374485141474e+01 1.137650397696326143e+00
8.242000000000000000e+03 2.199462698926844695e+01 1.474503570430433008e+00
8.243000000000000000e+03 2.005124363638575602e+01 1.132006141803221677e+00
8.244000000000000000e+03 1.899299224535910824e+01 1.377461924974887175e+00
8.245000000000000000e+03 2.067510940815896703e+01 1.293107779262278489e+00
8.246000000000000000e+03 2.237310746142236084e+01 1.512676344484310320e+00
8.247000000000000000e+03 2.410090448895233095e+01 1.540399769655888873e+00
8.248000000000000000e+03 2.413027231382207205e+01 1.634600063266364200e+00
8.249000000000000000e+03 2.205239865530475996e+01 1.618487770384651192e+00
8.250000000000000000e+03 2.080646108818680062e+01 1.582059735623790209e+00
8.251000000000000000e+03 2.024442827945447476e+01 1.889093888212600048e+00
8.252000000000000000e+03 2.073018087126341413e+01 1.727238380083476521e+00
8.253000000000000000e+03 2.177674214073240222e+01 2.224547632465472269e+00
8.254000000000000000e+03 2.246473653154608741e+01 1.860091598870497576e+00
8.255000000000000000e+03 2.303196035489562732e+01 2.448052689818212002e+00
8.256000000000000000e+03 2.130487522967599290e+01 1.897354960275220881e+00
8.257000000000000000e+03 1.917167104916000042e+01 2.620867192094595843e+00
8.258000000000000000e+03 1.917179226179662166e+01 2.049732583286402843e+00
8.259000000000000000e+03 1.926457293390433279e+01 3.016347157348308272e+00
8.260000000000000000e+03 1.877933547549953985e+01 2.493801805727065002e+00
8.261000000000000000e+03 1.877377639820459265e+01 3.495663276780059725e+00
8.262000000000000000e+03 2.167606074845269859e+01 2.717707717657384503e+00
8.263000000000000000e+03 2.351190451598804287e+01 3.323069243770960579e+00
8.264000000000000000e+03 2.201082129885921290e+01 2.784962789337537270e+00
8.265000000000000000e+03 2.162622134346270641e+01 3.151694860971224088e+00
8.266000000000000000e+03 2.340100878547327312e+01 2.655653342110779302e+00
8.267000000000000000e+03 2.285619823367520809e+01 2.709429761744204246e+00
8.268000000000000000e+03 1.929330400012062441e+01 2.145757286879304004e+00
8.269000000000000000e+03 1.834366063739297559e+01 1.996639506838757017e+00
8.270000000000000000e+03 1.968180833009958164e+01 1.961527592648419915e+00
8.271000000000000000e+03 2.058404506470633066e+01 1.735482581816674141e+00
8.272000000000000000e+03 2.122582330170720510e+01 1.895369122494807712e+00
8.273000000000000000e+03 2.108584484171085904e+01 1.568563815132882455e+00
8.274000000000000000e+03 2.064730073361291929e+01 1.899653023323764511e+00
8.275000000000000000e+03 2.117671827065639079e+01 1.463860285083569801e+00
8.276000000000000000e+03 2.192381139293695114e+01 1.888373579704125449e+00
8.277000000000000000e+03 2.099313975821652534e+01 1.381183541678271176e+00
8.278000000000000000e+03 1.991292385469617088e+01 1.911332971780281609e+00
8.279000000000000000e+03 2.006215375760936936e+01 1.448148587880984994e+00
8.280000000000000000e+03 2.031332144541412887e+01 2.029878198289586599e+00
8.281000000000000000e+03 2.147599107392136020e+01 1.836178254698005663e+00
8.282000000000000000e+03 2.231183089421022103e+01 2.501615117215660433e+00
8.283000000000000000e+03 2.180113190465848660e+01 2.045252374999475542e+00
8.284000000000000000e+03 2.132844967123546809e+01 2.435822966529367584e+00
8.285000000000000000e+03 2.095106971683959074e+01 2.170530560108200113e+00
8.286000000000000000e+03 2.031680335902850842e+01 2.409615183302616703e+00
8.287000000000000000e+03 1.926319801362501849e+01 2.289001009234612027e+00
8.288000000000000000e+03 1.898808047424141421e+01 2.367029699921812114e+00
8.289000000000000000e+03 1.959179636243973022e+01 2.541730187414119602e+00
8.290000000000000000e+03 1.922604205935842359e+01 2.454298176992784963e+00
8.291000000000000000e+03 1.810625538530559808e+01 2.839695030306181422e+00
8.292000000000000000e+03 1.739728553861943183e+01 2.456363927907041056e+00
8.293000000000000000e+03 1.690443840437113465e+01 2.637663553952666273e+00
8.294000000000000000e+03 1.873201937421378460e+01 2.187860454492565943e+00
8.295000000000000000e+03 2.135743782865293383e+01 2.822330614848701735e+00
8.296000000000000000e+03 2.151301722381418102e+01 2.188472214482587219e+00
8.297000000000000000e+03 2.118386185032302649e+01 2.942676527706391543e+00
8.298000000000000000e+03 2.073886552765706170e+01 2.169516966348663090e+00
8.299000000000000000e+03 2.028913804648481900e+01 3.046437013547696360e+00
8.300000000000000000e+03 2.017257561694298573e+01 2.255679536620669445e+00
8.301000000000000000e+03 1.996067253291759513e+01 3.102390419926238430e+00
8.302000000000000000e+03 1.889625738314960302e+01 2.107408791810694737e+00
8.303000000000000000e+03 1.820246608390764109e+01 2.492817518514405695e+00
8.304000000000000000e+03 1.907437145927871569e+01 1.954804397180171627e+00
8.305000000000000000e+03 1.961950946469372425e+01 2.299207564992344022e+00
8.306000000000000000e+03 1.932957530246476097e+01 1.951299265258146898e+00
8.307000000000000000e+03 1.944922403950084089e+01 2.145824817954309349e+00
8.308000000000000000e+03 2.028071471373788626e+01 1.703968429605723145e+00
8.309000000000000000e+03 2.058570746746327984e+01 1.707446214634420478e+00
8.310000000000000000e+03 2.026025850517973481e+01 1.646082136957554454e+00
8.311000000000000000e+03 1.958901662371131636e+01 1.579379447172591711e+00
8.312000000000000000e+03 1.862209673884940386e+01 1.639778824111653988e+00
8.313000000000000000e+03 1.873017356208279693e+01 1.451566575821690686e+00
8.314000000000000000e+03 1.947789017113341359e+01 1.544610144221683301e+00
8.315000000000000000e+03 1.951245302299627937e+01 1.316587426544891137e+00
8.316000000000000000e+03 1.925705225930766318e+01 1.670119281389467192e+00
8.317000000000000000e+03 1.943388616271990088e+01 1.361051011447725889e+00
8.318000000000000000e+03 1.972023362315327688e+01 1.864886026442249101e+00
8.319000000000000000e+03 2.059830186302088961e+01 1.365320602305151620e+00
8.320000000000000000e+03 2.155343748917404767e+01 1.814719446422246252e+00
8.321000000000000000e+03 2.165222208949984406e+01 1.283906342451518245e+00
8.322000000000000000e+03 2.163863841574307401e+01 1.737206025384321340e+00
8.323000000000000000e+03 2.013487896978400116e+01 1.248806154106153254e+00
8.324000000000000000e+03 1.900878829727484032e+01 1.622541026600296865e+00
8.325000000000000000e+03 2.032789618004833443e+01 1.318362572758973172e+00
8.326000000000000000e+03 2.100989315145680436e+01 1.676725096820948169e+00
8.327000000000000000e+03 1.941649401096943706e+01 1.369535136729844726e+00
8.328000000000000000e+03 1.823492343972885976e+01 1.602570536925240097e+00
8.329000000000000000e+03 1.801966957671987402e+01 1.389681219993325056e+00
8.330000000000000000e+03 1.804108389861175255e+01 1.520482424882766193e+00
8.331000000000000000e+03 1.844406529414969853e+01 1.377608313855312794e+00
8.332000000000000000e+03 1.907242709745231224e+01 1.402437133886028198e+00
8.333000000000000000e+03 1.995823179330083974e+01 1.361226067035188558e+00
8.334000000000000000e+03 1.997180254074972083e+01 1.299010476871033326e+00
8.335000000000000000e+03 1.925981195365902821e+01 1.355106241203672290e+00
8.336000000000000000e+03 1.894335647751160678e+01 1.225029847321862375e+00
8.337000000000000000e+03 1.886029128419856349e+01 1.434830055776794566e+00
8.338000000000000000e+03 1.877232167740511315e+01 1.208759361318193282e+00
8.339000000000000000e+03 1.868231985505300585e+01 1.444844648346574223e+00
8.340000000000000000e+03 1.939218943207744772e+01 1.162938222803002741e+00
8.341000000000000000e+03 2.031714214869657198e+01 1.523806106999890275e+00
8.342000000000000000e+03 2.089384346766629719e+01 1.180373235532724996e+00
8.343000000000000000e+03 2.141630246962299822e+01 1.653812355876729256e+00
8.344000000000000000e+03 2.013148830520894350e+01 1.178612289835281102e+00
8.345000000000000000e+03 1.881792318025619792e+01 1.606835876244447459e+00
8.346000000000000000e+03 2.013056261101874611e+01 1.169127575206667213e+00
8.347000000000000000e+03 2.129317987991434435e+01 1.578043189949081215e+00
8.348000000000000000e+03 2.114274603668088659e+01 1.162457722729019594e+00
8.349000000000000000e+03 2.095341360847215739e+01 1.460060419128730524e+00
8.350000000000000000e+03 2.058997361007406823e+01 1.151395320775214781e+00
8.351000000000000000e+03 2.054969843040879240e+01 1.387359555184179305e+00
8.352000000000000000e+03 2.143974621377400780e+01 1.240982680056774923e+00
8.353000000000000000e+03 2.189425664316089737e+01 1.436936333984256908e+00
8.354000000000000000e+03 2.148782114024576018e+01 1.297317629622296575e+00
8.355000000000000000e+03 2.105405876889575012e+01 1.393465336881080319e+00
8.356000000000000000e+03 2.058115601350414892e+01 1.320785496812077131e+00
8.357000000000000000e+03 2.039065219061576784e+01 1.327613951548688664e+00
8.358000000000000000e+03 2.049610244902394740e+01 1.328028603614170633e+00
8.359000000000000000e+03 2.098606861513315636e+01 1.258051080643311392e+00
8.360000000000000000e+03 2.177156082428274786e+01 1.374283786002646668e+00
8.361000000000000000e+03 2.083797885896046864e+01 1.207297886667002995e+00
8.362000000000000000e+03 1.892771003493323079e+01 1.288878580071050717e+00
8.363000000000000000e+03 1.951254340760191042e+01 1.118707443403174073e+00
8.364000000000000000e+03 2.109269077126257486e+01 1.483174953147268438e+00
8.365000000000000000e+03 2.063697858206209190e+01 1.203529780210304656e+00
8.366000000000000000e+03 1.963062447908566099e+01 1.593435426015284984e+00
8.367000000000000000e+03 1.968094909093097655e+01 1.218276892621883434e+00
8.368000000000000000e+03 1.989862101056013444e+01 1.659620095205751156e+00
8.369000000000000000e+03 1.993335940959125807e+01 1.195152775011287360e+00
8.370000000000000000e+03 1.995994296853869088e+01 1.649506852656473344e+00
8.371000000000000000e+03 2.053430710145784488e+01 1.187950794532924403e+00
8.372000000000000000e+03 2.106843886933994270e+01 1.628494663402453746e+00
8.373000000000000000e+03 2.112782872976021054e+01 1.195635462868965160e+00
8.374000000000000000e+03 2.084377861299372015e+01 1.541146934505837951e+00
8.375000000000000000e+03 1.864879323841953962e+01 1.133034090382197379e+00
8.376000000000000000e+03 1.716492108570305319e+01 1.361977788950378132e+00
8.377000000000000000e+03 1.812222982007684280e+01 1.173275382446097970e+00
8.378000000000000000e+03 1.926610133880721065e+01 1.403679421436872632e+00
8.379000000000000000e+03 2.085599381883516301e+01 1.302823842090035100e+00
8.380000000000000000e+03 2.156404904579200732e+01 1.468652570732249973e+00
8.381000000000000000e+03 2.075234219824924509e+01 1.303401442818190814e+00
8.382000000000000000e+03 1.993442100666746342e+01 1.380359154520692133e+00
8.383000000000000000e+03 1.910841418540930547e+01 1.500781253114711999e+00
8.384000000000000000e+03 1.859824166171715731e+01 1.679217032981216162e+00
8.385000000000000000e+03 1.839658681092809189e+01 2.673048343563716678e+00
8.386000000000000000e+03 1.794309731985949341e+01 2.932232065349329453e+00
8.387000000000000000e+03 1.730212616306317130e+01 4.741654500239304681e+00
8.388000000000000000e+03 1.698126630551419325e+01 4.455488825217223336e+00
8.389000000000000000e+03 1.683695267964350606e+01 5.837655478578081869e+00
8.390000000000000000e+03 1.914421352065614457e+01 4.589079515136377907e+00
8.391000000000000000e+03 2.242942483206399373e+01 4.090531776950784071e+00
8.392000000000000000e+03 1.948190700967141709e+01 3.588420569728457910e+00
8.393000000000000000e+03 1.477924018213407642e+01 5.403004629151890725e+00
8.394000000000000000e+03 1.626766350127072513e+01 4.981230204203570544e+00
8.395000000000000000e+03 1.885198093831960264e+01 8.164757220250654868e+00
8.396000000000000000e+03 1.923342152389843207e+01 4.911850067246040119e+00
8.397000000000000000e+03 1.940775402940218086e+01 4.139287676080371625e+00
8.398000000000000000e+03 1.989079769073684645e+01 2.389635968133659638e+00
8.399000000000000000e+03 2.040389569781728341e+01 2.345829734321963400e+00
8.400000000000000000e+03 2.142212936450907179e+01 2.089452774169248794e+00
8.401000000000000000e+03 2.218534732597946046e+01 3.113370098610219738e+00
8.402000000000000000e+03 2.099056334739381668e+01 4.494241848749970458e+00
8.403000000000000000e+03 1.934874555772143268e+01 6.769854863205551965e+00
8.404000000000000000e+03 1.569287221054807269e+01 6.226689538558888515e+00
8.405000000000000000e+03 1.375715676675175025e+01 7.933439604642797960e+00
8.406000000000000000e+03 1.711897940787024552e+01 5.138245933207218563e+00
8.407000000000000000e+03 1.931050966564385618e+01 5.237467927555258029e+00
8.408000000000000000e+03 1.890384362585421840e+01 2.614121842510455540e+00
8.409000000000000000e+03 1.880140063724472199e+01 2.025066545844680377e+00
8.410000000000000000e+03 1.921024350945270953e+01 1.536881897926517748e+00
8.411000000000000000e+03 1.938386389788812636e+01 1.543829772228431985e+00
8.412000000000000000e+03 1.925505537862141026e+01 1.484561001794046264e+00
8.413000000000000000e+03 1.953175305174987741e+01 1.547126003536495098e+00
8.414000000000000000e+03 2.021554402565931952e+01 2.017711980348417811e+00
8.415000000000000000e+03 1.976249810711775368e+01 2.264128492779993174e+00
8.416000000000000000e+03 1.842524571667892275e+01 3.821164594911921952e+00
8.417000000000000000e+03 2.002044568659074386e+01 3.627123112098796565e+00
8.418000000000000000e+03 2.335322629299082209e+01 4.611808316006155373e+00
8.419000000000000000e+03 2.258164095232358193e+01 3.650195250068016595e+00
8.420000000000000000e+03 1.993594256897075923e+01 2.625466575589413321e+00
8.421000000000000000e+03 1.939262351120861538e+01 1.942363268622020245e+00
8.422000000000000000e+03 1.955009756196792381e+01 1.820553239966688608e+00
8.423000000000000000e+03 1.952712559016541505e+01 1.394889886688484903e+00
8.424000000000000000e+03 1.946143934247835006e+01 1.730663696312294109e+00
8.425000000000000000e+03 1.926516210956451047e+01 1.282816023236726055e+00
8.426000000000000000e+03 1.904955975325518835e+01 1.673704326335354597e+00
8.427000000000000000e+03 1.800438599837216813e+01 1.212704169104456442e+00
8.428000000000000000e+03 1.689553326126610244e+01 1.678042383000958759e+00
8.429000000000000000e+03 1.806163807072248062e+01 1.207571955972499778e+00
8.430000000000000000e+03 1.915466608414098815e+01 1.681808057425842939e+00
8.431000000000000000e+03 1.846234926882401339e+01 1.212059915658107112e+00
8.432000000000000000e+03 1.780587251377153635e+01 1.604548201039116995e+00
8.433000000000000000e+03 1.744719407778321241e+01 1.240653827522422370e+00
8.434000000000000000e+03 1.743357482806865377e+01 1.618646137118465278e+00
8.435000000000000000e+03 1.914121572975533070e+01 1.400090283939931401e+00
8.436000000000000000e+03 2.051708252641743258e+01 1.802290546559515594e+00
8.437000000000000000e+03 2.072808605562998707e+01 1.506656805307655000e+00
8.438000000000000000e+03 2.077606835775825544e+01 1.800702098194038037e+00
8.439000000000000000e+03 2.040744085732593049e+01 1.487838695728707750e+00
8.440000000000000000e+03 1.994655664311628129e+01 1.672406034489710480e+00
8.441000000000000000e+03 1.930330450633461936e+01 1.404832791571731798e+00
8.442000000000000000e+03 1.873932101331666189e+01 1.503610056248345872e+00
8.443000000000000000e+03 1.829698741911222726e+01 1.370555931129957772e+00
8.444000000000000000e+03 1.785883588077072659e+01 1.439174160294853122e+00
8.445000000000000000e+03 1.742573165120846568e+01 1.608010118149711287e+00
8.446000000000000000e+03 1.778300701948552387e+01 1.764052843073394827e+00
8.447000000000000000e+03 1.891235203348013982e+01 2.652915040199454122e+00
8.448000000000000000e+03 1.978089880541452317e+01 3.631420396908668025e+00
8.449000000000000000e+03 2.044740603803692025e+01 7.604233267938546703e+00
8.450000000000000000e+03 2.249299686304413015e+01 9.440416866126680517e+00
8.451000000000000000e+03 2.540106218870652555e+01 1.816228711421814523e+01
8.452000000000000000e+03 2.503558705366942405e+01 1.485204610796949254e+01
8.453000000000000000e+03 2.306431405070730278e+01 1.064125143115180983e+01
8.454000000000000000e+03 2.074173532371722217e+01 7.602377867393570021e+00
8.455000000000000000e+03 1.828433115671831644e+01 3.768825396064837019e+00
8.456000000000000000e+03 1.677933033865438972e+01 2.822629530683055776e+00
8.457000000000000000e+03 1.554559120214188894e+01 3.477927564891476031e+00
8.458000000000000000e+03 1.825958313435704028e+01 3.412703160197694707e+00
8.459000000000000000e+03 2.176497250240486281e+01 5.800845846341416312e+00
8.460000000000000000e+03 2.069439281303300859e+01 4.715971216068381544e+00
8.461000000000000000e+03 1.901064340499450367e+01 7.036332807324582994e+00
8.462000000000000000e+03 1.971256636115941419e+01 4.298748756524247483e+00
8.463000000000000000e+03 2.057618765273430839e+01 4.229942966327528531e+00
8.464000000000000000e+03 1.887766369948595369e+01 2.371406038956932250e+00
8.465000000000000000e+03 1.721897233595485588e+01 2.115791392531478188e+00
8.466000000000000000e+03 1.752831006431770433e+01 1.450074023795063338e+00
8.467000000000000000e+03 1.782427191502767272e+01 1.872030466282153860e+00
8.468000000000000000e+03 1.797796306717664550e+01 1.412145759376613352e+00
8.469000000000000000e+03 1.833877472103687722e+01 1.870181149371505480e+00
8.470000000000000000e+03 1.999666015502803162e+01 1.817424346928341317e+00
8.471000000000000000e+03 2.134449350741459384e+01 2.522867158197419357e+00
8.472000000000000000e+03 2.136581537662713970e+01 2.471042067711326062e+00
8.473000000000000000e+03 2.104606682894883107e+01 3.222616153013390328e+00
8.474000000000000000e+03 1.963012076858347044e+01 2.272584623139425553e+00
8.475000000000000000e+03 1.863774294023034983e+01 2.489819095455437115e+00
8.476000000000000000e+03 1.869708215050969002e+01 1.578601722473069291e+00
8.477000000000000000e+03 1.859423402723723839e+01 1.577860351192168498e+00
8.478000000000000000e+03 1.816653561421888341e+01 1.363555392804629118e+00
8.479000000000000000e+03 1.833529379557682404e+01 1.498847173414642908e+00
8.480000000000000000e+03 1.946172147078688042e+01 1.530916263106060882e+00
8.481000000000000000e+03 1.988239613711147413e+01 1.648529802525164012e+00
8.482000000000000000e+03 1.935884417512145816e+01 1.590263425080065351e+00
8.483000000000000000e+03 1.980307799324266682e+01 1.631811648034546369e+00
8.484000000000000000e+03 2.130613674459724649e+01 1.727697155072898783e+00
8.485000000000000000e+03 2.046225841494423037e+01 1.719312422451146904e+00
8.486000000000000000e+03 1.749828450654782586e+01 1.895103349929859737e+00
8.487000000000000000e+03 1.713386416652907585e+01 2.127963539629984080e+00
8.488000000000000000e+03 1.873582997342656498e+01 3.681836801655703262e+00
8.489000000000000000e+03 1.643580864055338608e+01 3.878341766672608770e+00
8.490000000000000000e+03 1.171556743617334995e+01 6.119534805898123153e+00
8.491000000000000000e+03 1.498008806624453015e+01 5.063946825382007688e+00
8.492000000000000000e+03 2.235510739216442389e+01 3.721521331132749300e+00
8.493000000000000000e+03 2.190164902270910829e+01 2.775013053106733629e+00
8.494000000000000000e+03 1.818903188938330828e+01 1.872259393274049000e+00
8.495000000000000000e+03 1.746174531359296367e+01 1.451043905305863246e+00
8.496000000000000000e+03 1.773475854652566142e+01 1.656041979903456918e+00
8.497000000000000000e+03 1.809308796247223583e+01 1.341575000693986830e+00
8.498000000000000000e+03 1.847355970883226561e+01 1.773900308090086586e+00
8.499000000000000000e+03 1.779328698971692191e+01 1.333511942476631074e+00
8.500000000000000000e+03 1.690926242332277951e+01 1.652295178480683857e+00
8.501000000000000000e+03 1.701757172105672922e+01 1.233953202140626315e+00
8.502000000000000000e+03 1.726134945972228962e+01 1.641918371107253805e+00
8.503000000000000000e+03 1.768060838472326424e+01 1.425300446162011347e+00
8.504000000000000000e+03 1.811433616017725257e+01 2.297698220851669415e+00
8.505000000000000000e+03 1.901946330208799907e+01 5.470041722842307941e+00
8.506000000000000000e+03 1.993823372971904817e+01 1.080380935315625734e+01
8.507000000000000000e+03 2.027176127772763436e+01 1.263437937102662367e+01
8.508000000000000000e+03 2.060456357186961185e+01 2.183640116999495362e+01
8.509000000000000000e+03 2.092228984400005487e+01 1.145646305341528937e+01
8.510000000000000000e+03 2.113891539850139978e+01 8.545657795325308115e+00
8.511000000000000000e+03 2.031898084804601368e+01 4.358522042162003451e+00
8.512000000000000000e+03 1.956897645085605220e+01 3.010336076642664338e+00
8.513000000000000000e+03 1.928343351932603866e+01 1.770822029420903387e+00
8.514000000000000000e+03 1.907062291804691867e+01 1.795550726101568628e+00
8.515000000000000000e+03 1.921809106885346452e+01 1.364054525180539601e+00
8.516000000000000000e+03 1.918978972038719988e+01 1.681448493847693015e+00
8.517000000000000000e+03 1.850010453507652386e+01 1.508007159383559559e+00
8.518000000000000000e+03 1.770171690039154910e+01 1.906499860506077670e+00
8.519000000000000000e+03 1.657032017469940754e+01 1.682568484099588479e+00
8.520000000000000000e+03 1.650159283255771925e+01 2.054781868814094192e+00
8.521000000000000000e+03 1.908409866232708296e+01 2.266752905458713219e+00
8.522000000000000000e+03 2.053932376847086516e+01 2.936508083112062906e+00
8.523000000000000000e+03 1.962384335285579695e+01 4.830077327393590636e+00
8.524000000000000000e+03 1.921202293571345621e+01 5.857767304749546433e+00
8.525000000000000000e+03 1.969045559692548508e+01 5.437976009168639990e+00
8.526000000000000000e+03 2.006463446570523246e+01 5.789907574219547826e+00
8.527000000000000000e+03 2.027947235295912520e+01 2.979177054504678512e+00
8.528000000000000000e+03 2.024320531324583072e+01 2.381272881616983916e+00
8.529000000000000000e+03 1.988021972808094873e+01 1.764125325912211606e+00
8.530000000000000000e+03 1.960860682031012203e+01 1.693615642548965683e+00
8.531000000000000000e+03 1.943893863525622479e+01 1.525188679075522247e+00
8.532000000000000000e+03 1.901125820050785364e+01 1.494542204719170542e+00
8.533000000000000000e+03 1.833154263380748006e+01 1.504648086577265342e+00
8.534000000000000000e+03 1.817647660663050857e+01 1.522172693147447298e+00
8.535000000000000000e+03 1.846302206241167454e+01 2.001048338877735588e+00
8.536000000000000000e+03 1.943284901809123255e+01 2.444324484265102626e+00
8.537000000000000000e+03 2.090730662308244447e+01 4.650803287778840556e+00
8.538000000000000000e+03 1.858474748237945562e+01 7.647446680020341780e+00
8.539000000000000000e+03 1.384811060242946112e+01 1.725156972809116596e+01
8.540000000000000000e+03 1.538871689020016476e+01 1.576322907618745184e+01
8.541000000000000000e+03 2.042092044145417162e+01 1.806065544686538260e+01
8.542000000000000000e+03 1.989086817012392672e+01 1.397160549801084706e+01
8.543000000000000000e+03 1.672774803456267279e+01 5.092152479459214121e+00
8.544000000000000000e+03 1.477889902399179611e+01 3.096794735312347058e+00
8.545000000000000000e+03 1.331675512918045357e+01 1.735051414324553010e+00
8.546000000000000000e+03 1.382962132521043941e+01 1.356381923041843685e+00
8.547000000000000000e+03 1.502155923225278045e+01 1.666435309104044027e+00
8.548000000000000000e+03 1.476939931996037636e+01 1.375352822107902107e+00
8.549000000000000000e+03 1.410593425711675053e+01 1.808091055934875069e+00
8.550000000000000000e+03 1.545655435239368991e+01 1.404669546332962593e+00
8.551000000000000000e+03 1.728996967926044448e+01 1.726630353579743593e+00
8.552000000000000000e+03 1.793538772460551201e+01 1.325641760446923945e+00
8.553000000000000000e+03 1.835425745113879614e+01 1.706186269492333984e+00
8.554000000000000000e+03 1.825388841873067136e+01 1.300331623560526451e+00
8.555000000000000000e+03 1.807466985599574727e+01 1.740666215505832781e+00
8.556000000000000000e+03 1.845528849505313218e+01 1.359335317124663600e+00
8.557000000000000000e+03 1.889784140153498981e+01 1.959993502718899494e+00
8.558000000000000000e+03 1.832339468094041379e+01 1.545763719096707511e+00
8.559000000000000000e+03 1.767546840612986259e+01 2.312254298039580824e+00
8.560000000000000000e+03 1.820505880186009051e+01 2.309675228992105200e+00
8.561000000000000000e+03 1.878501141772029115e+01 4.017726638474144352e+00
8.562000000000000000e+03 2.061617362267719855e+01 4.328829761761266326e+00
8.563000000000000000e+03 2.240774164970522619e+01 7.575077916576829828e+00
8.564000000000000000e+03 2.112301216644997126e+01 4.559320131850153501e+00
8.565000000000000000e+03 1.985236548998835460e+01 5.048610437049889654e+00
8.566000000000000000e+03 1.886806921826632433e+01 2.688697155608482880e+00
8.567000000000000000e+03 1.794481062500694080e+01 2.090736286104844410e+00
8.568000000000000000e+03 1.781671411711704067e+01 1.411860728254558772e+00
8.569000000000000000e+03 1.773953889672741013e+01 1.760757329338641597e+00
8.570000000000000000e+03 1.811768897532412836e+01 1.337455633726211346e+00
8.571000000000000000e+03 1.827374951813224513e+01 1.779212389750309820e+00
8.572000000000000000e+03 1.692902319777795483e+01 1.676161538153857267e+00
8.573000000000000000e+03 1.663201019098558220e+01 2.415408658654110141e+00
8.574000000000000000e+03 2.212077707511068425e+01 3.789019690929006146e+00
8.575000000000000000e+03 2.555989369085541441e+01 6.146173314956974387e+00
8.576000000000000000e+03 1.970356935969105550e+01 1.599309726487866534e+01
8.577000000000000000e+03 1.554748453598211277e+01 2.378719952795144721e+01
8.578000000000000000e+03 1.806157008766537686e+01 1.407309066914615592e+01
8.579000000000000000e+03 1.983733784658181420e+01 1.386324861150378496e+01
8.580000000000000000e+03 1.914787500926090402e+01 6.171517640732401055e+00
8.581000000000000000e+03 1.878899902177552761e+01 2.413960627229710276e+00
8.582000000000000000e+03 1.941163282880502550e+01 1.854633551364483601e+00
8.583000000000000000e+03 1.959129714759371765e+01 2.139228845067264295e+00
8.584000000000000000e+03 1.861674519419257123e+01 1.745362392684816522e+00
8.585000000000000000e+03 1.805788379665133547e+01 2.009354271308474882e+00
8.586000000000000000e+03 1.845203643875597166e+01 1.648504049029000829e+00
8.587000000000000000e+03 1.864001269979009834e+01 1.864387258851412987e+00
8.588000000000000000e+03 1.839632662825662379e+01 1.600569964111717258e+00
8.589000000000000000e+03 1.860631447883517708e+01 1.796447644671793409e+00
8.590000000000000000e+03 1.966392279460409043e+01 1.613893401197844080e+00
8.591000000000000000e+03 1.973871155329936045e+01 1.782596465108974071e+00
8.592000000000000000e+03 1.812680467958799113e+01 1.443422477995499165e+00
8.593000000000000000e+03 1.757383177101318594e+01 1.531771143912301625e+00
8.594000000000000000e+03 1.865930892791360307e+01 1.428584347147252354e+00
8.595000000000000000e+03 1.911191434773943953e+01 1.543349620103694475e+00
8.596000000000000000e+03 1.865438993618245789e+01 1.521200287227296499e+00
8.597000000000000000e+03 1.808751815478046154e+01 1.629064387028702710e+00
8.598000000000000000e+03 1.737780521451132287e+01 1.671889211415136467e+00
8.599000000000000000e+03 1.814310925266719110e+01 1.760236793161387592e+00
8.600000000000000000e+03 2.067463533794645159e+01 1.786682559240630797e+00
8.601000000000000000e+03 2.104865409366176010e+01 1.854303646526719751e+00
8.602000000000000000e+03 1.901553657258192231e+01 1.978023048500128001e+00
8.603000000000000000e+03 1.902776714975994565e+01 2.361274898255414367e+00
8.604000000000000000e+03 2.113385210424324256e+01 4.264968838066245382e+00
8.605000000000000000e+03 2.139186878954987847e+01 4.490373307130277603e+00
8.606000000000000000e+03 1.987955621509451021e+01 5.201853291075958730e+00
8.607000000000000000e+03 1.874379105475826535e+01 4.924575871606680089e+00
8.608000000000000000e+03 1.794157894451435098e+01 3.138958185814810786e+00
8.609000000000000000e+03 1.773399451732282728e+01 2.665208568726144645e+00
8.610000000000000000e+03 1.802104671379587231e+01 1.996746732778752698e+00
8.611000000000000000e+03 1.893409770543555481e+01 1.795197589731434284e+00
8.612000000000000000e+03 2.032636156783954817e+01 1.816977913745166484e+00
8.613000000000000000e+03 1.969583259659179220e+01 1.886741306532574658e+00
8.614000000000000000e+03 1.763010002885127392e+01 2.906924845521323242e+00
8.615000000000000000e+03 2.063894717411470481e+01 5.520147343292687303e+00
8.616000000000000000e+03 2.705016342551985531e+01 1.314546064890314980e+01
8.617000000000000000e+03 2.429941782736075240e+01 1.223061206847220461e+01
8.618000000000000000e+03 1.588938773762096091e+01 1.319022443406443301e+01
8.619000000000000000e+03 1.601462011085479276e+01 1.100705447743637322e+01
8.620000000000000000e+03 2.113417014818600137e+01 6.691775677430749525e+00
8.621000000000000000e+03 2.145307866453538637e+01 5.087300039388243711e+00
8.622000000000000000e+03 1.915806321542737578e+01 2.904528367653949061e+00
8.623000000000000000e+03 1.893479948224896958e+01 2.244219101784543646e+00
8.624000000000000000e+03 1.977805882178756747e+01 2.025511373995955378e+00
8.625000000000000000e+03 1.981008006595661897e+01 1.703293760855703720e+00
8.626000000000000000e+03 1.945462683746664467e+01 1.826944563638187136e+00
8.627000000000000000e+03 1.943809524239953035e+01 1.588113731768749259e+00
8.628000000000000000e+03 1.957214237023172387e+01 1.940612145720512993e+00
8.629000000000000000e+03 1.894525457374051669e+01 1.646901150086599763e+00
8.630000000000000000e+03 1.799708314252439223e+01 1.902757282096002145e+00
8.631000000000000000e+03 1.825809887142246879e+01 1.626132401475399947e+00
8.632000000000000000e+03 1.899456370138619121e+01 2.010463723377613476e+00
8.633000000000000000e+03 1.976278855500993004e+01 1.676910655417784612e+00
8.634000000000000000e+03 2.054290743090809812e+01 1.984278378109473051e+00
8.635000000000000000e+03 1.966962244283807948e+01 1.589781114442834209e+00
8.636000000000000000e+03 1.822199716518005985e+01 1.728472553406276813e+00
8.637000000000000000e+03 1.708858445686752603e+01 1.422318063042717240e+00
8.638000000000000000e+03 1.605936447307540860e+01 1.750107144403665327e+00
8.639000000000000000e+03 1.757011703589624574e+01 1.470890453801582565e+00
8.640000000000000000e+03 1.986264914369407464e+01 1.940038908216223712e+00
8.641000000000000000e+03 2.006015059001305545e+01 1.587092548515770751e+00
8.642000000000000000e+03 1.965756787704486541e+01 2.015707881505761634e+00
8.643000000000000000e+03 1.916779206573143313e+01 1.611066700049086586e+00
8.644000000000000000e+03 1.865415744640094076e+01 1.984433981702976579e+00
8.645000000000000000e+03 1.845991356199947830e+01 1.590785337165506075e+00
8.646000000000000000e+03 1.834708300222666111e+01 2.021229887057890640e+00
8.647000000000000000e+03 1.842753032866680840e+01 1.580938212430947676e+00
8.648000000000000000e+03 1.855518161030335378e+01 1.934431372206539601e+00
8.649000000000000000e+03 1.776698274715706560e+01 1.496479640358489238e+00
8.650000000000000000e+03 1.677013696853401470e+01 1.825402077048578819e+00
8.651000000000000000e+03 1.787974147910455969e+01 1.628760463165123129e+00
8.652000000000000000e+03 1.945381953375972728e+01 2.512921518931816589e+00
8.653000000000000000e+03 1.802204138688355428e+01 2.051348093930115635e+00
8.654000000000000000e+03 1.597494679404252693e+01 2.844451909810063128e+00
8.655000000000000000e+03 1.633271128109898385e+01 2.074623194845698571e+00
8.656000000000000000e+03 1.714907680201693907e+01 2.325530925873328769e+00
8.657000000000000000e+03 1.825911008974043170e+01 1.709135188697985752e+00
8.658000000000000000e+03 1.942312392650894637e+01 2.004472348427600359e+00
8.659000000000000000e+03 1.870221637755559385e+01 1.522863316100313780e+00
8.660000000000000000e+03 1.765780973494198491e+01 1.945082146011763991e+00
8.661000000000000000e+03 1.671489292787862624e+01 1.739169330243869327e+00
8.662000000000000000e+03 1.578898752997903188e+01 2.750905107599026955e+00
8.663000000000000000e+03 1.389118793543364383e+01 2.664251546036140006e+00
8.664000000000000000e+03 1.184074055180135687e+01 4.478184588728436388e+00
8.665000000000000000e+03 1.253456958041274127e+01 3.199852940513423061e+00
8.666000000000000000e+03 1.364869319469043241e+01 3.684731559178659133e+00
8.667000000000000000e+03 1.667393518204962177e+01 2.428183802998499452e+00
8.668000000000000000e+03 1.997463445445699648e+01 2.207388364805717096e+00
8.669000000000000000e+03 1.939899417168347640e+01 1.594790342309744480e+00
8.670000000000000000e+03 1.829417545906380482e+01 1.955999871853584482e+00
8.671000000000000000e+03 1.802436689522647839e+01 1.488791614292096721e+00
8.672000000000000000e+03 1.786749761983044849e+01 1.999643278267700719e+00
8.673000000000000000e+03 1.878773324677113621e+01 1.507676964120855834e+00
8.674000000000000000e+03 1.984691184344207926e+01 2.003721991503906175e+00
8.675000000000000000e+03 1.870697548392059417e+01 1.484726742942040101e+00
8.676000000000000000e+03 1.728609492295875327e+01 1.925332488521657170e+00
8.677000000000000000e+03 1.867963047734519932e+01 1.529345757200079037e+00
8.678000000000000000e+03 2.041879608097951859e+01 2.195528244897419157e+00
8.679000000000000000e+03 2.019974393321424344e+01 1.681112196159942673e+00
8.680000000000000000e+03 1.974020890370557879e+01 2.304008971272177853e+00
8.681000000000000000e+03 1.961019560653969052e+01 1.758680602072943522e+00
8.682000000000000000e+03 1.951943681081834114e+01 2.404779480370400346e+00
8.683000000000000000e+03 2.022675334085462140e+01 1.861887066108489197e+00
8.684000000000000000e+03 2.103011832366945555e+01 2.597865210254178603e+00
8.685000000000000000e+03 1.910674170234977254e+01 1.914723592665825480e+00
8.686000000000000000e+03 1.686519566810492421e+01 2.494075696790516439e+00
8.687000000000000000e+03 1.842302635229255614e+01 1.828973583836222883e+00
8.688000000000000000e+03 2.041495339711197232e+01 2.364440585581174314e+00
8.689000000000000000e+03 1.923431304944510956e+01 1.641056749217462141e+00
8.690000000000000000e+03 1.767961453759617996e+01 1.896311370215953973e+00
8.691000000000000000e+03 1.851943362733715759e+01 1.467481071703764961e+00
8.692000000000000000e+03 1.963865662476530716e+01 2.048941054148081697e+00
8.693000000000000000e+03 1.918309369297639932e+01 1.573387675074441550e+00
8.694000000000000000e+03 1.853607266902690753e+01 2.165156598155467016e+00
8.695000000000000000e+03 1.891613491094484090e+01 1.614104012124916387e+00
8.696000000000000000e+03 1.942106707893733031e+01 2.120607020841063228e+00
8.697000000000000000e+03 1.983192234252533481e+01 1.609959515350666948e+00
8.698000000000000000e+03 2.023087568753460275e+01 2.167600456668090203e+00
8.699000000000000000e+03 1.971649541335317579e+01 1.640385186334625933e+00
8.700000000000000000e+03 1.908543375170830103e+01 2.193962721769346924e+00
8.701000000000000000e+03 1.984240559653216707e+01 1.670774018507135361e+00
8.702000000000000000e+03 2.077842917263565781e+01 2.246523645460097640e+00
8.703000000000000000e+03 2.016789764427429787e+01 1.799702814842714771e+00
8.704000000000000000e+03 1.934623817160093395e+01 2.577379486074320436e+00
8.705000000000000000e+03 1.963462896612438868e+01 2.174053768969240519e+00
8.706000000000000000e+03 2.007877291616442150e+01 3.281533671854865108e+00
8.707000000000000000e+03 2.047792527229320569e+01 2.450157827410918365e+00
8.708000000000000000e+03 2.087036171147009256e+01 3.108232327022029118e+00
8.709000000000000000e+03 2.128066922972720576e+01 2.271571919620591018e+00
8.710000000000000000e+03 2.169369057888653174e+01 2.740389237667636646e+00
8.711000000000000000e+03 2.036479035811407812e+01 2.102272912240461977e+00
8.712000000000000000e+03 1.875084842590444367e+01 2.751327859021554190e+00
8.713000000000000000e+03 2.088721410211240936e+01 2.369492196165442710e+00
8.714000000000000000e+03 2.365719339252970599e+01 3.599415078415249880e+00
8.715000000000000000e+03 2.100747068486401403e+01 2.784495619564060664e+00
8.716000000000000000e+03 1.741302928030056307e+01 3.622948107955014319e+00
8.717000000000000000e+03 1.795856248183282844e+01 2.683869398993254496e+00
8.718000000000000000e+03 1.927644320549089585e+01 3.143192801612045617e+00
8.719000000000000000e+03 1.940950020474678794e+01 2.306656594277106898e+00
8.720000000000000000e+03 1.931167556810807540e+01 2.587986810628599255e+00
8.721000000000000000e+03 1.961450562290230692e+01 1.935084191603042125e+00
8.722000000000000000e+03 2.000163418253359637e+01 2.229791338887796570e+00
8.723000000000000000e+03 1.902276388489545766e+01 1.661816459825916636e+00
8.724000000000000000e+03 1.774467478992870539e+01 1.852311635962364367e+00
8.725000000000000000e+03 1.818006372605507082e+01 1.461955802871784060e+00
8.726000000000000000e+03 1.901850238000099225e+01 1.840885278346117815e+00
8.727000000000000000e+03 1.969811943667697918e+01 1.508280228746804896e+00
8.728000000000000000e+03 2.033870734171470929e+01 2.008183233013150826e+00
8.729000000000000000e+03 1.961338407644249315e+01 1.646028010322557744e+00
8.730000000000000000e+03 1.853567586549273472e+01 2.152746336205541677e+00
8.731000000000000000e+03 1.869921729510744157e+01 1.765239983838608584e+00
8.732000000000000000e+03 1.920832510408492411e+01 2.262454294062273608e+00
8.733000000000000000e+03 1.897316456232744031e+01 1.807782877339282335e+00
8.734000000000000000e+03 1.852119949470146665e+01 2.124494451542410456e+00
8.735000000000000000e+03 1.883387078617068511e+01 1.747258929321743093e+00
8.736000000000000000e+03 1.938702462961131445e+01 2.157767466969084502e+00
8.737000000000000000e+03 2.028376600033613997e+01 1.802702445050321733e+00
8.738000000000000000e+03 2.129444081638544617e+01 2.244548737044542275e+00
8.739000000000000000e+03 2.081500152961158179e+01 1.879002044747082323e+00
8.740000000000000000e+03 1.980196700709264590e+01 2.272713812069750539e+00
8.741000000000000000e+03 2.044923828914942376e+01 1.949998628632616304e+00
8.742000000000000000e+03 2.172135584175789447e+01 2.457948497967367363e+00
8.743000000000000000e+03 2.183538922870996046e+01 2.081051414005085309e+00
8.744000000000000000e+03 2.148966478181520401e+01 2.431143532567583865e+00
8.745000000000000000e+03 2.150144029999601258e+01 2.116945531994628649e+00
8.746000000000000000e+03 2.166700071934474892e+01 2.600340233756921027e+00
8.747000000000000000e+03 2.080107117413262685e+01 2.229716748007669391e+00
8.748000000000000000e+03 1.946841070876751445e+01 2.475544222662461102e+00
8.749000000000000000e+03 1.964842890190708147e+01 2.133719812662745241e+00
8.750000000000000000e+03 2.057047432640812445e+01 2.307302524667755428e+00
8.751000000000000000e+03 2.179887278763160907e+01 2.041444454429965472e+00
8.752000000000000000e+03 2.318635665369287580e+01 2.332691674620581690e+00
8.753000000000000000e+03 2.236873604163571017e+01 2.066073081522295407e+00
8.754000000000000000e+03 2.031410560034988677e+01 2.180068657544460109e+00
8.755000000000000000e+03 1.921701472902321228e+01 1.939360017855104923e+00
8.756000000000000000e+03 1.868967481677646703e+01 1.994048685761225848e+00
8.757000000000000000e+03 1.834336260664733942e+01 1.804819440466638225e+00
8.758000000000000000e+03 1.811167240252400390e+01 1.895070828105317684e+00
8.759000000000000000e+03 1.894174422520893231e+01 1.824381269292929764e+00
8.760000000000000000e+03 2.049828480309037104e+01 2.310055142897129876e+00
8.761000000000000000e+03 2.080952908577637928e+01 2.293997395913919934e+00
8.762000000000000000e+03 2.021567606119328175e+01 2.939498920496552259e+00
8.763000000000000000e+03 1.938660626107639118e+01 2.898226948538574099e+00
8.764000000000000000e+03 1.837166586210734565e+01 3.336637185798839944e+00
8.765000000000000000e+03 1.790231404977469509e+01 3.204851888323529074e+00
8.766000000000000000e+03 1.789219867364976579e+01 2.920205452866101670e+00
8.767000000000000000e+03 1.875353710806323448e+01 2.807901434788521389e+00
8.768000000000000000e+03 2.041140061414945706e+01 2.709133972365295406e+00
8.769000000000000000e+03 1.982131949443611774e+01 2.677095454590312507e+00
8.770000000000000000e+03 1.702677430267313241e+01 2.623920759530827596e+00
8.771000000000000000e+03 1.589279242962742700e+01 2.628465017509988400e+00
8.772000000000000000e+03 1.650589621249892147e+01 2.429614529074172857e+00
8.773000000000000000e+03 1.677786940716866582e+01 2.437103349775300298e+00
8.774000000000000000e+03 1.665865092098453459e+01 1.993381413549155212e+00
8.775000000000000000e+03 1.691323701938760848e+01 2.011293774491987651e+00
8.776000000000000000e+03 1.762977376161480336e+01 1.886471491411048751e+00
8.777000000000000000e+03 1.866834167478970130e+01 2.006121060080183316e+00
8.778000000000000000e+03 2.014294719639841347e+01 1.974297160848477617e+00
8.779000000000000000e+03 2.080282012375725031e+01 2.150220955233725473e+00
8.780000000000000000e+03 2.026709750920059605e+01 1.999488828324822443e+00
8.781000000000000000e+03 1.987279891575789392e+01 2.207380365965846192e+00
8.782000000000000000e+03 1.970840501302503611e+01 2.085532248577706582e+00
8.783000000000000000e+03 1.991275839857433283e+01 2.358510125783574107e+00
8.784000000000000000e+03 2.076889753151630913e+01 2.239922260883393967e+00
8.785000000000000000e+03 2.065355981111871486e+01 2.566949571616969905e+00
8.786000000000000000e+03 1.865110038712318996e+01 2.038063053299945970e+00
8.787000000000000000e+03 1.745968662573807606e+01 2.281440555301050832e+00
8.788000000000000000e+03 1.803645315986612729e+01 1.908930410510735864e+00
8.789000000000000000e+03 1.901620716778628761e+01 2.228048183848765795e+00
8.790000000000000000e+03 2.096850427911942205e+01 1.973604871689488727e+00
8.791000000000000000e+03 2.167741811641172589e+01 2.392694733437978005e+00
8.792000000000000000e+03 1.896588932064132393e+01 1.866393179338013297e+00
8.793000000000000000e+03 1.718610174237218047e+01 2.217062403098698287e+00
