lamb flux f_syn wei
3310.0 0.0 1.03196 -2.0
3311.0 0.0 1.03221 -2.0
3312.0 0.0 1.03245 -2.0
3313.0 0.0 1.03271 -2.0
3314.0 0.0 1.03314 -2.0
3315.0 0.0 1.03447 -2.0
3316.0 0.0 1.03829 -2.0
3317.0 0.0 1.04475 -2.0
3318.0 0.0 1.05088 -2.0
3319.0 0.0 1.05423 -2.0
3320.0 0.0 1.05539 -2.0
3321.0 0.0 1.05587 -2.0
3322.0 0.0 1.05665 -2.0
3323.0 0.0 1.05822 -2.0
3324.0 0.0 1.05945 -2.0
3325.0 0.0 1.05834 -2.0
3326.0 0.0 1.05454 -2.0
3327.0 0.0 1.04958 -2.0
3328.0 0.0 1.04597 -2.0
3329.0 0.0 1.04584 -2.0
3330.0 0.0 1.04933 -2.0
3331.0 0.0 1.05394 -2.0
3332.0 0.0 1.05561 -2.0
3333.0 0.0 1.05111 -2.0
3334.0 0.0 1.04054 -2.0
3335.0 0.0 1.02738 -2.0
3336.0 0.0 1.01618 -2.0
3337.0 0.0 1.01007 -2.0
3338.0 0.0 1.00819 -2.0
3339.0 0.0 1.00656 -2.0
3340.0 0.0 1.00324 -2.0
3341.0 0.0 1.00073 -2.0
3342.0 0.0 1.00317 -2.0
3343.0 0.0 1.01223 -2.0
3344.0 0.0 1.02484 -2.0
3345.0 0.0 1.03603 -2.0
3346.0 0.0 1.04355 -2.0
3347.0 0.0 1.04748 -2.0
3348.0 0.0 1.04749 -2.0
3349.0 0.0 1.04275 -2.0
3350.0 0.0 1.03274 -2.0
3351.0 0.0 1.01954 -2.0
3352.0 0.0 1.00837 -2.0
3353.0 0.0 1.00148 -2.0
3354.0 0.0 0.99631 -2.0
3355.0 0.0 0.99111 -2.0
3356.0 0.0 0.98873 -2.0
3357.0 0.0 0.99177 -2.0
3358.0 0.0 0.9976 -2.0
3359.0 0.0 1.00115 -2.0
3360.0 0.0 1.00071 -2.0
3361.0 0.0 0.99887 -2.0
3362.0 0.0 0.99916 -2.0
3363.0 0.0 1.0026 -2.0
3364.0 0.0 1.00582 -2.0
3365.0 0.0 1.00417 -2.0
3366.0 0.0 0.99565 -2.0
3367.0 0.0 0.98297 -2.0
3368.0 0.0 0.97223 -2.0
3369.0 0.0 0.96875 -2.0
3370.0 0.0 0.97296 -2.0
3371.0 0.0 0.97854 -2.0
3372.0 0.0 0.97841 -2.0
3373.0 0.0 0.97368 -2.0
3374.0 0.0 0.9715 -2.0
3375.0 0.0 0.97647 -2.0
3376.0 0.0 0.98512 -2.0
3377.0 0.0 0.98945 -2.0
3378.0 0.0 0.98719 -2.0
3379.0 0.0 0.98328 -2.0
3380.0 0.0 0.98309 -2.0
3381.0 0.0 0.98833 -2.0
3382.0 0.0 0.99726 -2.0
3383.0 0.0 1.00705 -2.0
3384.0 0.0 1.0153 -2.0
3385.0 0.0 1.02083 -2.0
3386.0 0.0 1.023 -2.0
3387.0 0.0 1.02145 -2.0
3388.0 0.0 1.01782 -2.0
3389.0 0.0 1.01488 -2.0
3390.0 0.0 1.01406 -2.0
3391.0 0.0 1.01507 -2.0
3392.0 0.0 1.01674 -2.0
3393.0 0.0 1.01848 -2.0
3394.0 0.0 1.02098 -2.0
3395.0 0.0 1.02466 -2.0
3396.0 0.0 1.02773 -2.0
3397.0 0.0 1.02698 -2.0
3398.0 0.0 1.0204 -2.0
3399.0 0.0 1.00875 -2.0
3400.0 0.0 0.99599 -2.0
3401.0 0.0 0.9869 -2.0
3402.0 0.0 0.98213 -2.0
3403.0 0.0 0.97889 -2.0
3404.0 0.0 0.97593 -2.0
3405.0 0.0 0.97369 -2.0
3406.0 0.0 0.97196 -2.0
3407.0 0.0 0.97049 -2.0
3408.0 0.0 0.97033 -2.0
3409.0 0.0 0.97225 -2.0
3410.0 0.0 0.97554 -2.0
3411.0 0.0 0.97815 -2.0
3412.0 0.0 0.9791 -2.0
3413.0 0.0 0.98007 -2.0
3414.0 0.0 0.98256 -2.0
3415.0 0.0 0.98607 -2.0
3416.0 0.0 0.98973 -2.0
3417.0 0.0 0.99379 -2.0
3418.0 0.0 0.99842 -2.0
3419.0 0.0 1.0025 -2.0
3420.0 0.0 1.00471 -2.0
3421.0 0.0 1.00487 -2.0
3422.0 0.0 1.00399 -2.0
3423.0 0.0 1.00311 -2.0
3424.0 0.0 1.00235 -2.0
3425.0 0.0 1.0012 -2.0
3426.0 0.0 0.99991 -2.0
3427.0 0.0 0.99998 -2.0
3428.0 0.0 1.00242 -2.0
3429.0 0.0 1.00592 -2.0
3430.0 0.0 1.00759 -2.0
3431.0 0.0 1.00623 -2.0
3432.0 0.0 1.00337 -2.0
3433.0 0.0 1.00101 -2.0
3434.0 0.0 1.00041 -2.0
3435.0 0.0 1.00133 -2.0
3436.0 0.0 1.00224 -2.0
3437.0 0.0 1.00113 -2.0
3438.0 0.0 0.99658 -2.0
3439.0 0.0 0.98858 -2.0
3440.0 0.0 0.97846 -2.0
3441.0 0.0 0.96911 -2.0
3442.0 0.0 0.96399 -2.0
3443.0 0.0 0.96424 -2.0
3444.0 0.0 0.96717 -2.0
3445.0 0.0 0.96892 -2.0
3446.0 0.0 0.96923 -2.0
3447.0 0.0 0.9713 -2.0
3448.0 0.0 0.97737 -2.0
3449.0 0.0 0.98498 -2.0
3450.0 0.0 0.98744 -2.0
3451.0 0.0 0.9805 -2.0
3452.0 0.0 0.96722 -2.0
3453.0 0.0 0.95416 -2.0
3454.0 0.0 0.94594 -2.0
3455.0 0.0 0.94366 -2.0
3456.0 0.0 0.9461 -2.0
3457.0 0.0 0.95026 -2.0
3458.0 0.0 0.95163 -2.0
3459.0 0.0 0.94843 -2.0
3460.0 0.0 0.9433 -2.0
3461.0 0.0 0.93968 -2.0
3462.0 0.0 0.93983 -2.0
3463.0 0.0 0.94422 -2.0
3464.0 0.0 0.95035 -2.0
3465.0 0.0 0.95522 -2.0
3466.0 0.0 0.95836 -2.0
3467.0 0.0 0.9597 -2.0
3468.0 0.0 0.95913 -2.0
3469.0 0.0 0.95785 -2.0
3470.0 0.0 0.95766 -2.0
3471.0 0.0 0.95833 -2.0
3472.0 0.0 0.95771 -2.0
3473.0 0.0 0.95484 -2.0
3474.0 0.0 0.95042 -2.0
3475.0 0.0 0.94571 -2.0
3476.0 0.0 0.9419 -2.0
3477.0 0.0 0.93927 -2.0
3478.0 0.0 0.93687 -2.0
3479.0 0.0 0.93419 -2.0
3480.0 0.0 0.9322 -2.0
3481.0 0.0 0.93168 -2.0
3482.0 0.0 0.93144 -2.0
3483.0 0.0 0.93045 -2.0
3484.0 0.0 0.93083 -2.0
3485.0 0.0 0.93554 -2.0
3486.0 0.0 0.94446 -2.0
3487.0 0.0 0.95427 -2.0
3488.0 0.0 0.9611 -2.0
3489.0 0.0 0.96283 -2.0
3490.0 0.0 0.96001 -2.0
3491.0 0.0 0.95645 -2.0
3492.0 0.0 0.9565 -2.0
3493.0 0.0 0.95989 -2.0
3494.0 0.0 0.96157 -2.0
3495.0 0.0 0.95821 -2.0
3496.0 0.0 0.95202 -2.0
3497.0 0.0 0.94773 -2.0
3498.0 0.0 0.9473 -2.0
3499.0 0.0 0.94761 -2.0
3500.0 0.0 0.94457 -2.0
3501.0 0.0 0.93891 -2.0
3502.0 0.0 0.93517 -2.0
3503.0 0.0 0.93495 -2.0
3504.0 0.0 0.93486 -2.0
3505.0 0.0 0.9315 -2.0
3506.0 0.0 0.92606 -2.0
3507.0 0.0 0.9223 -2.0
3508.0 0.0 0.92232 -2.0
3509.0 0.0 0.92495 -2.0
3510.0 0.0 0.92699 -2.0
3511.0 0.0 0.92586 -2.0
3512.0 0.0 0.92155 -2.0
3513.0 0.0 0.91653 -2.0
3514.0 0.0 0.91425 -2.0
3515.0 0.0 0.91692 -2.0
3516.0 0.0 0.92309 -2.0
3517.0 0.0 0.92979 -2.0
3518.0 0.0 0.93537 -2.0
3519.0 0.0 0.9385 -2.0
3520.0 0.0 0.93808 -2.0
3521.0 0.0 0.93459 -2.0
3522.0 0.0 0.93003 -2.0
3523.0 0.0 0.92654 -2.0
3524.0 0.0 0.92502 -2.0
3525.0 0.0 0.92483 -2.0
3526.0 0.0 0.92494 -2.0
3527.0 0.0 0.92517 -2.0
3528.0 0.0 0.92619 -2.0
3529.0 0.0 0.92853 -2.0
3530.0 0.0 0.93196 -2.0
3531.0 0.0 0.93557 -2.0
3532.0 0.0 0.93863 -2.0
3533.0 0.0 0.94079 -2.0
3534.0 0.0 0.94198 -2.0
3535.0 0.0 0.94272 -2.0
3536.0 0.0 0.94305 -2.0
3537.0 0.0 0.9423 -2.0
3538.0 0.0 0.94089 -2.0
3539.0 0.0 0.94007 -2.0
3540.0 0.0 0.94006 -2.0
3541.0 0.0 0.94047 -2.0
3542.0 0.0 0.94139 -2.0
3543.0 0.0 0.94376 -2.0
3544.0 0.0 0.94741 -2.0
3545.0 0.0 0.95002 -2.0
3546.0 0.0 0.95022 -2.0
3547.0 0.0 0.9496 -2.0
3548.0 0.0 0.94974 -2.0
3549.0 0.0 0.95017 -2.0
3550.0 0.0 0.94989 -2.0
3551.0 0.0 0.94904 -2.0
3552.0 0.0 0.94808 -2.0
3553.0 0.0 0.94636 -2.0
3554.0 0.0 0.94293 -2.0
3555.0 0.0 0.93871 -2.0
3556.0 0.0 0.93613 -2.0
3557.0 0.0 0.93662 -2.0
3558.0 0.0 0.93913 -2.0
3559.0 0.0 0.94103 -2.0
3560.0 0.0 0.94116 -2.0
3561.0 0.0 0.94087 -2.0
3562.0 0.0 0.94161 -2.0
3563.0 0.0 0.94205 -2.0
3564.0 0.0 0.93925 -2.0
3565.0 0.0 0.93228 -2.0
3566.0 0.0 0.92406 -2.0
3567.0 0.0 0.91876 -2.0
3568.0 0.0 0.9172 -2.0
3569.0 0.0 0.9164 -2.0
3570.0 0.0 0.91275 -2.0
3571.0 0.0 0.90544 -2.0
3572.0 0.0 0.89658 -2.0
3573.0 0.0 0.88917 -2.0
3574.0 0.0 0.88477 -2.0
3575.0 0.0 0.88315 -2.0
3576.0 0.0 0.88336 -2.0
3577.0 0.0 0.88403 -2.0
3578.0 0.0 0.88334 -2.0
3579.0 0.0 0.8806 -2.0
3580.0 0.0 0.87668 -2.0
3581.0 0.0 0.87316 -2.0
3582.0 0.0 0.87089 -2.0
3583.0 0.0 0.86955 -2.0
3584.0 0.0 0.86825 -2.0
3585.0 0.0 0.86601 -2.0
3586.0 0.0 0.86281 -2.0
3587.0 0.0 0.86005 -2.0
3588.0 0.0 0.85946 -2.0
3589.0 0.0 0.86231 -2.0
3590.0 0.0 0.86843 -2.0
3591.0 0.0 0.8748 -2.0
3592.0 0.0 0.87835 -2.0
3593.0 0.0 0.87934 -2.0
3594.0 0.0 0.88016 -2.0
3595.0 0.0 0.88236 -2.0
3596.0 0.0 0.88582 -2.0
3597.0 0.0 0.88998 -2.0
3598.0 0.0 0.89477 -2.0
3599.0 0.0 0.89954 -2.0
3600.0 0.0 0.90261 -2.0
3601.0 0.0 0.90248 -2.0
3602.0 0.0 0.89912 -2.0
3603.0 0.0 0.89429 -2.0
3604.0 0.0 0.89042 -2.0
3605.0 0.0 0.88915 -2.0
3606.0 0.0 0.88992 -2.0
3607.0 0.0 0.89042 -2.0
3608.0 0.0 0.88914 -2.0
3609.0 0.0 0.88692 -2.0
3610.0 0.0 0.88605 -2.0
3611.0 0.0 0.88757 -2.0
3612.0 0.0 0.89017 -2.0
3613.0 0.0 0.89194 -2.0
3614.0 0.0 0.89227 -2.0
3615.0 0.0 0.8921 -2.0
3616.0 0.0 0.89231 -2.0
3617.0 0.0 0.89258 -2.0
3618.0 0.0 0.89239 -2.0
3619.0 0.0 0.89292 -2.0
3620.0 0.0 0.89602 -2.0
3621.0 0.0 0.90196 -2.0
3622.0 0.0 0.90943 -2.0
3623.0 0.0 0.91611 -2.0
3624.0 0.0 0.92021 -2.0
3625.0 0.0 0.92259 -2.0
3626.0 0.0 0.92574 -2.0
3627.0 0.0 0.9303 -2.0
3628.0 0.0 0.93369 -2.0
3629.0 0.0 0.9323 -2.0
3630.0 0.0 0.9251 -2.0
3631.0 0.0 0.91499 -2.0
3632.0 0.0 0.90638 -2.0
3633.0 0.0 0.90205 -2.0
3634.0 0.0 0.90167 -2.0
3635.0 0.0 0.90247 -2.0
3636.0 0.0 0.90171 -2.0
3637.0 0.0 0.89975 -2.0
3638.0 0.0 0.89952 -2.0
3639.0 0.0 0.90205 -2.0
3640.0 0.0 0.90495 -2.0
3641.0 0.0 0.90566 -2.0
3642.0 0.0 0.90388 -2.0
3643.0 0.0 0.90064 -2.0
3644.0 0.0 0.8968 -2.0
3645.0 0.0 0.89287 -2.0
3646.0 0.0 0.88907 -2.0
3647.0 0.0 0.88577 -2.0
3648.0 0.0 0.88391 -2.0
3649.0 0.0 0.88432 -2.0
3650.0 0.91904 0.88702 2.022
3651.0 0.73576 0.89118 1.737
3652.0 0.98327 0.89547 1.477
3653.0 1.09806 0.89873 1.669
3654.0 0.99663 0.90065 1.978
3655.0 0.91219 0.90175 2.065
3656.0 0.97638 0.90302 1.837
3657.0 0.99475 0.90514 1.592
3658.0 1.01431 0.90741 1.906
3659.0 1.05166 0.90815 2.225
3660.0 0.99991 0.90646 2.4
3661.0 0.99858 0.90307 2.13
3662.0 0.86842 0.89937 1.886
3663.0 0.83277 0.89639 2.049
3664.0 0.8697 0.89455 2.356
3665.0 0.89001 0.89378 2.42
3666.0 0.93022 0.89343 2.224
3667.0 0.99186 0.89252 1.841
3668.0 1.02163 0.89061 1.651
3669.0 0.95176 0.88913 2.077
3670.0 0.81642 0.89019 2.296
3671.0 0.66556 0.89368 2.106
3672.0 0.83278 0.89693 2.312
3673.0 0.79074 0.89722 2.037
3674.0 0.96088 0.89392 2.14
3675.0 0.88733 0.8885 2.6
3676.0 0.85498 0.88284 2.794
3677.0 0.94064 0.87797 2.522
3678.0 0.9545 0.87406 2.165
3679.0 0.90233 0.8712 2.024
3680.0 0.98453 0.86999 2.386
3681.0 1.04538 0.87108 2.654
3682.0 0.99096 0.87384 2.777
3683.0 0.9402 0.87624 2.597
3684.0 0.93802 0.87654 2.148
3685.0 0.88244 0.87401 2.412
3686.0 1.04386 0.86917 2.632
3687.0 1.01619 0.86504 2.842
3688.0 0.87114 0.86597 2.959
3689.0 0.9796 0.87292 2.463
3690.0 0.89341 0.88125 2.279
3691.0 0.93378 0.88511 2.748
3692.0 1.10893 0.88356 2.927
3693.0 1.02494 0.88053 3.141
3694.0 0.90866 0.87889 3.047
3695.0 0.90997 0.87759 2.631
3696.0 0.93619 0.87485 2.449
3697.0 1.08509 0.87196 2.684
3698.0 1.04446 0.8729 2.982
3699.0 0.97297 0.88023 3.122
3700.0 0.85191 0.89119 2.941
3701.0 0.85248 0.89769 2.53
3702.0 0.9076 0.89149 2.634
3703.0 1.03 0.87062 2.868
3704.0 0.97862 0.84215 3.184
3705.0 0.9884 0.81889 3.165
3706.0 0.85653 0.81116 3.112
3707.0 0.89005 0.81965 2.534
3708.0 0.9691 0.8355 2.62
3709.0 0.95145 0.84678 3.031
3710.0 1.02377 0.84617 0.0
3711.0 1.01596 0.83545 0.0
3712.0 0.93531 0.82377 0.0
3713.0 1.06587 0.8212 0.0
3714.0 1.10607 0.83246 0.0
3715.0 0.95656 0.85472 0.0
3716.0 1.21745 0.87985 0.0
3717.0 1.07576 0.89883 0.0
3718.0 0.96295 0.90488 0.0
3719.0 1.06862 0.89418 0.0
3720.0 0.94759 0.86752 0.0
3721.0 0.77137 0.83322 0.0
3722.0 0.84891 0.80518 0.0
3723.0 1.14539 0.7953 0.0
3724.0 1.17273 0.80741 0.0
3725.0 1.22702 0.83552 0.0
3726.0 1.51396 0.8674 0.0
3727.0 1.78474 0.89348 0.0
3728.0 1.97944 0.9115 0.0
3729.0 2.06563 0.92183 0.0
3730.0 1.81718 0.92218 0.0
3731.0 1.40803 0.90832 0.0
3732.0 1.29542 0.87862 0.0
3733.0 0.94911 0.83783 0.0
3734.0 0.88099 0.79687 0.0
3735.0 0.85789 0.76918 0.0
3736.0 0.80622 0.76494 0.0
3737.0 0.85807 0.78582 0.0
3738.0 0.91967 0.82474 0.0
3739.0 0.87669 0.87028 0.0
3740.0 1.08181 0.91127 0.0
3741.0 1.26514 0.93995 0.0
3742.0 1.03567 0.95393 0.0
3743.0 0.86627 0.95534 0.0
3744.0 1.13312 0.94775 0.0
3745.0 1.15 0.93322 2.777
3746.0 1.0204 0.91122 3.323
3747.0 1.02878 0.88006 3.312
3748.0 1.05748 0.84002 2.977
3749.0 0.86975 0.79679 2.949
3750.0 0.98426 0.76251 2.766
3751.0 0.86536 0.75041 3.677
3752.0 0.94059 0.76545 4.191
3753.0 0.94496 0.80072 4.364
3754.0 0.92274 0.84319 3.98
3755.0 0.90292 0.88113 3.518
3756.0 0.99928 0.90745 2.835
3757.0 1.00616 0.91937 3.335
3758.0 1.05144 0.91821 3.789
3759.0 1.06972 0.9097 4.025
3760.0 0.86883 0.90149 4.278
3761.0 0.98463 0.89939 3.666
3762.0 1.07805 0.90503 3.068
3763.0 0.99667 0.91506 3.323
3764.0 1.12448 0.92257 3.739
3765.0 1.20305 0.92109 3.379
3766.0 0.8951 0.9077 3.196
3767.0 0.71529 0.88293 3.043
3768.0 0.82688 0.84901 3.851
3769.0 0.77972 0.80933 3.452
3770.0 1.01148 0.77081 3.681
3771.0 0.99125 0.74506 4.053
3772.0 0.97091 0.74278 4.415
3773.0 0.92315 0.76515 4.461
3774.0 0.92604 0.80263 4.0
3775.0 0.81243 0.84298 3.736
3776.0 0.90538 0.87909 3.338
3777.0 1.07421 0.90976 3.41
3778.0 1.17571 0.93595 3.552
3779.0 1.19169 0.95817 3.606
3780.0 1.07078 0.97628 3.599
3781.0 1.02888 0.98996 3.336
3782.0 1.079 0.99895 2.964
3783.0 1.0968 1.00349 3.212
3784.0 1.12126 1.00413 3.762
3785.0 1.07046 1.00109 4.401
3786.0 1.03398 0.99416 4.603
3787.0 1.0444 0.9839 4.193
3788.0 1.02327 0.97248 3.717
3789.0 1.00289 0.9618 3.228
3790.0 0.94057 0.95177 3.775
3791.0 0.86969 0.94091 4.44
3792.0 0.97004 0.92747 4.45
3793.0 0.99418 0.90953 4.394
3794.0 0.97848 0.88464 4.113
3795.0 0.99415 0.85043 3.632
3796.0 0.94792 0.80711 3.231
3797.0 0.81795 0.76056 3.824
3798.0 0.80384 0.72276 4.387
3799.0 0.8475 0.70795 4.365
3800.0 0.86782 0.72396 4.286
3801.0 0.91063 0.76568 3.806
3802.0 0.95173 0.81825 3.169
3803.0 0.87208 0.8673 2.83
3804.0 1.01606 0.90556 3.006
3805.0 1.07224 0.93195 3.279
3806.0 0.97056 0.94844 3.683
3807.0 1.00984 0.95879 3.637
3808.0 0.99259 0.9675 3.476
3809.0 1.03021 0.97748 3.195
3810.0 0.98027 0.98835 2.922
3811.0 1.15058 0.99658 3.121
3812.0 1.23111 0.99772 3.448
3813.0 0.99316 0.99014 4.28
3814.0 0.99806 0.97742 4.438
3815.0 1.07991 0.96612 4.253
3816.0 0.98135 0.96032 4.047
3817.0 0.98129 0.95809 3.594
3818.0 1.0675 0.95371 3.749
3819.0 1.0542 0.94364 4.398
3820.0 1.073 0.93072 4.827
3821.0 1.00996 0.92235 5.185
3822.0 0.93264 0.92331 5.18
3823.0 1.02122 0.93019 4.518
3824.0 1.09824 0.9346 3.869
3825.0 0.98539 0.93174 3.985
3826.0 0.93421 0.9235 4.78
3827.0 0.91274 0.91389 5.302
3828.0 0.91145 0.9041 5.54
3829.0 0.99065 0.89225 5.238
3830.0 0.96348 0.87576 5.11
3831.0 0.78248 0.85255 5.219
3832.0 0.83387 0.82094 4.636
3833.0 0.92261 0.78047 5.167
3834.0 0.82711 0.73435 6.15
3835.0 0.84741 0.692 6.655
3836.0 0.91844 0.66695 6.252
3837.0 0.83991 0.66817 6.081
3838.0 0.81671 0.69377 5.43
3839.0 0.82346 0.73406 4.652
3840.0 0.94001 0.77909 4.314
3841.0 0.91012 0.82281 4.814
3842.0 0.94377 0.86247 5.237
3843.0 0.95309 0.89649 5.557
3844.0 1.06616 0.92364 5.393
3845.0 1.17596 0.94373 4.813
3846.0 0.91334 0.9579 5.105
3847.0 1.04607 0.96759 4.045
3848.0 0.97182 0.97349 4.509
3849.0 0.93853 0.97628 5.093
3850.0 0.98749 0.97782 5.399
3851.0 0.98498 0.98045 5.602
3852.0 0.99284 0.9847 5.399
3853.0 1.09562 0.98832 4.767
3854.0 1.19379 0.98842 4.141
3855.0 1.07091 0.98441 3.972
3856.0 1.14641 0.97824 4.281
3857.0 0.98722 0.97247 5.516
3858.0 1.00523 0.96878 0.0
3859.0 0.91003 0.96773 0.0
3860.0 0.94157 0.96944 0.0
3861.0 1.01574 0.97324 0.0
3862.0 1.05936 0.97651 0.0
3863.0 1.13883 0.97606 0.0
3864.0 0.98355 0.9717 0.0
3865.0 1.089 0.96671 0.0
3866.0 0.99795 0.9641 0.0
3867.0 0.90758 0.96442 0.0
3868.0 1.01309 0.96669 0.0
3869.0 1.09985 0.96892 0.0
3870.0 1.15539 0.96869 0.0
3871.0 1.07854 0.96467 0.0
3872.0 0.9839 0.95817 0.0
3873.0 0.89856 0.95308 0.0
3874.0 0.94855 0.95305 0.0
3875.0 0.96429 0.95732 0.0
3876.0 1.04793 0.96034 0.0
3877.0 1.0306 0.95711 0.0
3878.0 0.96545 0.9481 0.0
3879.0 1.0226 0.93816 0.0
3880.0 1.04856 0.93061 0.0
3881.0 0.89253 0.92384 4.782
3882.0 0.87779 0.91398 5.441
3883.0 1.01923 0.89923 5.645
3884.0 0.89783 0.87944 6.254
3885.0 0.95696 0.85258 5.753
3886.0 1.00202 0.8153 5.067
3887.0 0.94793 0.76787 4.466
3888.0 1.08062 0.71811 3.764
3889.0 1.16871 0.68005 3.967
3890.0 1.12322 0.66748 4.386
3891.0 1.09408 0.68581 4.789
3892.0 1.04948 0.72818 4.999
3893.0 1.05804 0.77978 5.001
3894.0 1.07568 0.82688 4.832
3895.0 1.04349 0.8632 4.555
3896.0 1.01713 0.88958 4.242
3897.0 1.00191 0.90907 4.274
3898.0 0.94332 0.92334 4.893
3899.0 0.91499 0.93328 5.485
3900.0 0.92704 0.94082 5.857
3901.0 0.99328 0.94851 5.94
3902.0 0.93362 0.95731 6.193
3903.0 0.98599 0.96553 5.284
3904.0 1.03575 0.97065 4.487
3905.0 1.03533 0.97191 4.05
3906.0 0.95987 0.97155 4.507
3907.0 0.95959 0.97381 5.314
3908.0 0.97201 0.98168 6.002
3909.0 0.92464 0.99363 6.558
3910.0 0.93784 1.00481 6.509
3911.0 1.03666 1.01129 5.731
3912.0 1.11768 1.01199 5.145
3913.0 0.95716 1.00788 5.309
3914.0 0.9578 1.00134 4.886
3915.0 1.04522 0.99558 4.86
3916.0 0.98104 0.99284 5.517
3917.0 0.96489 0.99272 6.006
3918.0 0.98477 0.9927 6.02
3919.0 0.91333 0.99051 6.318
3920.0 0.96429 0.98612 6.356
3921.0 0.92405 0.98126 6.724
3922.0 1.1344 0.97728 5.438
3923.0 0.95658 0.974 5.479
3924.0 0.93641 0.97088 5.474
3925.0 0.97586 0.96767 6.053
3926.0 0.93387 0.96371 6.816
3927.0 0.84598 0.95806 7.658
3928.0 0.86698 0.95025 7.831
3929.0 0.90906 0.94011 7.59
3930.0 0.87002 0.92631 7.467
3931.0 0.93347 0.90587 6.298
3932.0 0.81469 0.87687 5.81
3933.0 0.74924 0.84374 5.343
3934.0 0.82832 0.81911 5.685
3935.0 0.8685 0.81588 6.302
3936.0 0.9103 0.83585 6.931
3937.0 0.93279 0.86878 7.342
3938.0 0.98462 0.90213 7.399
3939.0 1.00368 0.92934 7.303
3940.0 1.02641 0.94978 6.752
3941.0 0.911 0.96434 6.59
3942.0 0.90758 0.97292 6.035
3943.0 0.95132 0.97539 5.495
3944.0 0.97366 0.97313 5.91
3945.0 0.90813 0.96913 6.497
3946.0 0.92641 0.9664 7.018
3947.0 0.91834 0.96607 7.468
3948.0 0.89984 0.96735 7.761
3949.0 0.91143 0.96886 7.654
3950.0 0.87103 0.96944 7.608
3951.0 0.96237 0.9686 6.329
3952.0 1.01912 0.96687 5.433
3953.0 0.99553 0.96565 5.061
3954.0 0.92424 0.96545 5.85
3955.0 0.859 0.96463 6.77
3956.0 1.0206 0.96118 6.961
3957.0 1.03827 0.95541 7.038
3958.0 0.92721 0.94935 7.204
3959.0 0.92289 0.94325 6.725
3960.0 0.97597 0.93439 0.0
3961.0 1.03773 0.92025 0.0
3962.0 0.89645 0.90127 0.0
3963.0 0.90326 0.87933 0.0
3964.0 0.85302 0.85428 0.0
3965.0 0.79886 0.8232 0.0
3966.0 0.71645 0.78233 0.0
3967.0 0.77697 0.73013 0.0
3968.0 0.8486 0.67108 0.0
3969.0 0.85397 0.61715 0.0
3970.0 0.94502 0.58352 0.0
3971.0 0.90438 0.58075 0.0
3972.0 1.00295 0.60922 0.0
3973.0 0.74237 0.65945 0.0
3974.0 0.80301 0.71764 0.0
3975.0 0.85447 0.77241 0.0
3976.0 0.80658 0.81819 0.0
3977.0 0.79565 0.85435 0.0
3978.0 0.87819 0.8826 0.0
3979.0 0.87144 0.90487 0.0
3980.0 0.90431 0.92215 0.0
3981.0 0.94443 0.9346 7.484
3982.0 1.00105 0.94281 6.776
3983.0 0.992 0.94867 6.522
3984.0 0.95272 0.95442 6.256
3985.0 0.99408 0.96093 5.925
3986.0 1.07932 0.96735 5.907
3987.0 0.99192 0.97281 6.426
3988.0 0.96319 0.97766 6.936
3989.0 1.08459 0.98237 7.051
3990.0 1.03836 0.98651 7.586
3991.0 0.95894 0.98964 8.206
3992.0 0.9186 0.99208 8.163
3993.0 0.97605 0.99415 7.337
3994.0 1.09017 0.99539 6.435
3995.0 1.02592 0.99503 6.241
3996.0 1.00536 0.99303 5.959
3997.0 1.04256 0.99048 6.269
3998.0 1.06249 0.98898 6.679
3999.0 1.05343 0.98932 7.163
4000.0 0.99704 0.99078 7.973
4001.0 1.04746 0.99173 8.185
4002.0 1.05406 0.99102 8.214
4003.0 1.06777 0.98836 8.041
4004.0 1.03086 0.98419 7.887
4005.0 0.95022 0.97967 7.759
4006.0 0.92469 0.97709 7.337
4007.0 0.9762 0.9783 6.61
4008.0 1.02345 0.98258 6.337
4009.0 0.9788 0.98728 6.951
4010.0 0.9999 0.99073 7.546
4011.0 1.12645 0.99334 7.382
4012.0 1.04799 0.99599 8.082
4013.0 1.02249 0.99877 8.574
4014.0 1.04495 1.00158 8.582
4015.0 1.00749 1.00476 8.694
4016.0 0.93431 1.00871 8.838
4017.0 0.97278 1.01321 8.133
4018.0 1.12351 1.01729 6.961
4019.0 1.08463 1.01998 6.435
4020.0 0.95735 1.02072 6.416
4021.0 0.96251 1.01898 6.934
4022.0 1.03977 1.01364 7.216
4023.0 1.01532 1.00308 7.804
4024.0 1.04889 0.98715 8.086
4025.0 1.02716 0.96955 8.439
4026.0 1.01764 0.9572 8.587
4027.0 0.93536 0.95532 9.03
4028.0 0.8502 0.96312 9.131
4029.0 0.86402 0.97474 8.657
4030.0 0.94732 0.98413 7.926
4031.0 0.97809 0.98896 7.23
4032.0 1.03806 0.99065 6.404
4033.0 0.98676 0.99185 6.614
4034.0 0.94048 0.99458 7.394
4035.0 0.95196 0.99988 7.71
4036.0 0.97338 1.00779 8.076
4037.0 1.0376 1.01694 8.274
4038.0 1.10141 1.02488 8.41
4039.0 1.06633 1.02931 8.811
4040.0 0.99569 1.02977 9.022
4041.0 0.9563 1.0276 8.833
4042.0 1.0 1.02385 8.017
4043.0 1.09898 1.01795 7.036
4044.0 1.09537 1.009 6.638
4045.0 1.10045 0.9986 6.343
4046.0 0.99351 0.9913 6.582
4047.0 1.10413 0.99123 6.907
4048.0 1.11949 0.99837 7.368
4049.0 0.98558 1.00851 8.391
4050.0 1.0349 1.01687 8.681
4051.0 1.05239 1.0208 8.639
4052.0 0.99621 1.02004 9.066
4053.0 0.96702 1.01591 9.451
4054.0 0.91912 1.01106 9.956
4055.0 0.9322 1.00798 9.606
4056.0 0.97315 1.00722 9.048
4057.0 1.07141 1.00765 7.915
4058.0 1.01317 1.00845 7.561
4059.0 0.89984 1.00958 7.293
4060.0 0.9967 1.01017 6.755
4061.0 1.04379 1.00804 7.222
4062.0 0.89072 1.00199 8.377
4063.0 0.89524 0.99285 9.066
4064.0 1.01902 0.98257 9.02
4065.0 1.02397 0.97304 9.379
4066.0 1.0748 0.96609 9.144
4067.0 1.09596 0.96259 9.249
4068.0 1.03665 0.96181 9.676
4069.0 0.98342 0.96161 9.803
4070.0 1.00826 0.95974 9.34
4071.0 0.95591 0.95578 9.054
4072.0 0.95182 0.95176 8.219
4073.0 1.0796 0.95017 7.033
4074.0 1.10644 0.95071 6.397
4075.0 0.82962 0.9502 7.22
4076.0 0.9632 0.94603 7.173
4077.0 0.95192 0.93941 8.225
4078.0 1.10538 0.93502 8.066
4079.0 1.08029 0.93721 8.497
4080.0 0.96249 0.94614 9.5
4081.0 0.99779 0.95738 9.516
4082.0 0.99556 0.96541 9.633
4083.0 1.04482 0.96735 9.569
4084.0 1.11678 0.96405 9.265
4085.0 0.96215 0.9585 10.018
4086.0 0.89909 0.9532 9.758
4087.0 0.97345 0.94897 8.561
4088.0 1.03359 0.94516 7.995
4089.0 1.0188 0.94111 7.702
4090.0 0.86394 0.93718 7.941
4091.0 0.90485 0.93468 7.81
4092.0 1.08176 0.93358 0.0
4093.0 1.10839 0.93097 0.0
4094.0 0.99752 0.92254 0.0
4095.0 0.95868 0.90535 0.0
4096.0 0.98397 0.8795 0.0
4097.0 0.98921 0.84738 0.0
4098.0 0.9708 0.8112 0.0
4099.0 1.02671 0.77113 0.0
4100.0 1.06459 0.727 0.0
4101.0 1.18573 0.68273 0.0
4102.0 1.2832 0.64926 0.0
4103.0 1.29712 0.64015 0.0
4104.0 1.11189 0.66148 0.0
4105.0 1.04393 0.70609 0.0
4106.0 1.05689 0.75879 0.0
4107.0 0.96457 0.80617 0.0
4108.0 1.04899 0.84211 0.0
4109.0 1.08507 0.86695 0.0
4110.0 1.01055 0.8842 0.0
4111.0 1.07329 0.89759 0.0
4112.0 0.94391 0.90929 0.0
4113.0 0.93183 0.91959 9.708
4114.0 0.96361 0.92814 9.779
4115.0 0.94907 0.93461 10.228
4116.0 0.99181 0.93881 10.332
4117.0 1.04071 0.94055 10.081
4118.0 1.08783 0.93994 9.853
4119.0 1.05717 0.93794 9.856
4120.0 1.01685 0.93604 9.361
4121.0 1.0102 0.93563 6.187
4122.0 0.96491 0.93744 5.861
4123.0 1.03175 0.94147 5.382
4124.0 1.04375 0.94709 5.35
4125.0 0.92811 0.95267 8.038
4126.0 0.93146 0.95569 8.341
4127.0 1.00652 0.95442 8.512
4128.0 1.04697 0.9496 8.491
4129.0 1.03734 0.94406 8.913
4130.0 1.07443 0.94013 8.991
4131.0 1.03332 0.93799 9.571
4132.0 0.96448 0.93682 10.445
4133.0 0.99372 0.93715 10.632
4134.0 0.98647 0.94074 10.767
4135.0 0.99535 0.94827 10.513
4136.0 0.99139 0.95811 10.173
4137.0 1.03249 0.96735 9.723
4138.0 1.05936 0.97401 9.737
4139.0 1.05408 0.97746 9.799
4140.0 1.00536 0.9775 9.71
4141.0 0.9514 0.97338 9.277
4142.0 0.94643 0.96443 8.251
4143.0 0.95639 0.95212 7.46
4144.0 1.0262 0.94111 6.93
4145.0 1.03563 0.93679 6.9
4146.0 0.93631 0.94067 8.105
4147.0 0.97176 0.94922 8.638
4148.0 0.97002 0.95719 9.241
4149.0 0.96892 0.96179 9.757
4150.0 0.92935 0.96371 10.426
4151.0 0.8923 0.96475 10.978
4152.0 0.97045 0.96563 10.598
4153.0 0.98098 0.96578 10.704
4154.0 0.96238 0.96458 11.081
4155.0 0.95442 0.96262 11.282
4156.0 0.98245 0.96139 11.009
4157.0 0.97474 0.9622 11.017
4158.0 1.01256 0.96522 10.517
4159.0 0.97631 0.96916 10.872
4160.0 0.97856 0.97223 10.354
4161.0 0.97786 0.97353 10.083
4162.0 0.99793 0.97371 9.579
4163.0 0.96344 0.97408 9.327
4164.0 0.99044 0.9754 8.485
4165.0 1.02855 0.97724 8.057
4166.0 1.01162 0.97805 7.941
4167.0 0.96052 0.97643 8.01
4168.0 0.9306 0.97265 8.278
4169.0 0.98411 0.96785 7.982
4170.0 0.95081 0.96206 8.151
4171.0 1.01954 0.95405 7.264
4172.0 0.91261 0.94379 6.624
4173.0 0.80514 0.93427 6.744
4174.0 0.8744 0.92947 7.93
4175.0 0.91668 0.93055 9.328
4176.0 0.95006 0.93458 10.328
4177.0 0.94957 0.93735 10.95
4178.0 0.9814 0.93759 10.394
4179.0 0.97274 0.93743 9.743
4180.0 0.94639 0.93923 10.46
4181.0 0.91997 0.94302 11.456
4182.0 0.96414 0.94699 11.319
4183.0 1.00017 0.94985 11.029
4184.0 1.00271 0.95165 10.834
4185.0 1.02019 0.95249 10.409
4186.0 1.02554 0.95188 9.842
4187.0 0.96129 0.94968 9.57
4188.0 0.97683 0.94709 8.713
4189.0 1.00853 0.94549 8.017
4190.0 1.02555 0.94514 7.569
4191.0 1.02832 0.94559 7.581
4192.0 0.9907 0.94658 7.689
4193.0 0.94518 0.94764 7.813
4194.0 0.9252 0.94735 8.156
4195.0 0.9606 0.94395 8.075
4196.0 0.97509 0.93671 8.426
4197.0 0.90448 0.92657 9.146
4198.0 0.94438 0.9151 9.164
4199.0 0.96834 0.90424 9.268
4200.0 0.98745 0.89628 9.515
4201.0 0.91068 0.89297 10.445
4202.0 0.99483 0.89495 10.376
4203.0 1.00441 0.90143 10.351
4204.0 0.96387 0.91058 10.461
4205.0 0.94789 0.92044 10.425
4206.0 0.95021 0.92961 10.603
4207.0 0.89088 0.93715 11.109
4208.0 0.83195 0.94243 11.77
4209.0 0.9128 0.94528 11.221
4210.0 0.96385 0.94638 10.838
4211.0 0.96501 0.94675 10.74
4212.0 0.92861 0.94672 10.851
4213.0 0.94595 0.94543 10.41
4214.0 1.0145 0.94173 9.889
4215.0 1.00687 0.93587 9.847
4216.0 0.93258 0.9306 9.986
4217.0 0.92145 0.92966 9.918
4218.0 0.97704 0.93476 9.25
4219.0 0.94633 0.94362 8.923
4220.0 0.89484 0.95185 9.061
4221.0 1.01182 0.95584 8.08
4222.0 1.00386 0.95404 8.223
4223.0 0.87705 0.94638 8.901
4224.0 0.93886 0.93402 8.342
4225.0 0.91766 0.91936 8.745
4226.0 0.87917 0.9064 8.942
4227.0 1.00208 0.89976 8.139
4228.0 1.03832 0.90249 7.887
4229.0 0.94049 0.91322 8.65
4230.0 0.87471 0.92626 9.719
4231.0 0.90138 0.93479 10.058
4232.0 0.97453 0.93503 9.922
4233.0 0.96757 0.92863 10.144
4234.0 0.8485 0.92095 11.315
4235.0 0.85793 0.9167 11.664
4236.0 0.95414 0.91707 11.014
4237.0 0.9265 0.92035 11.291
4238.0 0.91454 0.92453 11.669
4239.0 0.91121 0.92877 12.018
4240.0 0.89584 0.93299 12.638
4241.0 0.87724 0.93687 13.139
4242.0 0.93121 0.94022 12.893
4243.0 1.00277 0.9433 12.273
4244.0 0.95076 0.94593 12.366
4245.0 0.92879 0.94673 12.505
4246.0 0.89629 0.94411 12.81
4247.0 0.90137 0.93818 12.592
4248.0 0.93004 0.93128 12.47
4249.0 0.91212 0.9258 12.287
4250.0 0.95459 0.92265 11.453
4251.0 0.89952 0.92151 11.882
4252.0 0.8519 0.9217 12.414
4253.0 0.89483 0.92232 11.956
4254.0 0.91697 0.92266 11.843
4255.0 0.82677 0.92291 12.354
4256.0 0.83955 0.92352 11.938
4257.0 0.93206 0.92408 11.043
4258.0 0.92056 0.92329 11.172
4259.0 0.88342 0.92051 11.361
4260.0 0.89746 0.91721 10.877
4261.0 0.89833 0.91621 10.243
4262.0 0.89411 0.91985 9.627
4263.0 0.82984 0.92782 9.81
4264.0 0.8579 0.9373 9.77
4265.0 0.93243 0.94462 9.481
4266.0 0.89835 0.9474 9.947
4267.0 0.93414 0.94541 9.61
4268.0 0.94221 0.93961 9.507
4269.0 0.85724 0.93102 10.111
4270.0 0.94195 0.9205 9.74
4271.0 0.93027 0.90921 9.818
4272.0 0.83852 0.89937 10.249
4273.0 0.88116 0.89343 10.013
4274.0 0.92838 0.89255 10.057
4275.0 0.96476 0.89644 10.208
4276.0 1.01096 0.904 9.943
4277.0 0.88898 0.91327 11.257
4278.0 0.87897 0.92193 11.444
4279.0 0.92294 0.92778 10.982
4280.0 0.96106 0.92997 10.697
4281.0 0.97117 0.92918 10.915
4282.0 0.92914 0.92685 11.48
4283.0 0.87861 0.92413 11.991
4284.0 0.91997 0.92156 11.889
4285.0 0.89031 0.91894 12.438
4286.0 0.81856 0.91544 13.405
4287.0 0.80825 0.91028 13.53
4288.0 0.82902 0.90306 13.329
4289.0 0.88337 0.89436 12.565
4290.0 0.91064 0.88618 12.012
4291.0 0.88237 0.88147 12.581
4292.0 0.94076 0.88161 12.157
4293.0 0.89667 0.88473 12.852
4294.0 0.87772 0.88715 13.43
4295.0 0.85607 0.88661 13.523
4296.0 0.80779 0.88337 14.014
4297.0 0.86713 0.87863 13.414
4298.0 0.90198 0.87251 13.362
4299.0 0.87904 0.8647 13.857
4300.0 0.85886 0.8559 14.429
4301.0 0.87123 0.84816 14.515
4302.0 0.86517 0.84362 14.512
4303.0 0.88725 0.8434 14.423
4304.0 0.89894 0.84717 14.593
4305.0 0.84818 0.85265 15.432
4306.0 0.83923 0.8566 15.545
4307.0 0.89195 0.85682 14.76
4308.0 0.85997 0.85424 14.803
4309.0 0.81835 0.85241 14.926
4310.0 0.84722 0.8542 14.723
4311.0 0.81586 0.85917 15.358
4312.0 0.80172 0.86438 15.686
4313.0 0.80954 0.8678 15.386
4314.0 0.83165 0.87066 14.666
4315.0 0.86193 0.87671 13.94
4316.0 0.88137 0.88781 13.552
4317.0 0.94352 0.90199 13.052
4318.0 0.96376 0.91459 13.098
4319.0 0.94746 0.92145 13.314
4320.0 0.93039 0.92171 13.383
4321.0 0.89561 0.91709 13.262
4322.0 0.91207 0.90971 12.867
4323.0 0.90968 0.90042 13.488
4324.0 0.87813 0.88892 14.171
4325.0 0.90192 0.87682 14.189
4326.0 0.88589 0.86836 14.353
4327.0 0.91068 0.86764 13.909
4328.0 0.94258 0.87384 13.65
4329.0 0.91785 0.88168 13.691
4330.0 0.90793 0.88574 0.0
4331.0 0.86962 0.88447 0.0
4332.0 0.8239 0.88003 0.0
4333.0 0.87632 0.87377 0.0
4334.0 0.90751 0.86478 0.0
4335.0 0.87686 0.84957 0.0
4336.0 0.85615 0.82385 0.0
4337.0 0.89422 0.78526 0.0
4338.0 0.97435 0.73592 0.0
4339.0 1.16493 0.68356 0.0
4340.0 1.43637 0.64013 0.0
4341.0 1.64383 0.61769 0.0
4342.0 1.56916 0.62262 0.0
4343.0 1.34049 0.65208 0.0
4344.0 1.08596 0.69555 0.0
4345.0 0.9135 0.74074 0.0
4346.0 0.87276 0.78012 0.0
4347.0 0.88468 0.81159 0.0
4348.0 0.89047 0.83546 0.0
4349.0 0.87244 0.85144 0.0
4350.0 0.85771 0.85871 0.0
4351.0 0.84183 0.85918 13.871
4352.0 0.83477 0.85815 14.254
4353.0 0.78251 0.86111 15.11
4354.0 0.80597 0.87019 14.788
4355.0 0.82684 0.88291 14.788
4356.0 0.88616 0.89492 13.689
4357.0 0.94952 0.90314 13.034
4358.0 0.93241 0.90701 12.668
4359.0 0.90024 0.90825 13.144
4360.0 0.93823 0.90929 13.521
4361.0 0.92174 0.91188 13.878
4362.0 0.87118 0.91611 14.46
4363.0 0.89154 0.92108 14.244
4364.0 0.90134 0.92549 14.234
4365.0 0.90039 0.92772 14.377
4366.0 0.93452 0.92619 14.133
4367.0 0.9344 0.92051 13.852
4368.0 0.88893 0.91219 14.177
4369.0 0.88707 0.90396 14.536
4370.0 0.90334 0.8976 14.868
4371.0 0.94257 0.89295 13.314
4372.0 0.95096 0.88857 13.563
4373.0 0.93734 0.88282 14.599
4374.0 0.93782 0.8758 14.703
4375.0 0.89425 0.86965 14.979
4376.0 0.91326 0.86751 14.665
4377.0 0.93284 0.87067 14.388
4378.0 0.86668 0.87721 14.67
4379.0 0.88293 0.88311 14.536
4380.0 0.94217 0.88462 14.313
4381.0 0.9106 0.87973 14.726
4382.0 0.88902 0.86808 15.023
4383.0 0.9306 0.85147 14.661
4384.0 0.8914 0.83462 15.04
4385.0 0.79894 0.82328 16.348
4386.0 0.81616 0.82024 16.359
4387.0 0.85327 0.82425 15.848
4388.0 0.8295 0.8313 16.232
4389.0 0.86215 0.83854 15.969
4390.0 0.87669 0.84529 15.747
4391.0 0.85053 0.85169 16.209
4392.0 0.90556 0.85785 15.3
4393.0 0.87597 0.86226 15.334
4394.0 0.84487 0.86403 15.777
4395.0 0.84968 0.86443 15.775
4396.0 0.84447 0.86566 15.827
4397.0 0.85703 0.86905 15.672
4398.0 0.93241 0.87261 14.925
4399.0 0.91666 0.87343 14.668
4400.0 0.82604 0.8713 15.677
4401.0 0.90709 0.8686 14.56
4402.0 0.94317 0.86731 13.608
4403.0 0.87977 0.86637 14.448
4404.0 0.84839 0.86385 15.115
4405.0 0.87979 0.85994 14.416
4406.0 0.87971 0.85679 14.196
4407.0 0.88848 0.85636 14.001
4408.0 0.94713 0.85877 13.184
4409.0 0.96401 0.86314 12.448
4410.0 0.92907 0.86886 12.179
4411.0 0.94877 0.87499 11.655
4412.0 0.87116 0.87942 12.33
4413.0 0.83193 0.87942 12.9
4414.0 0.87798 0.87329 12.702
4415.0 0.86767 0.86259 12.651
4416.0 0.81018 0.85174 13.125
4417.0 0.80731 0.84586 12.956
4418.0 0.86628 0.84758 11.911
4419.0 0.88014 0.8559 11.699
4420.0 0.83008 0.86643 12.424
4421.0 0.83526 0.87429 12.538
4422.0 0.9345 0.87744 11.807
4423.0 0.93799 0.8768 11.994
4424.0 0.83404 0.87509 12.803
4425.0 0.91978 0.87393 12.355
4426.0 0.87972 0.87303 13.204
4427.0 0.90563 0.87186 13.405
4428.0 0.94561 0.87042 13.088
4429.0 0.95084 0.86926 13.176
4430.0 0.9103 0.86885 13.464
4431.0 0.85059 0.86904 14.248
4432.0 0.87073 0.86927 14.296
4433.0 0.90459 0.86879 14.363
4434.0 0.88111 0.86709 14.785
4435.0 0.88079 0.86508 14.799
4436.0 0.87023 0.86509 15.109
4437.0 0.92182 0.86881 14.958
4438.0 0.85224 0.87587 16.437
4439.0 0.81303 0.88288 15.94
4440.0 0.9097 0.88569 15.4
4441.0 0.90609 0.882 16.445
4442.0 0.83724 0.87328 17.354
4443.0 0.86503 0.86404 16.645
4444.0 0.87841 0.85967 16.11
4445.0 0.87957 0.8629 15.836
4446.0 0.91827 0.87203 15.334
4447.0 0.9352 0.88256 15.232
4448.0 0.92075 0.89026 15.476
4449.0 0.88019 0.89347 16.045
4450.0 0.90056 0.8931 15.741
4451.0 0.89473 0.89105 15.215
4452.0 0.85385 0.88851 15.43
4453.0 0.86431 0.88512 15.004
4454.0 0.90279 0.88027 14.219
4455.0 0.93934 0.87424 13.382
4456.0 0.88522 0.86894 13.712
4457.0 0.91827 0.86634 13.387
4458.0 0.89316 0.86648 13.07
4459.0 0.85678 0.8679 13.458
4460.0 0.88691 0.86891 12.309
4461.0 0.8843 0.86919 11.498
4462.0 0.98757 0.86963 10.296
4463.0 0.852 0.87104 11.178
4464.0 0.9056 0.87312 10.982
4465.0 0.87168 0.8747 11.789
4466.0 0.89481 0.87414 11.896
4467.0 0.85414 0.87015 12.257
4468.0 0.93546 0.86257 11.951
4469.0 0.90112 0.85247 12.495
4470.0 0.87753 0.8426 12.928
4471.0 0.88902 0.83653 12.906
4472.0 0.81724 0.83747 13.979
4473.0 0.89222 0.8464 13.816
4474.0 0.93304 0.86132 14.382
4475.0 0.89445 0.87767 15.265
4476.0 0.87807 0.89074 15.502
4477.0 0.88206 0.89789 15.531
4478.0 0.92479 0.89815 15.329
4479.0 0.91956 0.89187 15.921
4480.0 0.87325 0.88043 16.883
4481.0 0.85616 0.86765 17.207
4482.0 0.84716 0.85955 16.956
4483.0 0.84272 0.86045 16.662
4484.0 0.88293 0.87049 16.206
4485.0 0.92893 0.8847 15.535
4486.0 0.91102 0.89653 15.34
4487.0 0.92956 0.90105 15.108
4488.0 1.03045 0.89741 13.838
4489.0 0.96943 0.88875 13.467
4490.0 0.84889 0.88047 14.422
4491.0 0.83179 0.87657 14.472
4492.0 0.85251 0.87754 13.988
4493.0 0.91189 0.88081 13.11
4494.0 0.93004 0.88319 12.136
4495.0 0.86305 0.88398 12.045
4496.0 0.80964 0.88438 12.181
4497.0 0.8498 0.88587 12.572
4498.0 0.95064 0.88802 12.13
4499.0 0.88084 0.88906 13.516
4500.0 0.88278 0.88775 13.629
4501.0 0.91996 0.8852 13.38
4502.0 0.81483 0.88443 15.299
4503.0 0.81397 0.88774 15.038
4504.0 0.93946 0.89495 13.931
4505.0 0.97005 0.90288 14.169
4506.0 0.9291 0.90791 14.949
4507.0 0.9229 0.90818 15.539
4508.0 0.86975 0.90484 16.644
4509.0 0.86215 0.90081 16.948
4510.0 0.89422 0.89822 16.514
4511.0 0.86633 0.8972 16.491
4512.0 0.86259 0.89615 16.215
4513.0 0.91007 0.8934 15.18
4514.0 0.91853 0.88867 14.655
4515.0 0.91342 0.88307 14.52
4516.0 0.91658 0.87841 14.285
4517.0 0.93161 0.87587 13.792
4518.0 0.9695 0.87526 12.53
4519.0 0.90694 0.87549 12.788
4520.0 0.94221 0.87547 12.596
4521.0 0.97547 0.87481 11.548
4522.0 0.92208 0.87343 11.667
4523.0 0.93083 0.87138 11.052
4524.0 0.88841 0.869 11.383
4525.0 0.8698 0.86665 11.752
4526.0 0.92657 0.86409 11.939
4527.0 0.89827 0.86052 13.097
4528.0 0.8382 0.85538 14.291
4529.0 0.87219 0.84969 14.68
4530.0 0.86936 0.84552 15.341
4531.0 0.88263 0.84418 15.673
4532.0 0.86809 0.84455 16.013
4533.0 0.87266 0.84413 16.204
4534.0 0.89404 0.84205 16.109
4535.0 0.83493 0.84037 16.778
4536.0 0.79853 0.84248 17.422
4537.0 0.86306 0.8495 16.956
4538.0 0.91602 0.85882 16.095
4539.0 0.94309 0.86576 15.268
4540.0 0.95698 0.86704 14.331
4541.0 0.88719 0.86281 14.246
4542.0 0.84197 0.85655 14.634
4543.0 0.85865 0.85202 14.429
4544.0 0.86758 0.85111 14.724
4545.0 0.91343 0.85312 13.467
4546.0 0.93566 0.85615 12.008
4547.0 0.92644 0.85814 11.24
4548.0 0.85414 0.85749 12.416
4549.0 0.85862 0.85374 13.381
4550.0 0.90467 0.84867 13.79
4551.0 0.90552 0.84522 14.73
4552.0 0.80749 0.84484 16.794
4553.0 0.77001 0.84612 17.733
4554.0 0.8295 0.84657 17.414
4555.0 0.83905 0.84568 17.689
4556.0 0.81132 0.84569 18.32
4557.0 0.83845 0.84908 18.261
4558.0 0.87833 0.85595 18.055
4559.0 0.8773 0.86449 18.09
4560.0 0.9021 0.87231 17.729
4561.0 0.96575 0.87779 16.329
4562.0 0.95002 0.87974 14.401
4563.0 0.88906 0.87759 13.117
4564.0 0.94386 0.87223 13.029
4565.0 0.93244 0.86639 12.439
4566.0 0.91919 0.86294 13.657
4567.0 0.96141 0.86323 12.515
4568.0 0.84592 0.86609 13.447
4569.0 0.79007 0.86918 14.96
4570.0 0.90092 0.87024 14.17
4571.0 0.83591 0.86834 16.064
4572.0 0.88575 0.86452 16.096
4573.0 0.85648 0.86141 17.501
4574.0 0.87156 0.861 17.565
4575.0 0.89289 0.8631 17.29
4576.0 0.92597 0.86589 17.02
4577.0 0.90275 0.86745 17.416
4578.0 0.85968 0.86717 17.938
4579.0 0.86866 0.8647 18.025
4580.0 0.87877 0.85995 17.925
4581.0 0.85333 0.85321 18.073
4582.0 0.85894 0.84569 17.792
4583.0 0.91376 0.83887 16.688
4584.0 0.93413 0.83465 15.735
4585.0 0.84935 0.83429 15.955
4586.0 0.77489 0.83788 16.282
4587.0 0.8802 0.84358 13.991
4588.0 0.88391 0.84871 13.608
4589.0 0.84942 0.85158 14.778
4590.0 0.84972 0.8521 15.675
4591.0 0.82601 0.85121 16.722
4592.0 0.87656 0.84994 15.951
4593.0 0.88186 0.84922 16.537
4594.0 0.86613 0.84969 17.631
4595.0 0.87944 0.85148 18.685
4596.0 0.86168 0.85435 19.519
4597.0 0.84666 0.85749 19.68
4598.0 0.87775 0.86018 19.078
4599.0 0.88474 0.86164 18.424
4600.0 0.84531 0.8615 18.36
4601.0 0.83414 0.85991 17.846
4602.0 0.8406 0.85773 16.785
4603.0 0.82792 0.85589 16.237
4604.0 0.8155 0.8549 15.468
4605.0 0.83632 0.85493 14.313
4606.0 0.84168 0.85619 13.789
4607.0 0.79615 0.8588 15.06
4608.0 0.84785 0.86261 15.506
4609.0 0.90084 0.86676 15.552
4610.0 0.89467 0.87019 16.557
4611.0 0.91347 0.87203 17.193
4612.0 0.90053 0.87223 17.855
4613.0 0.90173 0.8712 18.19
4614.0 0.94982 0.86979 17.901
4615.0 0.94521 0.86812 17.939
4616.0 0.8844 0.86596 18.407
4617.0 0.87977 0.86298 18.014
4618.0 0.91861 0.85948 16.484
4619.0 0.89647 0.85654 15.618
4620.0 0.81099 0.85528 16.523
4621.0 0.89724 0.85654 14.95
4622.0 0.8914 0.86025 14.213
4623.0 0.88204 0.86518 13.282
4624.0 0.89421 0.86957 13.535
4625.0 0.93153 0.87184 14.177
4626.0 0.90201 0.87148 15.593
4627.0 0.91451 0.86898 15.985
4628.0 0.88773 0.86506 16.983
4629.0 0.87729 0.8607 17.48
4630.0 0.90084 0.85723 17.623
4631.0 0.88114 0.85576 18.301
4632.0 0.8302 0.85642 19.025
4633.0 0.8742 0.85776 18.014
4634.0 0.97197 0.8578 15.563
4635.0 0.93843 0.85625 14.407
4636.0 0.90987 0.85429 14.139
4637.0 0.98613 0.85338 13.107
4638.0 0.99423 0.85399 12.436
4639.0 0.92624 0.85533 12.31
4640.0 0.92905 0.85711 13.06
4641.0 0.99768 0.85924 13.519
4642.0 0.95397 0.8618 15.093
4643.0 0.90782 0.86401 16.742
4644.0 0.92122 0.86453 16.828
4645.0 0.91325 0.86209 16.866
4646.0 0.91991 0.85619 16.058
4647.0 0.90885 0.84786 16.197
4648.0 0.89869 0.83951 17.001
4649.0 0.91401 0.8337 16.79
4650.0 0.88255 0.8323 16.908
4651.0 0.86238 0.83514 16.533
4652.0 0.84503 0.84024 15.638
4653.0 0.89064 0.84529 14.067
4654.0 0.83713 0.84835 13.911
4655.0 0.88162 0.84916 13.796
4656.0 0.96505 0.84882 13.858
4657.0 0.88933 0.84944 15.813
4658.0 0.87022 0.85264 16.62
4659.0 0.87598 0.85865 17.292
4660.0 0.92995 0.86539 17.208
4661.0 0.94877 0.87024 17.329
4662.0 0.92954 0.87117 17.36
4663.0 0.90733 0.86836 17.096
4664.0 0.86952 0.86298 16.672
4665.0 0.83957 0.85629 15.944
4666.0 0.85079 0.84857 15.047
4667.0 0.85982 0.84049 14.185
4668.0 0.86328 0.83316 13.315
4669.0 0.89247 0.82871 12.436
4670.0 0.83461 0.82844 13.724
4671.0 0.82411 0.83244 14.838
4672.0 0.90822 0.83897 15.139
4673.0 0.88865 0.84602 16.997
4674.0 0.87359 0.85166 18.458
4675.0 0.87132 0.85533 19.006
4676.0 0.8655 0.85717 18.754
4677.0 0.87769 0.85736 18.109
4678.0 0.87365 0.85563 17.621
4679.0 0.84511 0.85183 17.661
4680.0 0.88641 0.84682 16.485
4681.0 0.87539 0.84182 15.556
4682.0 0.82065 0.8378 15.075
4683.0 0.83822 0.83492 14.064
4684.0 0.88847 0.83253 14.519
4685.0 0.90361 0.83031 15.156
4686.0 0.92447 0.82822 15.982
4687.0 0.93838 0.82721 16.737
4688.0 0.95138 0.8283 17.483
4689.0 0.88973 0.8317 18.929
4690.0 0.88002 0.8363 19.168
4691.0 0.92895 0.84039 18.156
4692.0 0.92825 0.84304 17.391
4693.0 0.91609 0.84452 16.549
4694.0 0.87021 0.84552 16.55
4695.0 0.81531 0.84652 16.133
4696.0 0.83932 0.84704 14.378
4697.0 0.85334 0.84635 14.458
4698.0 0.85508 0.84391 16.176
4699.0 0.78998 0.84003 18.166
4700.0 0.8129 0.83544 18.806
4701.0 0.83901 0.83125 18.974
4702.0 0.87354 0.82769 19.277
4703.0 0.90783 0.82496 19.435
4704.0 0.9018 0.82318 19.517
4705.0 0.86174 0.82271 19.632
4706.0 0.81712 0.82312 19.383
4707.0 0.77244 0.82316 19.203
4708.0 0.81334 0.82196 17.496
4709.0 0.86773 0.82 15.621
4710.0 0.85488 0.81866 15.784
4711.0 0.84037 0.81864 17.162
4712.0 0.8443 0.81946 18.066
4713.0 0.81692 0.8199 18.771
4714.0 0.82339 0.81986 19.205
4715.0 0.80826 0.82025 20.593
4716.0 0.79406 0.82257 21.758
4717.0 0.80721 0.82716 21.682
4718.0 0.81686 0.83279 20.626
4719.0 0.8209 0.83775 19.942
4720.0 0.84732 0.84068 18.0
4721.0 0.85839 0.84184 16.363
4722.0 0.8929 0.8421 14.672
4723.0 0.85174 0.84224 15.608
4724.0 0.88395 0.84242 15.876
4725.0 0.92842 0.84206 16.275
4726.0 0.86979 0.84035 19.431
4727.0 0.8148 0.83647 21.563
4728.0 0.8534 0.83073 21.299
4729.0 0.85189 0.82409 21.011
4730.0 0.7853 0.81824 21.294
4731.0 0.79556 0.81428 19.963
4732.0 0.8392 0.81288 18.422
4733.0 0.84745 0.81392 16.597
4734.0 0.85346 0.81674 14.952
4735.0 0.81942 0.81978 15.489
4736.0 0.86874 0.82175 16.162
4737.0 0.84306 0.82226 17.521
4738.0 0.82554 0.82205 18.69
4739.0 0.85612 0.82211 19.832
4740.0 0.85761 0.8228 20.965
4741.0 0.84782 0.82387 21.289
4742.0 0.86582 0.82504 20.37
4743.0 0.88074 0.82617 18.82
4744.0 0.87996 0.82742 17.551
4745.0 0.87531 0.82882 16.456
4746.0 0.8267 0.83019 16.063
4747.0 0.78697 0.83153 17.434
4748.0 0.81202 0.83304 18.465
4749.0 0.83313 0.83491 19.781
4750.0 0.81096 0.8371 21.589
4751.0 0.79548 0.83883 22.378
4752.0 0.80133 0.83925 22.348
4753.0 0.81518 0.83778 21.818
4754.0 0.79907 0.83461 21.247
4755.0 0.77099 0.83075 21.117
4756.0 0.82714 0.82743 18.673
4757.0 0.81968 0.82568 16.634
4758.0 0.80417 0.82561 15.237
4759.0 0.85016 0.82679 16.549
4760.0 0.81362 0.82797 19.102
4761.0 0.75711 0.8277 21.471
4762.0 0.77014 0.82488 21.738
4763.0 0.79898 0.81918 21.621
4764.0 0.81678 0.81228 21.376
4765.0 0.83973 0.80646 20.618
4766.0 0.81192 0.80402 19.427
4767.0 0.71575 0.80526 19.818
4768.0 0.81438 0.80948 15.612
4769.0 0.77473 0.81501 14.718
4770.0 0.73583 0.82045 16.226
4771.0 0.76889 0.82426 17.337
4772.0 0.77771 0.82604 19.132
4773.0 0.76964 0.82626 20.879
4774.0 0.81907 0.82658 20.33
4775.0 0.79615 0.82801 20.442
4776.0 0.7766 0.83055 17.109
4777.0 0.84158 0.83304 12.384
4778.0 0.82844 0.83414 12.427
4779.0 0.85128 0.83323 10.8
4780.0 0.82237 0.83061 9.692
4781.0 0.85095 0.82762 15.803
4782.0 0.83902 0.82522 17.728
4783.0 0.82723 0.82388 19.076
4784.0 0.85878 0.82283 19.895
4785.0 0.82378 0.82143 21.579
4786.0 0.77563 0.81962 22.659
4787.0 0.78894 0.81783 22.287
4788.0 0.81511 0.81659 20.878
4789.0 0.79566 0.81633 19.723
4790.0 0.80065 0.81714 18.017
4791.0 0.72555 0.81887 17.532
4792.0 0.73061 0.82152 19.117
4793.0 0.76975 0.82501 20.59
4794.0 0.78491 0.82909 21.838
4795.0 0.8074 0.83325 22.54
4796.0 0.8274 0.83643 22.847
4797.0 0.82837 0.83768 22.549
4798.0 0.81557 0.83639 21.629
4799.0 0.80699 0.83307 20.344
4800.0 0.80241 0.82933 18.682
4801.0 0.77077 0.82686 17.56
4802.0 0.81558 0.82662 16.723
4803.0 0.83639 0.82773 18.354
4804.0 0.77492 0.8287 20.971
4805.0 0.77954 0.8282 22.096
4806.0 0.80421 0.8266 22.694
4807.0 0.82158 0.82497 22.86
4808.0 0.82118 0.82452 22.627
4809.0 0.80666 0.82509 22.017
4810.0 0.81081 0.82613 20.089
4811.0 0.84667 0.82679 17.094
4812.0 0.84774 0.82706 15.049
4813.0 0.83509 0.82735 16.669
4814.0 0.81654 0.82834 19.142
4815.0 0.75293 0.83046 22.169
4816.0 0.77592 0.83337 22.681
4817.0 0.84076 0.83622 22.025
4818.0 0.87174 0.8383 21.173
4819.0 0.83564 0.83913 20.809
4820.0 0.76819 0.8388 21.596
4821.0 0.7809 0.83712 19.463
4822.0 0.79281 0.83359 17.577
4823.0 0.81071 0.82782 18.636
4824.0 0.77821 0.82055 20.609
4825.0 0.78342 0.81422 22.264
4826.0 0.82245 0.81113 23.096
4827.0 0.75842 0.81195 25.29
4828.0 0.71184 0.81493 25.811
4829.0 0.76489 0.81743 22.79
4830.0 0.79287 0.81819 19.853
4831.0 0.80763 0.817 17.576
4832.0 0.79619 0.81477 16.554
4833.0 0.80699 0.81223 18.452
4834.0 0.75942 0.81023 21.98
4835.0 0.76567 0.80926 23.496
4836.0 0.78737 0.80938 24.072
4837.0 0.80954 0.81001 23.839
4838.0 0.7985 0.81049 23.149
4839.0 0.78024 0.80996 22.031
4840.0 0.82104 0.80822 19.438
4841.0 0.83326 0.8054 17.575
4842.0 0.75171 0.80248 17.757
4843.0 0.71222 0.80023 21.172
4844.0 0.70214 0.79903 23.54
4845.0 0.68319 0.79861 -1.0
4846.0 0.71864 0.79834 25.99
4847.0 0.79964 0.79725 24.325
4848.0 0.82728 0.79459 0.0
4849.0 0.78151 0.79043 0.0
4850.0 0.77508 0.78591 0.0
4851.0 0.76666 0.78226 0.0
4852.0 0.84148 0.77902 0.0
4853.0 0.84209 0.7745 0.0
4854.0 0.84889 0.76642 0.0
4855.0 0.79668 0.75377 0.0
4856.0 0.8048 0.73704 0.0
4857.0 0.89096 0.71746 0.0
4858.0 1.01307 0.69542 0.0
4859.0 1.18229 0.66951 0.0
4860.0 1.46267 0.63885 0.0
4861.0 1.97359 0.60603 0.0
4862.0 2.44365 0.57856 0.0
4863.0 2.57357 0.56508 0.0
4864.0 2.22569 0.57037 0.0
4865.0 1.65572 0.59221 0.0
4866.0 1.20216 0.62351 0.0
4867.0 0.95501 0.65659 0.0
4868.0 0.8131 0.68625 0.0
4869.0 0.74217 0.70928 0.0
4870.0 0.75222 0.72501 0.0
4871.0 0.75792 0.73364 0.0
4872.0 0.74369 0.73717 0.0
4873.0 0.74828 0.73877 0.0
4874.0 0.77319 0.74119 0.0
4875.0 0.78268 0.74622 25.368
4876.0 0.76923 0.7527 24.628
4877.0 0.76023 0.7596 22.886
4878.0 0.77227 0.76607 20.576
4879.0 0.77162 0.77257 18.298
4880.0 0.78641 0.77901 18.137
4881.0 0.81326 0.78445 19.983
4882.0 0.79239 0.78744 22.431
4883.0 0.76428 0.78756 24.842
4884.0 0.75226 0.78542 25.607
4885.0 0.75353 0.78276 24.689
4886.0 0.75985 0.78071 22.854
4887.0 0.77762 0.77968 21.174
4888.0 0.81722 0.77911 18.233
4889.0 0.77488 0.77814 18.19
4890.0 0.77741 0.77611 20.386
4891.0 0.77958 0.77347 22.924
4892.0 0.72992 0.77196 26.485
4893.0 0.72056 0.77413 27.695
4894.0 0.75548 0.78133 26.02
4895.0 0.78469 0.7921 22.864
4896.0 0.8124 0.80364 20.169
4897.0 0.83542 0.81246 18.022
4898.0 0.80937 0.81753 18.669
4899.0 0.77495 0.81841 21.644
4900.0 0.79317 0.81637 23.242
4901.0 0.79471 0.81264 24.959
4902.0 0.81121 0.80901 24.994
4903.0 0.8257 0.80635 23.645
4904.0 0.80574 0.80526 21.955
4905.0 0.79841 0.80582 19.422
4906.0 0.81944 0.80795 17.198
4907.0 0.79431 0.81063 18.924
4908.0 0.8027 0.81203 21.361
4909.0 0.80053 0.81007 23.757
4910.0 0.74209 0.80482 26.398
4911.0 0.73168 0.7977 26.54
4912.0 0.75719 0.79201 24.34
4913.0 0.72817 0.78991 22.588
4914.0 0.73265 0.79214 20.308
4915.0 0.75051 0.79684 18.567
4916.0 0.78747 0.8012 19.884
4917.0 0.777 0.80208 22.235
4918.0 0.77585 0.79731 23.904
4919.0 0.76534 0.78632 24.882
4920.0 0.7515 0.77089 24.774
4921.0 0.7462 0.75499 23.661
4922.0 0.72853 0.74248 21.813
4923.0 0.67385 0.73622 20.451
4924.0 0.72129 0.73627 20.107
4925.0 0.7044 0.74207 23.554
4926.0 0.71656 0.75218 25.531
4927.0 0.7262 0.7651 27.226
4928.0 0.76093 0.77895 26.525
4929.0 0.79641 0.79098 23.863
4930.0 0.7805 0.80005 21.068
4931.0 0.75941 0.80493 18.901
4932.0 0.82967 0.80566 16.55
4933.0 0.79133 0.8021 19.254
4934.0 0.77631 0.79574 20.946
4935.0 0.77658 0.78872 22.593
4936.0 0.75809 0.78374 24.066
4937.0 0.7647 0.78106 24.093
4938.0 0.79995 0.77947 22.002
4939.0 0.77388 0.77762 20.699
4940.0 0.76707 0.77608 0.0
4941.0 0.75868 0.77715 0.0
4942.0 0.77487 0.78176 0.0
4943.0 0.74687 0.78896 0.0
4944.0 0.74943 0.79609 0.0
4945.0 0.77125 0.8008 0.0
4946.0 0.77897 0.80267 0.0
4947.0 0.78925 0.80252 0.0
4948.0 0.82509 0.8023 0.0
4949.0 0.83885 0.803 0.0
4950.0 0.75415 0.80481 0.0
4951.0 0.79948 0.80661 0.0
4952.0 0.81923 0.80743 0.0
4953.0 0.76907 0.80681 0.0
4954.0 0.76713 0.80477 0.0
4955.0 0.87358 0.80127 0.0
4956.0 0.83642 0.7956 0.0
4957.0 0.8593 0.78745 0.0
4958.0 0.87853 0.77866 0.0
4959.0 0.90506 0.77243 0.0
4960.0 0.94482 0.77231 0.0
4961.0 0.99963 0.778 0.0
4962.0 1.04037 0.78673 0.0
4963.0 1.01652 0.7942 0.0
4964.0 0.90595 0.79797 0.0
4965.0 0.78615 0.79768 0.0
4966.0 0.75746 0.79449 0.0
4967.0 0.74778 0.7901 0.0
4968.0 0.79513 0.78605 0.0
4969.0 0.80523 0.78338 0.0
4970.0 0.77645 0.78248 0.0
4971.0 0.79718 0.78335 0.0
4972.0 0.81879 0.78574 0.0
4973.0 0.79477 0.78909 0.0
4974.0 0.73326 0.79279 0.0
4975.0 0.75968 0.79574 0.0
4976.0 0.77189 0.79741 0.0
4977.0 0.778 0.79723 0.0
4978.0 0.78163 0.79542 0.0
4979.0 0.76091 0.79203 0.0
4980.0 0.79681 0.78708 0.0
4981.0 0.75707 0.78028 0.0
4982.0 0.76584 0.77152 0.0
4983.0 0.7683 0.76167 0.0
4984.0 0.7487 0.75289 0.0
4985.0 0.73219 0.7479 0.0
4986.0 0.75167 0.74848 0.0
4987.0 0.79009 0.75401 0.0
4988.0 0.71804 0.76226 0.0
4989.0 0.71246 0.76982 0.0
4990.0 0.75317 0.77456 0.0
4991.0 0.7923 0.77557 0.0
4992.0 0.79469 0.77418 0.0
4993.0 0.78402 0.77216 0.0
4994.0 0.7913 0.77116 0.0
4995.0 0.79394 0.77157 0.0
4996.0 0.74167 0.77309 0.0
4997.0 0.80035 0.77472 0.0
4998.0 0.81349 0.77542 0.0
4999.0 0.80538 0.77388 0.0
5000.0 0.81137 0.76978 0.0
5001.0 0.819 0.76379 0.0
5002.0 0.81962 0.75791 0.0
5003.0 0.89311 0.75383 0.0
5004.0 0.89323 0.75175 0.0
5005.0 0.95212 0.75061 0.0
5006.0 1.09432 0.74906 0.0
5007.0 1.29661 0.74747 0.0
5008.0 1.50993 0.74715 0.0
5009.0 1.58862 0.74914 0.0
5010.0 1.38639 0.75281 0.0
5011.0 1.17527 0.75542 0.0
5012.0 0.9476 0.75475 0.0
5013.0 0.82961 0.74957 0.0
5014.0 0.78889 0.74153 0.0
5015.0 0.78663 0.73298 0.0
5016.0 0.76303 0.72633 0.0
5017.0 0.70149 0.72232 0.0
5018.0 0.70171 0.72051 0.0
5019.0 0.76373 0.72076 0.0
5020.0 0.77939 0.72329 0.0
5021.0 0.77029 0.72831 0.0
5022.0 0.78335 0.735 0.0
5023.0 0.80426 0.74171 0.0
5024.0 0.79566 0.74749 0.0
5025.0 0.7503 0.75227 0.0
5026.0 0.71069 0.75611 0.0
5027.0 0.75119 0.75889 0.0
5028.0 0.74316 0.76031 0.0
5029.0 0.75072 0.76079 26.846
5030.0 0.74211 0.76128 26.921
5031.0 0.70702 0.7626 25.704
5032.0 0.69551 0.76511 23.14
5033.0 0.75211 0.76817 18.544
5034.0 0.80515 0.77063 19.203
5035.0 0.80314 0.7707 22.105
5036.0 0.79403 0.76775 24.839
5037.0 0.77756 0.76198 26.073
5038.0 0.75471 0.75498 25.31
5039.0 0.74202 0.74748 22.893
5040.0 0.76118 0.73968 19.68
5041.0 0.7717 0.73213 20.89
5042.0 0.73478 0.72678 24.84
5043.0 0.75607 0.72654 26.795
5044.0 0.75935 0.7329 27.822
5045.0 0.74706 0.74399 26.949
5046.0 0.76347 0.75615 24.171
5047.0 0.79966 0.76504 20.478
5048.0 0.74519 0.76865 20.742
5049.0 0.75051 0.76655 22.66
5050.0 0.78051 0.76061 23.86
5051.0 0.76839 0.75303 25.261
5052.0 0.74467 0.74668 25.296
5053.0 0.75348 0.74393 23.646
5054.0 0.77829 0.74605 20.378
5055.0 0.76299 0.75195 19.124
5056.0 0.74956 0.75942 21.999
5057.0 0.75811 0.76571 24.649
5058.0 0.78451 0.77032 25.991
5059.0 0.80624 0.7735 25.349
5060.0 0.81175 0.77587 23.105
5061.0 0.80779 0.77743 20.397
5062.0 0.77829 0.7781 19.083
5063.0 0.81464 0.77733 21.356
5064.0 0.80957 0.77461 23.923
5065.0 0.77894 0.77004 25.458
5066.0 0.76935 0.76425 24.968
5067.0 0.77448 0.75912 22.748
5068.0 0.7421 0.75563 20.805
5069.0 0.74562 0.75425 19.481
5070.0 0.71512 0.75425 23.681
5071.0 0.7254 0.75468 25.78
5072.0 0.75416 0.75466 26.335
5073.0 0.75395 0.75388 25.672
5074.0 0.73107 0.75279 24.292
5075.0 0.74373 0.75219 21.352
5076.0 0.74044 0.75258 19.366
5077.0 0.7912 0.75317 20.831
5078.0 0.84917 0.75263 21.918
5079.0 0.81188 0.74968 24.329
5080.0 0.72001 0.74453 25.964
5081.0 0.67211 0.73883 26.134
5082.0 0.71673 0.73467 21.989
5083.0 0.71146 0.73364 21.193
5084.0 0.72884 0.73553 23.56
5085.0 0.73298 0.73958 25.978
5086.0 0.73358 0.74457 27.336
5087.0 0.74671 0.74963 26.413
5088.0 0.76432 0.75415 23.463
5089.0 0.75139 0.7578 20.753
5090.0 0.76612 0.76074 20.132
5091.0 0.76273 0.76327 21.064
5092.0 0.76898 0.76563 23.241
5093.0 0.72916 0.76792 25.204
5094.0 0.70463 0.76967 25.343
5095.0 0.74792 0.77006 22.468
5096.0 0.74438 0.76793 19.433
5097.0 0.68401 0.76294 22.423
5098.0 0.76859 0.75578 23.568
5099.0 0.74822 0.74842 26.849
5100.0 0.72116 0.74285 27.974
5101.0 0.75289 0.74061 23.544
5102.0 0.79596 0.74182 14.581
5103.0 0.74064 0.74525 13.581
5104.0 0.71352 0.74905 15.762
5105.0 0.75087 0.75123 22.827
5106.0 0.76614 0.75098 25.404
5107.0 0.74122 0.74839 25.199
5108.0 0.71623 0.74454 23.825
5109.0 0.73519 0.74074 20.731
5110.0 0.69042 0.73818 20.235
5111.0 0.6992 0.73771 23.501
5112.0 0.70732 0.73974 26.15
5113.0 0.69416 0.74381 28.138
5114.0 0.71315 0.74916 27.538
5115.0 0.76852 0.7545 23.892
5116.0 0.74452 0.75913 20.631
5117.0 0.78056 0.76279 20.263
5118.0 0.76349 0.76535 23.438
5119.0 0.74431 0.76667 26.451
5120.0 0.74035 0.76616 27.173
5121.0 0.73132 0.7636 25.324
5122.0 0.70284 0.75897 22.403
5123.0 0.73258 0.75299 18.802
5124.0 0.75136 0.74631 21.129
5125.0 0.71992 0.74005 24.809
5126.0 0.69036 0.73472 27.385
5127.0 0.72028 0.73074 26.928
5128.0 0.77296 0.72798 23.603
5129.0 0.71984 0.72637 21.144
5130.0 0.68158 0.72618 21.365
5131.0 0.73685 0.72774 23.319
5132.0 0.74118 0.73088 26.654
5133.0 0.68932 0.73499 28.729
5134.0 0.68471 0.73927 27.854
5135.0 0.78479 0.74293 22.436
5136.0 0.6798 0.74546 20.991
5137.0 0.69319 0.7461 24.384
5138.0 0.72353 0.74468 26.83
5139.0 0.73309 0.74164 28.444
5140.0 0.69428 0.73814 27.833
5141.0 0.67574 0.73535 25.002
5142.0 0.77412 0.73362 19.3
5143.0 0.70442 0.73266 21.712
5144.0 0.67058 0.73199 26.997
5145.0 0.68192 0.73128 29.647
5146.0 0.6971 0.73056 29.498
5147.0 0.71393 0.72982 26.498
5148.0 0.74381 0.72924 21.84
5149.0 0.71431 0.72909 19.827
5150.0 0.74044 0.72903 22.431
5151.0 0.71143 0.72834 26.676
5152.0 0.69406 0.72639 29.054
5153.0 0.66761 0.72325 28.953
5154.0 0.63484 0.72058 27.553
5155.0 0.70306 0.72016 21.509
5156.0 0.69514 0.72346 23.829
5157.0 0.72623 0.73012 26.502
5158.0 0.72259 0.73864 28.742
5159.0 0.73487 0.74655 28.194
5160.0 0.77508 0.75196 24.883
5161.0 0.7866 0.75405 21.085
5162.0 0.78559 0.75294 20.532
5163.0 0.7345 0.74914 24.737
5164.0 0.71903 0.74254 27.792
5165.0 0.71715 0.73203 28.708
5166.0 0.71171 0.7165 27.048
5167.0 0.70237 0.69711 23.658
5168.0 0.69551 0.6772 21.168
5169.0 0.67764 0.66226 25.429
5170.0 0.67075 0.6553 28.96
5171.0 0.66946 0.65524 30.434
5172.0 0.66944 0.65886 29.076
5173.0 0.66455 0.66288 26.108
5174.0 0.64418 0.66818 23.226
5175.0 0.67073 0.67713 25.699
5176.0 0.68458 0.69033 28.226
5177.0 0.69262 0.70613 29.306
5178.0 0.69465 0.72039 28.073
5179.0 0.7007 0.73015 25.307
5180.0 0.73347 0.734 21.232
5181.0 0.73811 0.73127 22.864
5182.0 0.70915 0.72242 26.921
5183.0 0.67621 0.70881 29.439
5184.0 0.63599 0.6943 29.518
5185.0 0.60808 0.6839 27.441
5186.0 0.63192 0.68134 23.419
5187.0 0.6397 0.68712 24.613
5188.0 0.63032 0.69745 28.585
5189.0 0.67723 0.70803 29.444
5190.0 0.72 0.71552 27.806
5191.0 0.71489 0.71892 24.213
5192.0 0.67605 0.71865 21.645
5193.0 0.70815 0.7161 21.157
5194.0 0.69012 0.71268 25.684
5195.0 0.7015 0.71014 27.825
5196.0 0.70743 0.70919 27.997
5197.0 0.70237 0.70995 25.762
5198.0 0.71486 0.71241 21.497
5199.0 0.7697 0.7165 19.069
5200.0 0.83653 0.72179 21.656
5201.0 0.81176 0.72701 25.623
5202.0 0.79907 0.73016 26.501
5203.0 0.78742 0.72957 24.158
5204.0 0.71637 0.72444 21.455
5205.0 0.70136 0.71585 19.548
5206.0 0.66195 0.70588 24.615
5207.0 0.64644 0.69732 28.866
5208.0 0.66943 0.69196 29.504
5209.0 0.68854 0.69033 26.519
5210.0 0.66444 0.69223 22.119
5211.0 0.68946 0.69712 14.671
5212.0 0.70097 0.70478 16.853
5213.0 0.70392 0.71404 18.269
5214.0 0.70928 0.72294 18.717
5215.0 0.70889 0.7289 18.287
5216.0 0.70223 0.7305 22.779
5217.0 0.76286 0.72897 19.946
5218.0 0.72459 0.72696 24.185
5219.0 0.71546 0.72754 26.869
5220.0 0.73047 0.73132 27.317
5221.0 0.72236 0.737 25.34
5222.0 0.67223 0.74167 23.487
5223.0 0.75411 0.7426 20.372
5224.0 0.78712 0.73813 22.806
5225.0 0.76125 0.72811 25.995
5226.0 0.70275 0.71447 26.443
5227.0 0.64459 0.70149 23.163
5228.0 0.63096 0.69314 16.779
5229.0 0.76327 0.69262 13.1
5230.0 0.75332 0.69889 17.859
5231.0 0.7581 0.7082 22.062
5232.0 0.75551 0.71591 23.992
5233.0 0.74054 0.7188 23.261
5234.0 0.73494 0.71735 20.626
5235.0 0.72284 0.7144 19.635
5236.0 0.72449 0.71362 23.221
5237.0 0.75735 0.7167 25.707
5238.0 0.76979 0.72321 26.061
5239.0 0.74768 0.73079 24.549
5240.0 0.72478 0.73739 21.72
5241.0 0.67099 0.74202 24.097
5242.0 0.68549 0.7448 27.252
5243.0 0.70546 0.74638 28.651
5244.0 0.72477 0.74719 27.111
5245.0 0.74608 0.74706 23.35
5246.0 0.76396 0.74522 20.046
5247.0 0.70956 0.74128 23.506
5248.0 0.70344 0.73542 27.132
5249.0 0.70512 0.72897 28.446
5250.0 0.70725 0.72342 26.711
5251.0 0.71652 0.71975 23.263
5252.0 0.74447 0.71819 19.157
5253.0 0.71808 0.71824 23.302
5254.0 0.72356 0.71914 26.63
5255.0 0.74233 0.72034 27.916
5256.0 0.74376 0.72224 26.303
5257.0 0.71689 0.72542 23.385
5258.0 0.7303 0.73025 21.093
5259.0 0.71177 0.73555 25.379
5260.0 0.72588 0.73894 28.401
5261.0 0.72855 0.73806 28.877
5262.0 0.73125 0.73166 26.127
5263.0 0.76878 0.72055 20.276
5264.0 0.69247 0.70696 21.654
5265.0 0.67992 0.69393 26.434
5266.0 0.69035 0.68406 29.433
5267.0 0.70894 0.67845 28.667
5268.0 0.7252 0.67605 24.587
5269.0 0.72966 0.67502 20.593
5270.0 0.69446 0.67388 24.311
5271.0 0.70399 0.67345 27.672
5272.0 0.72279 0.67559 29.173
5273.0 0.73763 0.68074 27.289
5274.0 0.73594 0.68794 23.027
5275.0 0.68656 0.69475 20.374
5276.0 0.70433 0.7004 23.71
5277.0 0.72788 0.70604 26.677
5278.0 0.74678 0.71261 27.139
5279.0 0.75976 0.72006 24.55
5280.0 0.76963 0.72597 20.489
5281.0 0.76962 0.72832 20.901
5282.0 0.71594 0.72653 26.008
5283.0 0.67954 0.72205 29.234
5284.0 0.69407 0.7178 28.429
5285.0 0.738 0.7166 24.071
5286.0 0.72916 0.71983 20.251
5287.0 0.74911 0.7269 22.923
5288.0 0.80711 0.73554 24.559
5289.0 0.81208 0.74312 25.722
5290.0 0.78992 0.7483 24.435
5291.0 0.79492 0.75102 21.374
5292.0 0.80289 0.75187 19.595
5293.0 0.81952 0.75146 21.839
5294.0 0.74345 0.74971 26.273
5295.0 0.69524 0.74641 27.638
5296.0 0.7124 0.74132 25.124
5297.0 0.72704 0.73444 21.26
5298.0 0.69091 0.72683 23.893
5299.0 0.70784 0.72035 26.268
5300.0 0.71469 0.7166 28.012
5301.0 0.69948 0.71646 26.883
5302.0 0.67645 0.71913 23.857
5303.0 0.68463 0.72333 20.871
5304.0 0.70684 0.72819 23.247
5305.0 0.71533 0.73275 25.86
5306.0 0.74918 0.73648 25.77
5307.0 0.78901 0.73883 22.836
5308.0 0.7755 0.73966 19.672
5309.0 0.77492 0.74006 20.788
5310.0 0.77589 0.74095 23.923
5311.0 0.75373 0.74274 26.509
5312.0 0.74367 0.7447 25.989
5313.0 0.76137 0.74536 22.425
5314.0 0.7311 0.74373 20.649
5315.0 0.7804 0.73961 23.343
5316.0 0.76261 0.73383 26.682
5317.0 0.74758 0.72818 26.993
5318.0 0.73016 0.72462 24.207
5319.0 0.65005 0.7244 22.005
5320.0 0.75495 0.72715 21.301
5321.0 0.74798 0.73075 25.385
5322.0 0.71363 0.73283 28.089
5323.0 0.71872 0.73155 26.851
5324.0 0.77213 0.72692 21.516
5325.0 0.71981 0.72001 20.442
5326.0 0.7061 0.71203 23.321
5327.0 0.70699 0.70381 25.319
5328.0 0.6923 0.6957 25.367
5329.0 0.66828 0.68932 24.07
5330.0 0.68287 0.68652 21.282
5331.0 0.71595 0.68885 24.242
5332.0 0.70119 0.69589 28.052
5333.0 0.67688 0.70481 29.258
5334.0 0.67737 0.71295 26.718
5335.0 0.72025 0.71862 22.071
5336.0 0.75182 0.72164 20.888
5337.0 0.67638 0.72275 14.775
5338.0 0.50661 0.72219 4.348
5339.0 0.44489 0.72004 1.673
5340.0 0.61065 0.71657 0.78
5341.0 0.88345 0.71286 1.678
5342.0 0.76158 0.71035 3.876
5343.0 0.68856 0.71033 7.701
5344.0 0.69269 0.71279 14.721
5345.0 0.72852 0.71616 19.435
5346.0 0.71035 0.71873 21.639
5347.0 0.73993 0.71938 23.346
5348.0 0.71501 0.71858 28.448
5349.0 0.68971 0.71755 30.598
5350.0 0.6855 0.71753 28.379
5351.0 0.70595 0.71915 23.2
5352.0 0.7385 0.72241 22.004
5353.0 0.7128 0.72654 26.669
5354.0 0.71809 0.73072 28.734
5355.0 0.73112 0.73459 26.91
5356.0 0.73081 0.73786 22.46
5357.0 0.74439 0.74074 19.862
5358.0 0.74141 0.74305 23.925
5359.0 0.74521 0.74432 27.089
5360.0 0.73424 0.74409 27.335
5361.0 0.70821 0.74192 24.913
5362.0 0.69155 0.73765 21.765
5363.0 0.66628 0.73185 25.473
5364.0 0.70329 0.72557 27.954
5365.0 0.71231 0.72017 28.631
5366.0 0.70007 0.71654 26.139
5367.0 0.71814 0.71453 21.237
5368.0 0.70667 0.71319 23.212
5369.0 0.6959 0.7111 27.678
5370.0 0.683 0.70739 29.644
5371.0 0.68773 0.70224 27.333
5372.0 0.7106 0.6976 22.133
5373.0 0.6437 0.69586 23.097
5374.0 0.6843 0.69897 26.048
5375.0 0.70469 0.70633 28.622
5376.0 0.69809 0.71558 27.871
5377.0 0.68592 0.72379 24.837
5378.0 0.71073 0.72877 21.671
5379.0 0.75513 0.73038 24.7
5380.0 0.76808 0.72924 27.095
5381.0 0.74721 0.72652 26.468
5382.0 0.7114 0.72334 23.251
5383.0 0.70248 0.72067 19.387
5384.0 0.69596 0.71933 23.767
5385.0 0.67865 0.71975 28.503
5386.0 0.65203 0.72168 29.944
5387.0 0.64229 0.72415 27.573
5388.0 0.69165 0.72591 21.819
5389.0 0.72571 0.72605 23.642
5390.0 0.71041 0.72423 27.605
5391.0 0.72897 0.72096 27.747
5392.0 0.74206 0.71707 24.203
5393.0 0.6671 0.71319 22.583
5394.0 0.73818 0.70962 22.969
5395.0 0.69213 0.70607 28.961
5396.0 0.70308 0.70199 29.333
5397.0 0.72103 0.69767 25.312
5398.0 0.65353 0.69382 22.958
5399.0 0.72112 0.69212 22.554
5400.0 0.68509 0.69357 28.005
5401.0 0.6787 0.69729 29.361
5402.0 0.69949 0.70154 25.93
5403.0 0.7156 0.70361 19.974
5404.0 0.73505 0.70186 19.403
5405.0 0.70362 0.69646 25.294
5406.0 0.67415 0.68931 29.111
5407.0 0.64866 0.68277 28.536
5408.0 0.63107 0.67873 24.164
5409.0 0.67165 0.67722 21.215
5410.0 0.67811 0.67687 25.671
5411.0 0.65913 0.6769 29.457
5412.0 0.65948 0.67715 28.77
5413.0 0.69479 0.67872 23.52
5414.0 0.68049 0.68231 20.524
5415.0 0.68844 0.68772 25.131
5416.0 0.70434 0.69432 28.529
5417.0 0.70314 0.70102 27.974
5418.0 0.68429 0.70694 24.485
5419.0 0.71246 0.71148 21.267
5420.0 0.69427 0.7139 25.86
5421.0 0.68723 0.7145 28.758
5422.0 0.69411 0.71385 27.347
5423.0 0.70628 0.71231 22.519
5424.0 0.70128 0.71048 19.948
5425.0 0.73853 0.70864 23.95
5426.0 0.71327 0.70757 27.684
5427.0 0.68952 0.70778 27.369
5428.0 0.71846 0.70813 23.186
5429.0 0.7958 0.70751 19.227
5430.0 0.71961 0.7049 22.34
5431.0 0.7254 0.70061 25.214
5432.0 0.75531 0.69654 24.572
5433.0 0.74763 0.69348 21.11
5434.0 0.67995 0.69168 20.606
5435.0 0.70873 0.69082 24.871
5436.0 0.69855 0.69103 28.302
5437.0 0.6854 0.69352 27.322
5438.0 0.69671 0.6988 22.44
5439.0 0.70614 0.70639 19.247
5440.0 0.70959 0.71448 22.375
5441.0 0.72549 0.72111 23.95
5442.0 0.74652 0.72527 22.235
5443.0 0.7541 0.72618 18.448
5444.0 0.70207 0.72406 17.6
5445.0 0.72072 0.71885 21.162
5446.0 0.68654 0.7112 23.966
5447.0 0.66936 0.70291 22.9
5448.0 0.71602 0.69641 18.214
5449.0 0.72675 0.69426 17.988
5450.0 0.69113 0.69682 23.532
5451.0 0.67062 0.70264 26.636
5452.0 0.66119 0.70884 25.406
5453.0 0.65862 0.71226 21.206
5454.0 0.70504 0.71176 19.449
5455.0 0.715 0.70765 22.998
5456.0 0.69467 0.70213 25.271
5457.0 0.68259 0.69825 23.978
5458.0 0.70763 0.69815 20.35
5459.0 0.69924 0.70178 22.286
5460.0 0.71698 0.70744 24.108
5461.0 0.70811 0.71186 24.375
5462.0 0.70229 0.71317 21.51
5463.0 0.7395 0.71124 18.307
5464.0 0.70773 0.70795 22.752
5465.0 0.67698 0.70539 27.451
5466.0 0.68157 0.70475 28.178
5467.0 0.69706 0.7062 24.552
5468.0 0.67848 0.70877 21.072
5469.0 0.74328 0.71146 22.832
5470.0 0.73375 0.71328 26.372
5471.0 0.72501 0.71388 26.321
5472.0 0.72275 0.71318 22.451
5473.0 0.68469 0.71122 19.088
5474.0 0.65777 0.70813 22.927
5475.0 0.6738 0.70404 25.908
5476.0 0.70448 0.69895 25.565
5477.0 0.72248 0.69376 22.265
5478.0 0.69639 0.68983 20.475
5479.0 0.63106 0.6884 26.785
5480.0 0.63809 0.68993 29.73
5481.0 0.6641 0.69312 28.128
5482.0 0.66395 0.69663 23.526
5483.0 0.6171 0.69953 22.517
5484.0 0.64762 0.70181 25.965
5485.0 0.68001 0.70428 27.858
5486.0 0.69647 0.70661 25.766
5487.0 0.68971 0.70819 21.784
5488.0 0.66408 0.70842 22.355
5489.0 0.70937 0.70749 25.65
5490.0 0.70678 0.70645 27.777
5491.0 0.6851 0.706 26.0
5492.0 0.70455 0.70653 20.848
5493.0 0.71409 0.70754 20.814
5494.0 0.70968 0.70844 24.169
5495.0 0.69402 0.70891 25.265
5496.0 0.67707 0.70853 23.235
5497.0 0.67429 0.70729 20.157
5498.0 0.65432 0.70555 25.102
5499.0 0.68767 0.70369 27.655
5500.0 0.72126 0.70216 26.617
5501.0 0.71389 0.70079 22.637
5502.0 0.62888 0.69908 22.182
5503.0 0.63587 0.69733 27.51
5504.0 0.6466 0.69561 30.109
5505.0 0.6431 0.69421 27.888
5506.0 0.62794 0.69321 22.72
5507.0 0.6596 0.69181 20.688
5508.0 0.67994 0.69055 24.217
5509.0 0.6926 0.69006 26.213
5510.0 0.69998 0.6907 24.272
5511.0 0.70325 0.69242 19.75
5512.0 0.68591 0.69374 22.326
5513.0 0.68867 0.69399 26.428
5514.0 0.68215 0.69338 27.128
5515.0 0.66531 0.69291 23.828
5516.0 0.65523 0.69371 18.956
5517.0 0.64041 0.69613 23.97
5518.0 0.6521 0.69988 27.677
5519.0 0.66764 0.70427 26.939
5520.0 0.67976 0.70842 22.472
5521.0 0.71253 0.71157 19.959
5522.0 0.67507 0.71333 23.243
5523.0 0.69639 0.71343 24.101
5524.0 0.71741 0.71194 21.436
5525.0 0.67586 0.70887 18.291
5526.0 0.67268 0.70435 19.702
5527.0 0.7064 0.69867 22.658
5528.0 0.68077 0.69286 23.773
5529.0 0.63253 0.68836 21.829
5530.0 0.67128 0.68647 17.358
5531.0 0.6686 0.68771 21.893
5532.0 0.65986 0.69089 25.837
5533.0 0.66195 0.69427 25.591
5534.0 0.6754 0.69626 21.718
5535.0 0.66892 0.69645 21.279
5536.0 0.70787 0.69583 23.496
5537.0 0.70418 0.6957 23.931
5538.0 0.68367 0.69689 20.867
5539.0 0.68352 0.69919 17.012
5540.0 0.6866 0.70201 19.602
5541.0 0.70803 0.70459 23.006
5542.0 0.69307 0.70621 23.515
5543.0 0.66129 0.70656 20.594
5544.0 0.68722 0.70575 17.15
5545.0 0.67528 0.70425 21.597
5546.0 0.66126 0.70309 25.969
5547.0 0.66185 0.70303 25.708
5548.0 0.67857 0.70434 20.742
5549.0 0.66924 0.70669 21.165
5550.0 0.64862 0.70926 25.572
5551.0 0.6832 0.7114 25.783
5552.0 0.73031 0.71257 21.534
5553.0 0.71828 0.71248 16.869
5554.0 0.71306 0.71135 20.213
5555.0 0.69322 0.70972 24.19
5556.0 0.6875 0.70832 24.324
5557.0 0.70161 0.70759 20.882
5558.0 0.7115 0.70754 18.771
5559.0 0.68555 0.70788 23.195
5560.0 0.68663 0.70798 25.266
5561.0 0.69471 0.70749 23.056
5562.0 0.68332 0.70618 19.071
5563.0 0.66135 0.70414 21.178
5564.0 0.67937 0.70181 23.652
5565.0 0.67779 0.69953 23.767
5566.0 0.66466 0.69761 21.073
5567.0 0.70656 0.69613 17.929
5568.0 0.69584 0.69484 22.337
5569.0 0.66098 0.69363 25.61
5570.0 0.63281 0.6925 24.488
5571.0 0.6349 0.69145 20.301
5572.0 0.66094 0.69057 20.15
5573.0 0.68488 0.68993 22.584
5574.0 0.69642 0.6897 22.93
5575.0 0.69903 0.69011 20.192
5576.0 0.70549 0.69107 17.458
5577.0 0.7295 0.69243 20.52
5578.0 0.72416 0.69409 22.929
5579.0 0.69491 0.69586 21.88
5580.0 0.66279 0.69769 19.653
5581.0 0.72425 0.69939 19.376
5582.0 0.62486 0.70063 25.045
5583.0 0.62874 0.70105 25.377
5584.0 0.69907 0.70035 20.616
5585.0 0.64098 0.69821 18.313
5586.0 0.67869 0.6941 22.524
5587.0 0.68979 0.68782 24.89
5588.0 0.68438 0.68036 23.076
5589.0 0.67592 0.67321 18.995
5590.0 0.68401 0.66811 19.917
5591.0 0.66695 0.66622 24.734
5592.0 0.65746 0.66711 25.387
5593.0 0.66553 0.66981 21.341
5594.0 0.69331 0.67324 17.102
5595.0 0.68687 0.67705 21.29
5596.0 0.69974 0.68096 23.521
5597.0 0.68935 0.68462 21.811
5598.0 0.63709 0.68726 18.484
5599.0 0.67184 0.68814 18.988
5600.0 0.7208 0.68734 22.251
5601.0 0.71625 0.68527 22.872
5602.0 0.67651 0.68286 20.343
5603.0 0.69117 0.68156 17.671
5604.0 0.7058 0.68226 21.692
5605.0 0.70721 0.68542 24.892
5606.0 0.71478 0.69082 23.697
5607.0 0.74313 0.69717 18.971
5608.0 0.73949 0.70301 21.641
5609.0 0.69252 0.70735 25.444
5610.0 0.66928 0.70987 25.206
5611.0 0.67801 0.71095 21.168
5612.0 0.66342 0.71075 19.657
5613.0 0.68893 0.70896 24.047
5614.0 0.71502 0.70498 25.483
5615.0 0.70322 0.69886 22.406
5616.0 0.61756 0.69158 18.631
5617.0 0.60971 0.68548 22.13
5618.0 0.63035 0.68248 25.354
5619.0 0.66951 0.68291 24.195
5620.0 0.71244 0.68605 19.706
5621.0 0.71733 0.69003 20.147
5622.0 0.70043 0.69317 25.277
5623.0 0.68721 0.69455 27.044
5624.0 0.68511 0.6939 24.19
5625.0 0.69769 0.6918 19.824
5626.0 0.71381 0.6895 24.232
5627.0 0.69672 0.6883 27.367
5628.0 0.69275 0.68914 25.598
5629.0 0.73243 0.69172 20.862
5630.0 0.71438 0.69507 24.113
5631.0 0.67336 0.69802 29.085
5632.0 0.64978 0.69958 29.214
5633.0 0.6642 0.69949 24.707
5634.0 0.73457 0.69808 21.988
5635.0 0.72278 0.69611 26.634
5636.0 0.70934 0.69408 25.538
5637.0 0.69259 0.69226 19.16
5638.0 0.65525 0.69072 10.883
5639.0 0.60088 0.68933 9.355
5640.0 0.61948 0.68804 11.6
5641.0 0.64429 0.68699 12.757
5642.0 0.63428 0.6865 16.598
5643.0 0.63859 0.68671 17.946
5644.0 0.61859 0.68748 15.281
5645.0 0.58625 0.68867 13.88
5646.0 0.56212 0.69003 11.412
5647.0 0.59409 0.69122 13.652
5648.0 0.66558 0.69212 21.189
5649.0 0.69286 0.69265 25.032
5650.0 0.67838 0.69276 23.763
5651.0 0.64101 0.69266 23.954
5652.0 0.66659 0.69245 28.019
5653.0 0.69979 0.69205 31.465
5654.0 0.718 0.69121 29.215
5655.0 0.70798 0.68937 23.414
5656.0 0.6901 0.68622 26.08
5657.0 0.67865 0.68172 32.487
5658.0 0.66912 0.67631 33.347
5659.0 0.66528 0.6713 28.688
5660.0 0.68426 0.66801 26.441
5661.0 0.66889 0.667 32.408
5662.0 0.65226 0.66814 33.97
5663.0 0.64814 0.67064 29.146
5664.0 0.67056 0.67367 23.566
5665.0 0.65464 0.67686 30.478
5666.0 0.65992 0.67976 31.598
5667.0 0.66875 0.68187 27.144
5668.0 0.66429 0.68305 21.309
5669.0 0.64853 0.68339 24.933
5670.0 0.64892 0.68354 31.976
5671.0 0.65268 0.6843 32.737
5672.0 0.65353 0.68598 26.923
5673.0 0.6504 0.68825 27.388
5674.0 0.63834 0.69059 34.029
5675.0 0.67627 0.69245 34.506
5676.0 0.73688 0.69355 28.362
5677.0 0.71955 0.694 25.673
5678.0 0.71925 0.69387 30.082
5679.0 0.70194 0.69316 30.738
5680.0 0.68657 0.69184 25.811
5681.0 0.70231 0.68975 20.931
5682.0 0.69038 0.68688 28.173
5683.0 0.68669 0.68354 33.508
5684.0 0.69107 0.68029 32.188
5685.0 0.70259 0.67785 26.003
5686.0 0.71521 0.67654 28.178
5687.0 0.72782 0.6761 31.936
5688.0 0.72653 0.67617 30.686
5689.0 0.71166 0.6765 26.01
5690.0 0.71621 0.67717 27.226
5691.0 0.73983 0.67855 31.747
5692.0 0.73903 0.68069 32.001
5693.0 0.71624 0.68339 27.211
5694.0 0.70795 0.68622 25.222
5695.0 0.70479 0.68871 31.904
5696.0 0.73261 0.69046 33.85
5697.0 0.76839 0.69121 29.078
5698.0 0.77003 0.69066 23.819
5699.0 0.75648 0.68868 28.456
5700.0 0.73398 0.68557 31.409
5701.0 0.71507 0.68183 28.606
5702.0 0.71216 0.67826 24.222
5703.0 0.72558 0.67554 29.864
5704.0 0.72084 0.67393 34.452
5705.0 0.71505 0.67309 32.274
5706.0 0.71538 0.67221 25.638
5707.0 0.68429 0.67066 29.957
5708.0 0.67453 0.66806 35.648
5709.0 0.67214 0.6646 34.683
5710.0 0.66595 0.66109 28.252
5711.0 0.62939 0.65859 30.126
5712.0 0.6411 0.65799 36.173
5713.0 0.67508 0.65985 36.07
5714.0 0.7123 0.66391 29.447
5715.0 0.71655 0.66926 27.221
5716.0 0.69675 0.67473 33.502
5717.0 0.67144 0.67941 35.692
5718.0 0.65624 0.68297 31.402
5719.0 0.67652 0.68554 25.96
5720.0 0.69624 0.68758 31.799
5721.0 0.67226 0.68939 34.459
5722.0 0.65347 0.69097 30.369
5723.0 0.71001 0.69223 23.698
5724.0 0.71308 0.69294 30.09
5725.0 0.70792 0.69293 34.273
5726.0 0.71091 0.69209 31.631
5727.0 0.73497 0.69054 25.306
5728.0 0.71654 0.68875 30.909
5729.0 0.71213 0.68725 35.78
5730.0 0.72522 0.68638 33.341
5731.0 0.75339 0.68606 26.169
5732.0 0.7372 0.68603 31.643
5733.0 0.69908 0.68627 37.577
5734.0 0.6735 0.6868 36.048
5735.0 0.67892 0.68769 29.09
5736.0 0.72315 0.68881 28.891
5737.0 0.73678 0.68979 34.368
5738.0 0.72793 0.69035 34.127
5739.0 0.70141 0.69041 29.307
5740.0 0.66618 0.69018 31.058
5741.0 0.65189 0.68985 35.9
5742.0 0.65458 0.68945 34.535
5743.0 0.6676 0.68906 27.018
5744.0 0.67111 0.68875 27.301
5745.0 0.65901 0.68854 35.736
5746.0 0.66708 0.6883 37.533
5747.0 0.68237 0.68779 31.718
5748.0 0.65219 0.68694 28.973
5749.0 0.6739 0.68596 35.751
5750.0 0.69466 0.68517 37.447
5751.0 0.70414 0.68448 31.956
5752.0 0.69601 0.6834 29.126
5753.0 0.71511 0.68163 35.816
5754.0 0.72245 0.67934 37.194
5755.0 0.72497 0.67747 30.997
5756.0 0.74075 0.67709 26.481
5757.0 0.73004 0.67861 33.514
5758.0 0.71389 0.68141 36.59
5759.0 0.69769 0.6842 32.276
5760.0 0.68723 0.68571 27.027
5761.0 0.6483 0.68544 34.93
5762.0 0.6461 0.68373 38.842
5763.0 0.65765 0.68171 34.706
5764.0 0.65277 0.68062 28.169
5765.0 0.6443 0.6811 35.745
5766.0 0.65604 0.68304 39.431
5767.0 0.67536 0.68567 34.824
5768.0 0.68878 0.68805 26.977
5769.0 0.69733 0.68957 33.967
5770.0 0.68637 0.69003 38.671
5771.0 0.65889 0.68951 35.629
5772.0 0.61952 0.68827 30.108
5773.0 0.66049 0.6865 35.638
5774.0 0.6453 0.68446 40.916
5775.0 0.63971 0.68244 37.477
5776.0 0.69505 0.68067 27.979
5777.0 0.68768 0.67916 34.818
5778.0 0.68527 0.67743 40.027
5779.0 0.68055 0.67472 36.928
5780.0 0.66848 0.67072 30.104
5781.0 0.66478 0.66585 36.055
5782.0 0.64674 0.66122 41.887
5783.0 0.63959 0.65809 38.747
5784.0 0.65961 0.6571 29.96
5785.0 0.65975 0.65803 36.108
5786.0 0.64335 0.66028 41.421
5787.0 0.62869 0.66324 38.05
5788.0 0.6283 0.66649 30.008
5789.0 0.6364 0.66952 35.381
5790.0 0.65696 0.67193 40.105
5791.0 0.66413 0.67353 36.734
5792.0 0.6437 0.67442 29.745
5793.0 0.66806 0.67505 34.311
5794.0 0.66289 0.67586 39.282
5795.0 0.65158 0.67689 36.022
5796.0 0.65075 0.67784 28.32
5797.0 0.67278 0.67829 33.299
5798.0 0.67688 0.67816 38.1
5799.0 0.65959 0.67795 35.138
5800.0 0.62201 0.67816 29.012
5801.0 0.65778 0.6789 34.017
5802.0 0.68451 0.67998 38.625
5803.0 0.6858 0.68098 35.325
5804.0 0.65154 0.68138 28.928
5805.0 0.66312 0.68106 34.728
5806.0 0.69042 0.68043 38.261
5807.0 0.69134 0.67988 33.957
5808.0 0.63357 0.67963 27.532
5809.0 0.63437 0.67974 33.529
5810.0 0.64011 0.68014 38.05
5811.0 0.64478 0.68063 34.509
5812.0 0.64362 0.68105 27.881
5813.0 0.69802 0.6813 34.039
5814.0 0.70664 0.68135 38.766
5815.0 0.69505 0.68114 35.332
5816.0 0.68859 0.68078 28.522
5817.0 0.69724 0.68061 35.581
5818.0 0.69545 0.68111 39.183
5819.0 0.68848 0.68235 34.28
5820.0 0.68254 0.68409 27.011
5821.0 0.66513 0.68588 33.963
5822.0 0.66962 0.68732 37.292
5823.0 0.69264 0.68816 32.624
5824.0 0.72948 0.68849 27.475
5825.0 0.72259 0.68852 35.155
5826.0 0.72531 0.68837 37.644
5827.0 0.73175 0.68808 31.958
5828.0 0.72755 0.68755 27.785
5829.0 0.68069 0.68675 37.318
5830.0 0.66648 0.68583 40.302
5831.0 0.67419 0.68511 34.443
5832.0 0.67033 0.68486 32.687
5833.0 0.69182 0.68495 36.06
5834.0 0.69428 0.68501 32.813
5835.0 0.68568 0.68488 23.264
5836.0 0.70088 0.68463 21.648
5837.0 0.69919 0.68443 34.784
5838.0 0.68002 0.68446 40.369
5839.0 0.65594 0.68476 34.54
5840.0 0.67127 0.68524 33.684
5841.0 0.68443 0.68575 40.944
5842.0 0.67547 0.68611 41.135
5843.0 0.65342 0.6862 34.838
5844.0 0.6861 0.6859 35.324
5845.0 0.68509 0.68505 42.573
5846.0 0.68829 0.68357 40.96
5847.0 0.70354 0.68168 31.978
5848.0 0.69261 0.67977 35.528
5849.0 0.67447 0.67815 43.225
5850.0 0.65824 0.67685 41.653
5851.0 0.65021 0.6757 33.852
5852.0 0.67456 0.67423 37.832
5853.0 0.66776 0.67212 44.171
5854.0 0.65736 0.66948 40.834
5855.0 0.66096 0.66682 32.454
5856.0 0.65704 0.66436 41.387
5857.0 0.64242 0.662 47.19
5858.0 0.63782 0.65982 42.235
5859.0 0.66425 0.65831 33.261
5860.0 0.67422 0.65796 41.707
5861.0 0.6488 0.65896 46.754
5862.0 0.61688 0.66123 41.854
5863.0 0.6211 0.66412 35.289
5864.0 0.64066 0.66684 42.173
5865.0 0.64647 0.66879 44.59
5866.0 0.64293 0.66962 0.0
5867.0 0.64422 0.66961 0.0
5868.0 0.63341 0.66933 0.0
5869.0 0.64342 0.66928 0.0
5870.0 0.67343 0.66974 0.0
5871.0 0.70357 0.67038 0.0
5872.0 0.72771 0.67034 0.0
5873.0 0.73088 0.66882 0.0
5874.0 0.72108 0.66553 0.0
5875.0 0.77757 0.66098 0.0
5876.0 0.81934 0.65635 0.0
5877.0 0.82213 0.6531 0.0
5878.0 0.77867 0.65212 0.0
5879.0 0.77159 0.65324 0.0
5880.0 0.77912 0.65559 0.0
5881.0 0.77302 0.6581 0.0
5882.0 0.73107 0.65971 0.0
5883.0 0.71677 0.65989 0.0
5884.0 0.7179 0.65858 0.0
5885.0 0.71345 0.65589 0.0
5886.0 0.6745 0.65163 0.0
5887.0 0.63262 0.64463 0.0
5888.0 0.58986 0.63325 0.0
5889.0 0.55381 0.61712 0.0
5890.0 0.54268 0.59858 0.0
5891.0 0.54402 0.58266 0.0
5892.0 0.56104 0.57353 0.0
5893.0 0.59096 0.57172 0.0
5894.0 0.61892 0.57415 0.0
5895.0 0.61643 0.57673 0.0
5896.0 0.60302 0.57715 0.0
5897.0 0.58788 0.57711 0.0
5898.0 0.59683 0.58019 0.0
5899.0 0.61155 0.58824 0.0
5900.0 0.63282 0.60058 0.0
5901.0 0.66163 0.61481 0.0
5902.0 0.69477 0.62823 0.0
5903.0 0.70674 0.63886 0.0
5904.0 0.70436 0.64641 0.0
5905.0 0.69486 0.65149 0.0
5906.0 0.69594 0.65468 0.0
5907.0 0.70548 0.65655 0.0
5908.0 0.71262 0.65775 0.0
5909.0 0.68889 0.65866 0.0
5910.0 0.68308 0.65935 0.0
5911.0 0.68891 0.65969 0.0
5912.0 0.70016 0.65944 0.0
5913.0 0.68771 0.65828 0.0
5914.0 0.675 0.65617 0.0
5915.0 0.66589 0.6536 0.0
5916.0 0.66236 0.65131 0.0
5917.0 0.66206 0.64996 38.619
5918.0 0.6665 0.64998 43.274
5919.0 0.67323 0.6514 37.549
5920.0 0.68014 0.65355 29.957
5921.0 0.68705 0.6557 36.754
5922.0 0.68348 0.6573 38.908
5923.0 0.67181 0.65824 32.53
5924.0 0.65721 0.65865 31.531
5925.0 0.65246 0.659 40.394
5926.0 0.66163 0.65946 40.571
5927.0 0.68203 0.65988 31.991
5928.0 0.6954 0.65987 33.191
5929.0 0.69715 0.65912 39.339
5930.0 0.69528 0.6578 36.744
5931.0 0.69347 0.65646 29.342
5932.0 0.69945 0.65561 35.656
5933.0 0.70773 0.65539 39.82
5934.0 0.70536 0.65553 34.674
5935.0 0.67652 0.65573 30.263
5936.0 0.65618 0.65601 39.928
5937.0 0.64611 0.6565 42.365
5938.0 0.64369 0.65722 35.003
5939.0 0.64281 0.65791 33.453
5940.0 0.67504 0.65814 39.965
5941.0 0.68266 0.65761 39.048
5942.0 0.65897 0.65652 32.044
5943.0 0.66375 0.6553 35.949
5944.0 0.64409 0.65447 43.139
5945.0 0.62373 0.65415 40.061
5946.0 0.61739 0.65415 31.671
5947.0 0.67348 0.65401 37.249
5948.0 0.6909 0.65336 40.448
5949.0 0.6847 0.65231 34.56
5950.0 0.67616 0.65131 32.161
5951.0 0.67226 0.65077 40.722
5952.0 0.67625 0.65072 41.498
5953.0 0.6831 0.65091 33.802
5954.0 0.66725 0.6511 36.708
5955.0 0.6408 0.65106 44.258
5956.0 0.63012 0.65049 41.209
5957.0 0.64699 0.64957 30.956
5958.0 0.66536 0.64883 37.371
5959.0 0.66539 0.64882 42.46
5960.0 0.66281 0.64985 37.458
5961.0 0.67655 0.65181 32.174
5962.0 0.65648 0.65417 41.199
5963.0 0.65362 0.65629 42.794
5964.0 0.66251 0.65763 35.047
5965.0 0.64692 0.65795 37.919
5966.0 0.6645 0.6575 44.012
5967.0 0.67659 0.6567 40.035
5968.0 0.6717 0.656 28.716
5969.0 0.69625 0.65573 30.029
5970.0 0.68481 0.65604 33.586
5971.0 0.66627 0.65682 29.413
5972.0 0.67078 0.65769 26.811
5973.0 0.67291 0.65822 36.573
5974.0 0.66075 0.658 39.361
5975.0 0.6329 0.65678 33.555
5976.0 0.58549 0.65467 35.172
5977.0 0.59627 0.65214 43.194
5978.0 0.62012 0.64991 41.505
5979.0 0.63942 0.64862 34.091
5980.0 0.6029 0.64852 44.6
5981.0 0.62781 0.64921 48.826
5982.0 0.65986 0.64991 40.627
5983.0 0.63663 0.64983 33.768
5984.0 0.67961 0.64874 39.652
5985.0 0.69795 0.64708 41.095
5986.0 0.69025 0.64571 35.592
5987.0 0.6839 0.64527 38.499
5988.0 0.65665 0.64583 46.888
5989.0 0.65253 0.64706 42.826
5990.0 0.68961 0.64831 29.028
5991.0 0.66976 0.64916 35.107
5992.0 0.68202 0.64961 38.516
5993.0 0.6981 0.65014 32.682
5994.0 0.67567 0.65107 31.994
5995.0 0.65453 0.6522 42.103
5996.0 0.6469 0.65309 43.138
5997.0 0.65273 0.65341 34.894
5998.0 0.66207 0.65314 37.739
5999.0 0.67914 0.65251 44.4
6000.0 0.69059 0.65183 40.317
6001.0 0.68742 0.65121 32.941
6002.0 0.65262 0.65048 45.215
6003.0 0.63421 0.64945 50.641
6004.0 0.62772 0.64816 44.604
6005.0 0.62287 0.64674 43.695
6006.0 0.62313 0.6452 53.81
6007.0 0.62511 0.64348 51.44
6008.0 0.62586 0.64171 39.054
6009.0 0.59847 0.64033 45.288
6010.0 0.60147 0.63981 50.383
6011.0 0.62615 0.64033 42.891
6012.0 0.66851 0.64146 36.523
6013.0 0.62474 0.64262 50.155
6014.0 0.62359 0.64342 50.923
6015.0 0.65708 0.64378 38.161
6016.0 0.63314 0.64382 41.214
6017.0 0.61959 0.64375 50.935
6018.0 0.62068 0.6436 47.325
6019.0 0.64055 0.64325 34.536
6020.0 0.65884 0.64253 41.198
6021.0 0.65665 0.64145 45.334
6022.0 0.63888 0.64037 40.031
6023.0 0.61312 0.63971 44.537
6024.0 0.63634 0.6397 54.116
6025.0 0.63639 0.64047 51.925
6026.0 0.59789 0.64203 41.752
6027.0 0.6028 0.64403 49.971
6028.0 0.63131 0.64613 53.383
6029.0 0.65696 0.64823 42.38
6030.0 0.64544 0.6502 28.787
6031.0 0.63235 0.65191 29.064
6032.0 0.62623 0.65334 27.292
6033.0 0.63181 0.65451 20.952
6034.0 0.67306 0.65537 30.893
6035.0 0.66503 0.65591 42.302
6036.0 0.6522 0.65611 43.499
6037.0 0.66645 0.65597 34.308
6038.0 0.64561 0.65549 42.217
6039.0 0.6336 0.6547 44.327
6040.0 0.63201 0.65363 37.419
6041.0 0.63942 0.65241 44.828
6042.0 0.62976 0.65128 58.287
6043.0 0.62218 0.65052 56.456
6044.0 0.626 0.65036 43.514
6045.0 0.63381 0.65084 55.687
6046.0 0.63727 0.65175 59.623
6047.0 0.64136 0.65279 48.99
6048.0 0.65897 0.65374 48.073
6049.0 0.65004 0.65432 59.196
6050.0 0.63034 0.65438 55.979
6051.0 0.60638 0.65416 43.001
6052.0 0.65754 0.65383 48.999
6053.0 0.64776 0.6533 55.259
6054.0 0.62405 0.65243 48.733
6055.0 0.66636 0.65126 45.169
6056.0 0.63927 0.64993 59.193
6057.0 0.62427 0.64875 57.446
6058.0 0.63894 0.64809 41.393
6059.0 0.65774 0.64808 42.754
6060.0 0.65563 0.6485 46.043
6061.0 0.6451 0.64888 38.051
6062.0 0.64046 0.64866 37.305
6063.0 0.63837 0.64747 51.532
6064.0 0.63101 0.64533 53.351
6065.0 0.61824 0.64275 44.188
6066.0 0.61468 0.64066 51.849
6067.0 0.62729 0.63995 58.509
6068.0 0.64945 0.64094 49.782
6069.0 0.67691 0.64328 43.509
6070.0 0.67391 0.64629 55.474
6071.0 0.64833 0.64916 55.999
6072.0 0.61179 0.65135 46.194
6073.0 0.65791 0.6527 48.794
6074.0 0.66638 0.65329 55.768
6075.0 0.66189 0.65325 48.372
6076.0 0.66599 0.6526 41.536
6077.0 0.63867 0.6513 52.833
6078.0 0.6272 0.64943 52.735
6079.0 0.63466 0.64727 41.359
6080.0 0.63687 0.64515 48.126
6081.0 0.63328 0.64321 55.433
6082.0 0.6341 0.64143 47.827
6083.0 0.6511 0.63986 39.228
6084.0 0.6342 0.63862 48.081
6085.0 0.62743 0.63792 47.518
6086.0 0.63654 0.63793 37.401
6087.0 0.66166 0.63861 44.719
6088.0 0.66167 0.63964 53.056
6089.0 0.65094 0.64054 47.285
6090.0 0.64092 0.64101 40.74
6091.0 0.62349 0.64102 45.08
6092.0 0.59572 0.64082 42.866
6093.0 0.56279 0.64074 33.085
6094.0 0.58055 0.64105 42.222
6095.0 0.58662 0.64181 50.964
6096.0 0.60045 0.6429 46.532
6097.0 0.648 0.64406 43.007
6098.0 0.6212 0.64494 58.253
6099.0 0.61805 0.64516 57.919
6100.0 0.64915 0.64426 42.86
6101.0 0.62338 0.64182 52.149
6102.0 0.61064 0.63796 58.685
6103.0 0.61208 0.6336 49.532
6104.0 0.63549 0.63023 46.041
6105.0 0.60148 0.629 59.519
6106.0 0.59156 0.63004 57.213
6107.0 0.62341 0.63276 41.394
6108.0 0.64965 0.63616 47.569
6109.0 0.65055 0.63937 52.747
6110.0 0.6405 0.64177 44.816
6111.0 0.64283 0.64317 44.96
6112.0 0.64468 0.64375 55.444
6113.0 0.6376 0.64381 51.843
6114.0 0.61801 0.64366 39.399
6115.0 0.61836 0.64344 50.3
6116.0 0.63363 0.64317 54.12
6117.0 0.6524 0.64273 44.371
6118.0 0.64334 0.64194 47.847
6119.0 0.62074 0.64049 59.735
6120.0 0.6124 0.63807 55.298
6121.0 0.63473 0.63464 43.345
6122.0 0.61457 0.63066 58.155
6123.0 0.61833 0.62707 59.814
6124.0 0.63437 0.62485 45.837
6125.0 0.59931 0.62448 51.429
6126.0 0.60267 0.62568 59.733
6127.0 0.62205 0.62757 51.772
6128.0 0.64592 0.62923 43.51
6129.0 0.61715 0.63035 58.233
6130.0 0.60586 0.63166 58.939
6131.0 0.6161 0.63368 45.778
6132.0 0.61491 0.63617 52.983
6133.0 0.622 0.63824 59.862
6134.0 0.63406 0.63873 50.524
6135.0 0.64891 0.63655 46.24
6136.0 0.6389 0.63148 58.861
6137.0 0.63056 0.62476 56.722
6138.0 0.62943 0.61854 43.832
6139.0 0.61398 0.61461 56.085
6140.0 0.59123 0.61332 61.228
6141.0 0.57924 0.61417 50.233
6142.0 0.62918 0.61645 46.876
6143.0 0.64067 0.61971 57.084
6144.0 0.63149 0.62342 52.555
6145.0 0.60529 0.62685 45.236
6146.0 0.63911 0.62936 54.876
6147.0 0.64844 0.63043 56.2
6148.0 0.63728 0.63001 45.431
6149.0 0.64477 0.6286 50.355
6150.0 0.62823 0.62713 59.226
6151.0 0.61357 0.62641 51.819
6152.0 0.6272 0.62663 46.212
6153.0 0.61791 0.62749 60.145
6154.0 0.61214 0.62835 59.264
6155.0 0.61415 0.62863 46.46
6156.0 0.61224 0.62812 57.828
6157.0 0.60585 0.62696 63.319
6158.0 0.60044 0.62527 51.799
6159.0 0.60889 0.62291 51.501
6160.0 0.60576 0.61943 63.267
6161.0 0.59504 0.61445 58.165
6162.0 0.57673 0.60836 48.929
6163.0 0.60173 0.60249 61.445
6164.0 0.61968 0.59847 62.339
6165.0 0.62438 0.59726 48.629
6166.0 0.58822 0.59873 56.807
6167.0 0.60017 0.60176 63.297
6168.0 0.62045 0.60473 52.187
6169.0 0.60693 0.60647 48.459
6170.0 0.60085 0.60697 63.256
6171.0 0.60652 0.60714 60.958
6172.0 0.62527 0.6078 45.242
6173.0 0.59138 0.60937 62.081
6174.0 0.59473 0.61172 66.1
6175.0 0.62034 0.61442 51.619
6176.0 0.62874 0.61694 53.438
6177.0 0.62511 0.61902 63.674
6178.0 0.60948 0.62071 56.471
6179.0 0.57745 0.62214 51.022
6180.0 0.60236 0.62346 61.945
6181.0 0.62154 0.62479 59.327
6182.0 0.62676 0.62619 43.844
6183.0 0.61373 0.62752 53.975
6184.0 0.61374 0.62852 60.215
6185.0 0.62759 0.62888 50.178
6186.0 0.66545 0.62839 48.564
6187.0 0.66007 0.62701 58.289
6188.0 0.64012 0.62485 52.135
6189.0 0.6154 0.62208 42.412
6190.0 0.62495 0.61889 53.655
6191.0 0.61896 0.61565 54.629
6192.0 0.59574 0.61316 44.886
6193.0 0.57197 0.61221 56.372
6194.0 0.58742 0.61306 61.857
6195.0 0.61961 0.61536 49.298
6196.0 0.63966 0.61838 44.796
6197.0 0.63496 0.62122 57.69
6198.0 0.61929 0.6231 55.141
6199.0 0.59547 0.62367 49.68
6200.0 0.58785 0.6232 64.126
6201.0 0.59874 0.62238 64.352
6202.0 0.62452 0.62199 48.352
6203.0 0.63974 0.62241 53.365
6204.0 0.64639 0.62368 60.326
6205.0 0.64241 0.62547 50.686
6206.0 0.61806 0.62736 52.509
6207.0 0.62272 0.62896 64.506
6208.0 0.62251 0.63005 59.179
6209.0 0.60349 0.63049 49.463
6210.0 0.62183 0.6301 61.649
6211.0 0.643 0.6287 61.592
6212.0 0.65931 0.62617 46.885
6213.0 0.61844 0.62268 57.013
6214.0 0.59328 0.6188 65.593
6215.0 0.58082 0.61529 55.791
6216.0 0.58403 0.6127 55.432
6217.0 0.58829 0.61113 68.228
6218.0 0.59575 0.61029 61.666
6219.0 0.60823 0.60974 48.331
6220.0 0.60427 0.60936 56.057
6221.0 0.61575 0.60935 52.414
6222.0 0.64055 0.60996 35.826
6223.0 0.62575 0.61116 42.442
6224.0 0.61689 0.61262 49.863
6225.0 0.61147 0.61393 45.627
6226.0 0.6063 0.61461 50.537
6227.0 0.60824 0.61434 58.14
6228.0 0.60967 0.61284 49.77
6229.0 0.60596 0.61001 41.905
6230.0 0.63653 0.60619 54.859
6231.0 0.62973 0.60223 55.658
6232.0 0.57907 0.59926 49.553
6233.0 0.59738 0.59816 60.838
6234.0 0.60927 0.59914 64.619
6235.0 0.6128 0.60158 50.738
6236.0 0.59535 0.60424 53.746
6237.0 0.59577 0.606 63.269
6238.0 0.59564 0.60623 54.708
6239.0 0.5781 0.60515 52.794
6240.0 0.5823 0.60345 67.21
6241.0 0.59177 0.60187 63.328
6242.0 0.60342 0.60063 48.252
6243.0 0.59866 0.59951 61.609
6244.0 0.58991 0.59821 63.033
6245.0 0.57953 0.59662 48.564
6246.0 0.5814 0.59505 55.462
6247.0 0.59768 0.59413 62.847
6248.0 0.61173 0.5945 52.346
6249.0 0.59455 0.59624 55.233
6250.0 0.56889 0.59867 68.733
6251.0 0.5674 0.60061 61.423
6252.0 0.61429 0.60114 46.129
6253.0 0.61938 0.6 52.916
6254.0 0.60315 0.59773 50.174
6255.0 0.57029 0.59521 38.462
6256.0 0.61842 0.59315 48.216
6257.0 0.61037 0.59186 55.058
6258.0 0.57109 0.59137 51.689
6259.0 0.57265 0.59168 57.379
6260.0 0.58885 0.5929 66.146
6261.0 0.59757 0.59507 55.512
6262.0 0.56986 0.59801 54.128
6263.0 0.55806 0.60124 64.388
6264.0 0.57086 0.60415 56.796
6265.0 0.61752 0.60627 41.688
6266.0 0.61889 0.6076 55.03
6267.0 0.61211 0.60832 56.087
6268.0 0.60141 0.60858 45.526
6269.0 0.61339 0.60839 56.016
6270.0 0.61966 0.60781 60.828
6271.0 0.61818 0.6071 48.497
6272.0 0.59659 0.60653 50.986
6273.0 0.58826 0.6061 57.114
6274.0 0.59142 0.60538 46.366
6275.0 0.61101 0.60374 38.548
6276.0 0.62748 0.60074 48.397
6277.0 0.63873 0.59638 45.32
6278.0 0.6428 0.5912 40.94
6279.0 0.62455 0.58613 57.587
6280.0 0.61299 0.58204 0.0
6281.0 0.60902 0.57966 0.0
6282.0 0.59825 0.57931 0.0
6283.0 0.59368 0.58091 0.0
6284.0 0.59486 0.58405 0.0
6285.0 0.60499 0.58819 0.0
6286.0 0.58288 0.59271 0.0
6287.0 0.56476 0.59705 0.0
6288.0 0.59332 0.60067 0.0
6289.0 0.64312 0.60317 0.0
6290.0 0.66969 0.60438 0.0
6291.0 0.64874 0.60448 0.0
6292.0 0.63248 0.60384 0.0
6293.0 0.61234 0.6029 0.0
6294.0 0.58854 0.60192 0.0
6295.0 0.6074 0.60089 0.0
6296.0 0.60686 0.5996 0.0
6297.0 0.59573 0.59785 0.0
6298.0 0.6111 0.59572 0.0
6299.0 0.6285 0.59354 0.0
6300.0 0.6413 0.59159 0.0
6301.0 0.63477 0.59013 0.0
6302.0 0.65243 0.58947 0.0
6303.0 0.67012 0.58996 0.0
6304.0 0.67322 0.59174 0.0
6305.0 0.65404 0.59449 0.0
6306.0 0.63433 0.59763 0.0
6307.0 0.61839 0.6006 0.0
6308.0 0.59279 0.60293 0.0
6309.0 0.58327 0.60435 0.0
6310.0 0.58966 0.60487 0.0
6311.0 0.60174 0.60464 0.0
6312.0 0.61421 0.60389 0.0
6313.0 0.6188 0.60273 0.0
6314.0 0.57929 0.60114 0.0
6315.0 0.58184 0.5992 0.0
6316.0 0.60208 0.5971 0.0
6317.0 0.62209 0.59511 0.0
6318.0 0.59815 0.59366 0.0
6319.0 0.56995 0.59319 0.0
6320.0 0.5557 0.59397 0.0
6321.0 0.58585 0.59587 60.785
6322.0 0.60751 0.59847 55.527
6323.0 0.61022 0.60135 42.384
6324.0 0.61302 0.6042 55.63
6325.0 0.6057 0.60675 57.006
6326.0 0.58995 0.60874 45.52
6327.0 0.59036 0.6101 59.235
6328.0 0.60705 0.61085 63.948
6329.0 0.62863 0.61113 49.567
6330.0 0.61621 0.61111 55.476
6331.0 0.60357 0.61089 64.822
6332.0 0.5922 0.61048 54.7
6333.0 0.58539 0.6097 55.378
6334.0 0.59766 0.60824 65.558
6335.0 0.61367 0.60603 55.996
6336.0 0.62557 0.60346 49.212
6337.0 0.60786 0.60125 64.089
6338.0 0.58641 0.60013 60.543
6339.0 0.56687 0.60037 51.649
6340.0 0.57608 0.60179 66.893
6341.0 0.59165 0.60381 65.123
6342.0 0.61141 0.60563 47.88
6343.0 0.59949 0.60656 62.575
6344.0 0.59315 0.60632 65.235
6345.0 0.59269 0.60511 50.136
6346.0 0.60549 0.60348 58.161
6347.0 0.60495 0.60221 65.331
6348.0 0.59265 0.60209 53.875
6349.0 0.56104 0.60343 59.161
6350.0 0.59459 0.60581 64.777
6351.0 0.63424 0.60845 50.894
6352.0 0.61248 0.61048 53.008
6353.0 0.59596 0.61133 66.48
6354.0 0.5937 0.61089 59.223
6355.0 0.61832 0.60948 52.022
6356.0 0.60734 0.60759 66.692
6357.0 0.60968 0.60563 61.41
6358.0 0.64091 0.60374 47.149
6359.0 0.62042 0.60203 62.153
6360.0 0.61339 0.60062 60.646
6361.0 0.62565 0.59948 45.013
6362.0 0.61889 0.59856 62.413
6363.0 0.61612 0.59792 65.296
6364.0 0.6178 0.59769 50.524
6365.0 0.6327 0.59801 60.576
6366.0 0.63504 0.59883 65.054
6367.0 0.62928 0.59992 50.209
6368.0 0.62289 0.6009 54.453
6369.0 0.62175 0.60138 62.444
6370.0 0.62054 0.60128 51.461
6371.0 0.60969 0.601 56.824
6372.0 0.60602 0.60115 69.243
6373.0 0.60813 0.60213 59.82
6374.0 0.61881 0.60379 56.039
6375.0 0.61756 0.60559 68.39
6376.0 0.6118 0.60694 59.912
6377.0 0.60278 0.60744 50.466
6378.0 0.5997 0.60705 65.235
6379.0 0.61063 0.60606 60.909
6380.0 0.64082 0.60488 48.947
6381.0 0.60138 0.60386 69.03
6382.0 0.58704 0.60319 68.869
6383.0 0.60693 0.60292 50.887
6384.0 0.60346 0.60304 65.251
6385.0 0.60252 0.60357 65.391
6386.0 0.60435 0.6045 48.26
6387.0 0.61374 0.60564 60.433
6388.0 0.60865 0.60673 66.175
6389.0 0.59633 0.60742 54.629
6390.0 0.60708 0.60742 63.549
6391.0 0.6141 0.60652 69.992
6392.0 0.61365 0.60468 54.888
6393.0 0.58741 0.60224 62.155
6394.0 0.58678 0.59999 73.09
6395.0 0.59651 0.59866 61.01
6396.0 0.60393 0.59847 61.337
6397.0 0.59807 0.59898 74.411
6398.0 0.59209 0.59932 63.766
6399.0 0.59667 0.59883 59.139
6400.0 0.61498 0.59757 71.777
6401.0 0.62436 0.59633 62.499
6402.0 0.60957 0.59594 55.511
6403.0 0.61148 0.59678 71.116
6404.0 0.61294 0.5985 65.461
6405.0 0.60943 0.60027 55.003
6406.0 0.59254 0.60126 73.316
6407.0 0.58399 0.6011 70.634
6408.0 0.58775 0.60009 55.466
6409.0 0.57932 0.59883 73.959
6410.0 0.57086 0.59782 73.494
6411.0 0.56317 0.59717 55.385
6412.0 0.58583 0.59684 69.844
6413.0 0.60158 0.59676 70.582
6414.0 0.61086 0.5968 52.6
6415.0 0.61219 0.59675 65.38
6416.0 0.61103 0.59662 69.34
6417.0 0.60762 0.59652 53.36
6418.0 0.60041 0.59631 63.414
6419.0 0.59233 0.59582 70.794
6420.0 0.58526 0.59507 57.293
6421.0 0.58693 0.59442 65.018
6422.0 0.60689 0.59448 72.058
6423.0 0.62645 0.59574 56.087
6424.0 0.60563 0.59815 62.384
6425.0 0.62073 0.60116 70.375
6426.0 0.64111 0.60411 55.713
6427.0 0.63037 0.60628 57.042
6428.0 0.61532 0.60707 69.97
6429.0 0.60457 0.60614 60.341
6430.0 0.60914 0.60357 58.799
6431.0 0.60276 0.60012 74.526
6432.0 0.59008 0.59695 66.371
6433.0 0.56977 0.59508 63.311
6434.0 0.5949 0.59494 75.206
6435.0 0.61258 0.59608 64.708
6436.0 0.5987 0.59752 55.579
6437.0 0.57775 0.59817 72.176
6438.0 0.56536 0.59752 66.767
6439.0 0.56829 0.59586 56.625
6440.0 0.56775 0.59424 74.164
6441.0 0.57366 0.59365 69.926
6442.0 0.58902 0.59452 56.101
6443.0 0.58564 0.59667 73.716
6444.0 0.58732 0.59942 70.926
6445.0 0.59668 0.60202 54.57
6446.0 0.60858 0.60376 70.655
6447.0 0.60887 0.60411 69.53
6448.0 0.59672 0.60281 52.63
6449.0 0.59569 0.60002 69.955
6450.0 0.58897 0.59652 71.169
6451.0 0.5772 0.59331 55.051
6452.0 0.57562 0.59109 70.954
6453.0 0.58015 0.58988 73.344
6454.0 0.58926 0.58915 55.71
6455.0 0.58932 0.58839 70.02
6456.0 0.60387 0.58765 72.532
6457.0 0.6261 0.58757 52.988
6458.0 0.61372 0.58854 64.715
6459.0 0.60813 0.59028 69.738
6460.0 0.60689 0.59192 53.608
6461.0 0.60443 0.59251 64.137
6462.0 0.6081 0.59165 71.582
6463.0 0.61017 0.5899 57.413
6464.0 0.5784 0.58838 69.863
6465.0 0.56679 0.58792 76.303
6466.0 0.56957 0.58874 62.296
6467.0 0.59068 0.59044 65.3
6468.0 0.59373 0.5923 74.247
6469.0 0.59201 0.59371 59.8
6470.0 0.60896 0.59437 62.607
6471.0 0.61655 0.59437 72.047
6472.0 0.61634 0.59394 58.246
6473.0 0.60194 0.59332 63.126
6474.0 0.59597 0.59266 74.266
6475.0 0.59555 0.59217 61.026
6476.0 0.60261 0.59209 62.8
6477.0 0.59605 0.59244 74.73
6478.0 0.58487 0.59298 62.123
6479.0 0.57526 0.59329 62.392
6480.0 0.59983 0.59292 72.518
6481.0 0.62469 0.59167 58.899
6482.0 0.61623 0.58992 60.855
6483.0 0.58748 0.58844 76.303
6484.0 0.56735 0.58787 66.425
6485.0 0.58816 0.58846 62.695
6486.0 0.5895 0.58994 76.303
6487.0 0.5822 0.59169 64.913
6488.0 0.56719 0.59296 63.029
6489.0 0.57749 0.5931 75.808
6490.0 0.5889 0.59171 63.951
6491.0 0.58668 0.58857 60.839
6492.0 0.58425 0.58364 75.472
6493.0 0.58296 0.57713 65.311
6494.0 0.58434 0.5696 61.458
6495.0 0.5744 0.5621 76.303
6496.0 0.5612 0.55597 67.993
6497.0 0.54675 0.55246 64.575
6498.0 0.53757 0.55229 76.303
6499.0 0.5379 0.55534 72.046
6500.0 0.55578 0.56085 63.419
6501.0 0.57332 0.5677 76.303
6502.0 0.58281 0.57478 66.339
6503.0 0.57591 0.58124 59.732
6504.0 0.55776 0.58658 75.002
6505.0 0.55155 0.5906 65.66
6506.0 0.57386 0.59332 56.901
6507.0 0.58903 0.59487 71.282
6508.0 0.60083 0.59549 62.356
6509.0 0.60876 0.59551 53.497
6510.0 0.60954 0.59524 67.902
6511.0 0.60523 0.59483 60.423
6512.0 0.59365 0.59427 56.926
6513.0 0.60056 0.59338 70.148
6514.0 0.60598 0.59196 61.195
6515.0 0.60178 0.58997 55.503
6516.0 0.59184 0.58773 71.929
6517.0 0.58627 0.5858 64.689
6518.0 0.59125 0.58469 58.665
6519.0 0.5831 0.58467 75.069
6520.0 0.5783 0.58568 66.759
6521.0 0.585 0.58737 59.396
6522.0 0.57409 0.58917 75.429
6523.0 0.5759 0.59059 66.472
6524.0 0.60979 0.59128 57.087
6525.0 0.59553 0.5911 72.972
6526.0 0.58228 0.59021 64.553
6527.0 0.5904 0.58901 57.354
6528.0 0.5845 0.58793 0.0
6529.0 0.58076 0.58728 0.0
6530.0 0.58756 0.58701 0.0
6531.0 0.60127 0.5869 0.0
6532.0 0.60585 0.58673 0.0
6533.0 0.58744 0.58647 0.0
6534.0 0.58636 0.58627 0.0
6535.0 0.60205 0.58631 0.0
6536.0 0.6462 0.58671 0.0
6537.0 0.65038 0.58743 0.0
6538.0 0.63465 0.5883 0.0
6539.0 0.5953 0.58907 0.0
6540.0 0.61707 0.58949 0.0
6541.0 0.65051 0.58931 0.0
6542.0 0.67327 0.58844 0.0
6543.0 0.68886 0.58679 0.0
6544.0 0.71592 0.58436 0.0
6545.0 0.77859 0.58137 0.0
6546.0 0.88954 0.57828 0.0
6547.0 1.05342 0.5757 0.0
6548.0 1.32666 0.574 0.0
6549.0 1.56327 0.5731 0.0
6550.0 1.72848 0.5726 0.0
6551.0 1.70914 0.57192 0.0
6552.0 1.49727 0.57058 0.0
6553.0 1.2269 0.56829 0.0
6554.0 0.99101 0.56485 0.0
6555.0 0.92419 0.56021 0.0
6556.0 0.94706 0.55442 0.0
6557.0 1.05825 0.54747 0.0
6558.0 1.32136 0.5393 0.0
6559.0 1.69005 0.52975 0.0
6560.0 2.22923 0.51866 0.0
6561.0 3.10111 0.50627 0.0
6562.0 4.21946 0.4936 0.0
6563.0 5.77388 0.48291 0.0
6564.0 7.02477 0.47696 0.0
6565.0 7.81128 0.47742 0.0
6566.0 6.81844 0.48427 0.0
6567.0 5.26808 0.4957 0.0
6568.0 3.48325 0.50909 0.0
6569.0 2.30948 0.52211 0.0
6570.0 1.58217 0.53322 0.0
6571.0 1.1671 0.54178 0.0
6572.0 1.01319 0.54783 0.0
6573.0 0.88354 0.55183 0.0
6574.0 0.7797 0.5546 0.0
6575.0 0.79057 0.55708 0.0
6576.0 0.79143 0.55997 0.0
6577.0 0.78675 0.5635 0.0
6578.0 0.83536 0.56732 0.0
6579.0 0.95127 0.57086 0.0
6580.0 1.12866 0.57363 0.0
6581.0 1.39162 0.57553 0.0
6582.0 1.84984 0.57679 0.0
6583.0 2.50601 0.57767 0.0
6584.0 3.34345 0.57835 0.0
6585.0 3.90707 0.57888 0.0
6586.0 4.15121 0.57929 0.0
6587.0 3.46743 0.57968 0.0
6588.0 2.6549 0.58005 0.0
6589.0 1.73898 0.58026 0.0
6590.0 1.29455 0.57991 0.0
6591.0 0.98425 0.57861 0.0
6592.0 0.81037 0.57628 0.0
6593.0 0.73732 0.5735 0.0
6594.0 0.68116 0.57116 0.0
6595.0 0.63049 0.57007 0.0
6596.0 0.62998 0.57048 0.0
6597.0 0.63361 0.57207 0.0
6598.0 0.62653 0.57431 0.0
6599.0 0.61599 0.57664 0.0
6600.0 0.60877 0.57868 0.0
6601.0 0.61182 0.58028 0.0
6602.0 0.60752 0.58131 0.0
6603.0 0.60743 0.58174 0.0
6604.0 0.62696 0.58156 0.0
6605.0 0.62901 0.5808 0.0
6606.0 0.62293 0.57955 0.0
6607.0 0.61061 0.57796 0.0
6608.0 0.59992 0.57629 0.0
6609.0 0.59154 0.57493 47.379
6610.0 0.59106 0.57421 57.808
6611.0 0.59851 0.57423 64.978
6612.0 0.60681 0.57478 50.076
6613.0 0.58868 0.57566 63.096
6614.0 0.58493 0.57679 69.021
6615.0 0.59016 0.57806 53.003
6616.0 0.58521 0.57936 62.306
6617.0 0.57227 0.58055 62.432
6618.0 0.55419 0.58154 43.113
6619.0 0.58877 0.58227 53.431
6620.0 0.61311 0.58271 52.907
6621.0 0.62735 0.58283 40.102
6622.0 0.61533 0.58258 62.999
6623.0 0.60453 0.58198 64.732
6624.0 0.59591 0.58111 52.528
6625.0 0.58472 0.58017 66.44
6626.0 0.58278 0.57941 58.526
6627.0 0.5948 0.57893 40.594
6628.0 0.57158 0.57873 49.23
6629.0 0.56601 0.5786 42.6
6630.0 0.60241 0.57829 39.892
6631.0 0.58179 0.57759 57.818
6632.0 0.56131 0.57649 57.071
6633.0 0.57028 0.57522 60.203
6634.0 0.58527 0.57423 72.63
6635.0 0.59539 0.57388 59.14
6636.0 0.58462 0.57431 61.371
6637.0 0.57959 0.57529 72.401
6638.0 0.57949 0.5764 57.912
6639.0 0.59103 0.57719 64.279
6640.0 0.59138 0.5774 72.757
6641.0 0.58765 0.57697 56.327
6642.0 0.59575 0.57595 60.103
6643.0 0.59798 0.57459 61.52
6644.0 0.59576 0.57339 42.459
6645.0 0.5867 0.57279 54.553
6646.0 0.5775 0.57299 58.394
6647.0 0.56828 0.57398 48.914
6648.0 0.56833 0.57547 70.084
6649.0 0.58059 0.57711 69.201
6650.0 0.60618 0.57859 50.509
6651.0 0.62404 0.57967 58.013
6652.0 0.62099 0.58028 50.906
6653.0 0.58905 0.58048 38.385
6654.0 0.56238 0.58038 51.071
6655.0 0.55608 0.58011 46.693
6656.0 0.58571 0.57978 48.332
6657.0 0.59175 0.57942 64.954
6658.0 0.59246 0.57898 58.379
6659.0 0.59284 0.57839 57.366
6660.0 0.58349 0.57749 69.985
6661.0 0.57757 0.57612 57.622
6662.0 0.59493 0.57428 61.19
6663.0 0.58941 0.57227 72.253
6664.0 0.57733 0.57057 58.78
6665.0 0.58723 0.56962 66.642
6666.0 0.59589 0.56958 72.629
6667.0 0.60161 0.57029 54.291
6668.0 0.58282 0.57144 67.635
6669.0 0.57716 0.57268 70.285
6670.0 0.58236 0.57376 51.859
6671.0 0.5931 0.57452 63.923
6672.0 0.59737 0.57487 59.951
6673.0 0.59455 0.5747 42.434
6674.0 0.60499 0.57376 57.783
6675.0 0.62018 0.57172 54.632
6676.0 0.64109 0.56842 -1.0
6677.0 0.63267 0.5642 -1.0
6678.0 0.62486 0.55998 -1.0
6679.0 0.62755 0.55693 -1.0
6680.0 0.63576 0.55583 -1.0
6681.0 0.63999 0.55681 -1.0
6682.0 0.62806 0.55931 42.782
6683.0 0.6454 0.56256 -1.0
6684.0 0.66439 0.56575 -1.0
6685.0 0.63566 0.56844 -1.0
6686.0 0.59905 0.57048 65.85
6687.0 0.56415 0.57196 55.411
6688.0 0.5864 0.57305 66.242
6689.0 0.60663 0.57387 68.378
6690.0 0.62443 0.57448 49.17
6691.0 0.59522 0.57489 69.44
6692.0 0.58558 0.57506 68.633
6693.0 0.59759 0.57499 52.05
6694.0 0.62548 0.57465 -1.0
6695.0 0.62746 0.57407 -1.0
6696.0 0.58757 0.57329 0.0
6697.0 0.58385 0.57245 0.0
6698.0 0.58092 0.57172 0.0
6699.0 0.56584 0.57124 0.0
6700.0 0.58012 0.57101 0.0
6701.0 0.59447 0.57092 0.0
6702.0 0.57856 0.5708 0.0
6703.0 0.57594 0.57058 0.0
6704.0 0.58172 0.57043 0.0
6705.0 0.6009 0.57047 0.0
6706.0 0.60036 0.57076 0.0
6707.0 0.5867 0.57116 0.0
6708.0 0.58062 0.57151 0.0
6709.0 0.58668 0.57165 0.0
6710.0 0.60453 0.57153 0.0
6711.0 0.58877 0.57116 0.0
6712.0 0.60211 0.57057 0.0
6713.0 0.65806 0.5698 0.0
6714.0 0.71949 0.56881 0.0
6715.0 0.7904 0.56761 0.0
6716.0 0.87928 0.56626 0.0
6717.0 0.99142 0.56494 0.0
6718.0 1.07987 0.56396 0.0
6719.0 1.06736 0.56359 0.0
6720.0 0.99214 0.56389 0.0
6721.0 0.88487 0.56474 0.0
6722.0 0.75638 0.56596 0.0
6723.0 0.66541 0.56726 0.0
6724.0 0.6033 0.56834 0.0
6725.0 0.60788 0.56903 0.0
6726.0 0.61234 0.56938 0.0
6727.0 0.61667 0.56959 0.0
6728.0 0.65994 0.56992 0.0
6729.0 0.71634 0.57045 0.0
6730.0 0.78922 0.5711 0.0
6731.0 0.89349 0.57165 0.0
6732.0 0.99881 0.57193 0.0
6733.0 1.09313 0.57189 0.0
6734.0 1.0684 0.57156 0.0
6735.0 0.98224 0.57108 0.0
6736.0 0.80863 0.57054 0.0
6737.0 0.68562 0.56995 0.0
6738.0 0.5987 0.56931 0.0
6739.0 0.59326 0.56866 0.0
6740.0 0.59406 0.56805 0.0
6741.0 0.60015 0.56748 0.0
6742.0 0.58215 0.5669 0.0
6743.0 0.5657 0.56629 0.0
6744.0 0.55167 0.56568 0.0
6745.0 0.5379 0.56507 0.0
6746.0 0.53173 0.56443 0.0
6747.0 0.54099 0.56367 0.0
6748.0 0.54858 0.56271 0.0
6749.0 0.5558 0.56163 0.0
6750.0 0.56338 0.5607 0.0
6751.0 0.55216 0.56019 0.0
6752.0 0.53587 0.56023 0.0
6753.0 0.55267 0.56077 68.182
6754.0 0.56857 0.56164 71.133
6755.0 0.58364 0.56265 52.247
6756.0 0.57567 0.56365 71.359
6757.0 0.56075 0.56459 68.918
6758.0 0.53729 0.56546 57.87
6759.0 0.53438 0.56626 75.032
6760.0 0.53589 0.56695 65.676
6761.0 0.54131 0.56748 61.906
6762.0 0.54005 0.56779 76.105
6763.0 0.54682 0.56779 61.642
6764.0 0.58836 0.56738 60.541
6765.0 0.59133 0.56647 69.376
6766.0 0.57571 0.56502 54.309
6767.0 0.56618 0.56323 68.16
6768.0 0.5631 0.56143 71.264
6769.0 0.5653 0.56005 52.42
6770.0 0.55584 0.55929 71.639
6771.0 0.55764 0.55924 67.694
6772.0 0.57438 0.55985 55.441
6773.0 0.56489 0.56101 72.327
6774.0 0.55372 0.56253 62.797
6775.0 0.54714 0.56414 60.806
6776.0 0.55792 0.5656 72.861
6777.0 0.57378 0.56675 57.564
6778.0 0.58729 0.56747 61.062
6779.0 0.59554 0.56775 66.736
6780.0 0.6005 0.56762 48.918
6781.0 0.60249 0.56711 61.485
6782.0 0.587 0.56626 63.145
6783.0 0.55475 0.56519 53.373
6784.0 0.56102 0.56405 71.866
6785.0 0.57074 0.56305 65.276
6786.0 0.58272 0.56233 54.374
6787.0 0.57009 0.56202 69.312
6788.0 0.55454 0.56208 58.548
6789.0 0.54536 0.5624 65.603
6790.0 0.54659 0.56278 76.303
6791.0 0.55254 0.563 59.171
6792.0 0.56006 0.56295 66.365
6793.0 0.56463 0.5626 69.476
6794.0 0.56678 0.56211 50.403
6795.0 0.54515 0.56165 73.338
6796.0 0.54202 0.56134 71.507
6797.0 0.56232 0.56119 58.513
6798.0 0.56435 0.56116 76.303
6799.0 0.56356 0.56125 67.292
6800.0 0.56214 0.56147 64.144
6801.0 0.5536 0.56183 76.303
6802.0 0.54346 0.56227 62.577
6803.0 0.53696 0.56264 71.229
6804.0 0.54126 0.56281 76.303
6805.0 0.55266 0.5627 58.298
6806.0 0.57029 0.56235 73.182
6807.0 0.57892 0.56181 71.418
6808.0 0.5778 0.56122 57.234
6809.0 0.57103 0.56063 76.119
6810.0 0.56839 0.5601 67.681
6811.0 0.57452 0.5597 63.366
6812.0 0.57054 0.55943 76.303
6813.0 0.56294 0.55929 63.486
6814.0 0.55262 0.55929 70.572
6815.0 0.55894 0.55943 76.303
6816.0 0.57251 0.55971 57.872
6817.0 0.55832 0.56005 74.425
6818.0 0.55536 0.5603 74.623
6819.0 0.5636 0.5604 58.458
6820.0 0.56928 0.5604 76.303
6821.0 0.56458 0.56042 69.637
6822.0 0.54199 0.56059 62.627
6823.0 0.53037 0.56087 76.004
6824.0 0.53169 0.56112 60.461
6825.0 0.56839 0.56114 63.786
6826.0 0.56862 0.56078 73.199
6827.0 0.5509 0.56005 57.901
6828.0 0.55639 0.55922 72.081
6829.0 0.56178 0.55858 71.765
6830.0 0.56705 0.55832 55.382
6831.0 0.57264 0.55846 75.39
6832.0 0.57835 0.55885 68.271
6833.0 0.58422 0.55931 64.21
6834.0 0.58729 0.55961 76.303
6835.0 0.59074 0.55959 60.363
6836.0 0.59841 0.5591 62.308
6837.0 0.59069 0.55805 70.449
6838.0 0.57386 0.55639 54.965
6839.0 0.55217 0.55422 73.662
6840.0 0.53901 0.55186 74.034
6841.0 0.53482 0.54971 60.227
6842.0 0.54693 0.54821 76.303
6843.0 0.55494 0.54762 69.078
6844.0 0.55199 0.54802 66.322
6845.0 0.54595 0.5492 76.303
6846.0 0.54386 0.55077 64.793
6847.0 0.56301 0.5523 67.297
6848.0 0.56363 0.55346 72.37
6849.0 0.55274 0.55406 52.561
6850.0 0.55197 0.55408 71.683
6851.0 0.56367 0.55359 69.52
6852.0 0.5903 0.5527 56.483
6853.0 0.58246 0.55172 73.131
6854.0 0.56992 0.55065 62.557
6855.0 0.55751 0.54948 63.459
6856.0 0.55357 0.54812 76.303
6857.0 0.55402 0.54657 61.34
6858.0 0.5612 0.54494 72.599
6859.0 0.56451 0.54344 76.283
6860.0 0.56482 0.54228 55.963
6861.0 0.55165 0.54155 73.718
6862.0 0.5507 0.54126 67.1
6863.0 0.56806 0.54133 56.536
6864.0 0.57152 0.54165 73.26
6865.0 0.56855 0.54226 61.658
6866.0 0.55472 0.54319 68.112
6867.0 0.56077 0.5444 76.303
6868.0 0.576 0.54563 55.864
6869.0 0.58173 0.54655 68.719
6870.0 0.57833 0.54689 68.929
6871.0 0.56582 0.54665 56.443
6872.0 0.55556 0.54604 76.303
6873.0 0.54905 0.54542 68.43
6874.0 0.5496 0.54501 65.356
6875.0 0.56118 0.54487 76.303
6876.0 0.56994 0.545 58.229
6877.0 0.54722 0.54532 67.316
6878.0 0.54087 0.54577 72.82
6879.0 0.54594 0.54622 54.352
6880.0 0.54026 0.54647 76.303
6881.0 0.53658 0.54625 73.631
6882.0 0.53568 0.54537 65.045
6883.0 0.53795 0.54383 76.303
6884.0 0.54166 0.54195 68.452
6885.0 0.54781 0.54021 69.839
6886.0 0.5461 0.53913 76.303
6887.0 0.54198 0.53894 59.834
6888.0 0.55601 0.53964 73.543
6889.0 0.56192 0.54097 72.739
6890.0 0.5595 0.5426 58.268
6891.0 0.55868 0.54416 75.68
6892.0 0.55639 0.54541 65.006
6893.0 0.55064 0.54627 62.235
6894.0 0.55057 0.54674 73.863
6895.0 0.55144 0.54688 56.293
6896.0 0.54571 0.54678 44.445
6897.0 0.54566 0.54649 45.262
6898.0 0.55008 0.54608 35.324
6899.0 0.56422 0.54559 49.045
6900.0 0.56263 0.54507 45.435
6901.0 0.53507 0.54457 44.992
6902.0 0.52868 0.54415 56.007
6903.0 0.52832 0.54385 44.805
6904.0 0.53008 0.54377 48.546
6905.0 0.54014 0.54395 52.996
6906.0 0.55511 0.54437 38.741
6907.0 0.55886 0.54495 52.547
6908.0 0.56727 0.54562 49.681
6909.0 0.58173 0.54631 40.866
6910.0 0.5947 0.54693 51.06
6911.0 0.59835 0.54735 41.937
6912.0 0.57517 0.54747 65.497
6913.0 0.5575 0.54725 76.303
6914.0 0.54509 0.5467 60.219
6915.0 0.56586 0.54584 74.438
6916.0 0.56227 0.54472 72.996
6917.0 0.53208 0.54346 62.323
6918.0 0.54278 0.54221 76.303
6919.0 0.55704 0.54118 67.922
6920.0 0.56684 0.54053 65.846
6921.0 0.56146 0.54035 76.303
6922.0 0.5517 0.54067 58.178
6923.0 0.5613 0.54142 69.247
6924.0 0.57142 0.54237 69.087
6925.0 0.58207 0.54326 53.656
6926.0 0.53165 0.54389 75.357
6927.0 0.50231 0.54426 66.914
6928.0 0.52917 0.54464 56.046
6929.0 0.53757 0.5453 56.146
6930.0 0.53988 0.54632 36.353
6931.0 0.54812 0.54751 34.276
6932.0 0.55784 0.54853 33.554
6933.0 0.56884 0.54916 24.424
6934.0 0.56139 0.54938 31.614
6935.0 0.55508 0.54929 27.344
6936.0 0.5533 0.5491 24.833
6937.0 0.55251 0.54897 32.322
6938.0 0.55289 0.549 28.489
6939.0 0.55792 0.54917 44.737
6940.0 0.56478 0.54944 52.016
6941.0 0.57317 0.5498 49.447
6942.0 0.5477 0.55021 66.431
6943.0 0.53565 0.55066 58.088
6944.0 0.55139 0.55101 47.346
6945.0 0.54581 0.55108 57.981
6946.0 0.53354 0.5508 46.054
6947.0 0.52246 0.55024 60.37
6948.0 0.53413 0.54964 64.966
6949.0 0.56397 0.54916 50.822
6950.0 0.5491 0.54879 72.863
6951.0 0.53405 0.54832 66.914
6952.0 0.52227 0.54755 64.164
6953.0 0.53296 0.54661 75.94
6954.0 0.54607 0.54572 57.228
6955.0 0.53234 0.5451 65.861
6956.0 0.53421 0.54487 67.874
6957.0 0.5487 0.545 50.011
6958.0 0.547 0.54534 66.217
6959.0 0.54136 0.54572 58.391
6960.0 0.52986 0.54607 58.137
6961.0 0.52546 0.54638 70.476
6962.0 0.52751 0.54671 54.423
6963.0 0.55378 0.54706 51.023
6964.0 0.57087 0.54741 38.083
6965.0 0.58019 0.54775 17.865
6966.0 0.53166 0.5481 20.996
6967.0 0.50806 0.54843 17.613
6968.0 0.54223 0.54873 20.962
6969.0 0.53384 0.54893 29.75
6970.0 0.51229 0.54897 33.822
6971.0 0.50887 0.54884 55.186
6972.0 0.51056 0.54848 58.627
6973.0 0.51696 0.54777 40.738
6974.0 0.5203 0.54658 47.127
6975.0 0.52981 0.54477 38.083
6976.0 0.55383 0.54234 39.837
6977.0 0.54533 0.5395 51.58
6978.0 0.52312 0.5367 48.772
6979.0 0.50307 0.53454 65.869
6980.0 0.49584 0.53353 65.788
6981.0 0.50197 0.53387 51.139
6982.0 0.52072 0.53534 65.493
6983.0 0.52967 0.53744 54.178
6984.0 0.50815 0.53958 55.233
6985.0 0.51407 0.54131 61.806
6986.0 0.53334 0.54241 44.412
6987.0 0.54444 0.5429 61.067
6988.0 0.54902 0.54294 59.961
6989.0 0.54552 0.54278 54.558
6990.0 0.53663 0.5426 65.489
6991.0 0.53314 0.5425 50.235
6992.0 0.55152 0.54244 42.797
6993.0 0.56688 0.54237 45.768
6994.0 0.58005 0.54221 32.576
6995.0 0.5621 0.5419 50.817
6996.0 0.5528 0.54138 50.411
6997.0 0.55657 0.54056 54.046
6998.0 0.54379 0.53944 66.943
6999.0 0.53306 0.53817 52.275
7000.0 0.55286 0.53703 59.678
7001.0 0.5539 0.53619 61.049
7002.0 0.5405 0.53565 42.571
7003.0 0.53864 0.53529 40.007
7004.0 0.53943 0.53504 30.685
7005.0 0.54419 0.53498 22.77
7006.0 0.56567 0.53525 29.669
7007.0 0.58814 0.53594 27.347
7008.0 0.56955 0.537 48.914
7009.0 0.54459 0.53823 57.241
7010.0 0.5133 0.53936 55.666
7011.0 0.53292 0.54007 70.799
7012.0 0.55353 0.54012 57.904
7013.0 0.55916 0.53936 56.459
7014.0 0.57778 0.53783 59.994
7015.0 0.60154 0.53581 39.759
7016.0 0.58713 0.53384 43.757
7017.0 0.56411 0.53255 39.414
7018.0 0.52961 0.53236 34.251
7019.0 0.5542 0.53321 46.054
7020.0 0.58068 0.53465 39.679
7021.0 0.55838 0.53609 55.618
7022.0 0.55195 0.53704 61.931
7023.0 0.55713 0.53734 47.999
7024.0 0.55024 0.53718 60.106
7025.0 0.54233 0.53693 48.942
7026.0 0.53339 0.5369 32.043
7027.0 0.54242 0.53726 26.605
7028.0 0.55596 0.53799 15.272
7029.0 0.55113 0.53895 21.148
7030.0 0.55648 0.54001 22.651
7031.0 0.57247 0.54104 27.901
7032.0 0.58857 0.54196 44.105
7033.0 0.59431 0.54268 44.844
7034.0 0.56908 0.54317 53.838
7035.0 0.56198 0.54337 60.533
7036.0 0.56538 0.54329 43.887
7037.0 0.56949 0.54302 59.721
7038.0 0.56731 0.54278 54.924
7039.0 0.55537 0.54288 52.376
7040.0 0.55808 0.54354 64.499
7041.0 0.56021 0.54473 49.956
7042.0 0.53482 0.5462 54.473
7043.0 0.53041 0.5476 50.726
7044.0 0.54457 0.54872 31.351
7045.0 0.56693 0.5495 37.662
7046.0 0.57587 0.55006 30.505
7047.0 0.54921 0.5505 40.534
7048.0 0.5415 0.5508 50.706
7049.0 0.54361 0.5508 45.13
7050.0 0.54819 0.5503 61.988
7051.0 0.55409 0.54925 57.786
7052.0 0.56182 0.54779 46.548
7053.0 0.56903 0.54629 49.829
7054.0 0.56891 0.54507 34.291
7055.0 0.53373 0.5443 29.966
7056.0 0.52232 0.54391 30.428
7057.0 0.53086 0.54366 24.967
7058.0 0.53986 0.54328 42.155
7059.0 0.54335 0.54262 44.977
7060.0 0.53343 0.54166 58.359
7061.0 0.54212 0.5405 67.717
7062.0 0.5599 0.53918 49.189
7063.0 0.5752 0.53775 62.323
7064.0 0.58462 0.53623 57.406
7065.0 0.58583 0.53471 50.66
7066.0 0.58008 0.53338 64.227
7067.0 0.57172 0.5325 51.25
7068.0 0.55935 0.53235 63.405
7069.0 0.54735 0.53312 66.365
7070.0 0.53567 0.53473 54.185
7071.0 0.53308 0.53685 72.167
7072.0 0.54074 0.53907 60.596
7073.0 0.57236 0.54099 57.204
7074.0 0.57461 0.54242 62.341
7075.0 0.56107 0.54335 42.826
7076.0 0.53873 0.5439 53.415
7077.0 0.52699 0.54421 47.733
7078.0 0.53151 0.54437 43.523
7079.0 0.53902 0.54432 56.641
7080.0 0.54403 0.54397 47.851
7081.0 0.52693 0.5432 64.819
7082.0 0.52458 0.54198 65.689
7083.0 0.53687 0.5404 50.617
7084.0 0.57293 0.53868 51.152
7085.0 0.59097 0.53715 36.234
7086.0 0.54225 0.53608 28.313
7087.0 0.5209 0.5355 30.839
7088.0 0.51706 0.53523 24.146
7089.0 0.54973 0.535 43.649
7090.0 0.57265 0.53469 47.73
7091.0 0.57558 0.53435 56.376
7092.0 0.55037 0.53411 69.978
7093.0 0.51868 0.5341 55.916
7094.0 0.54279 0.53435 68.788
7095.0 0.5556 0.5348 64.976
7096.0 0.55445 0.53534 55.27
7097.0 0.55192 0.53585 70.022
7098.0 0.54526 0.53627 55.353
7099.0 0.52094 0.53659 66.798
7100.0 0.52432 0.53682 69.387
7101.0 0.55074 0.537 53.542
7102.0 0.53495 0.53713 72.897
7103.0 0.52352 0.53722 62.065
7104.0 0.53476 0.53724 64.674
7105.0 0.53914 0.53712 72.18
7106.0 0.53957 0.5368 52.219
7107.0 0.5211 0.53623 73.129
7108.0 0.50786 0.53544 66.301
7109.0 0.50363 0.53449 64.624
7110.0 0.51477 0.53346 74.882
7111.0 0.52947 0.53246 53.723
7112.0 0.52317 0.53167 61.179
7113.0 0.52588 0.5312 56.749
7114.0 0.53944 0.53111 45.119
7115.0 0.52835 0.53131 61.095
7116.0 0.51449 0.53168 52.188
7117.0 0.51316 0.53204 67.995
7118.0 0.50779 0.53226 71.773
7119.0 0.49897 0.53224 57.378
7120.0 0.5046 0.53196 63.435
7121.0 0.50256 0.53155 47.79
7122.0 0.47426 0.53121 45.972
7123.0 0.50799 0.53114 50.604
7124.0 0.57932 0.53141 37.77
7125.0 0.5564 0.53185 62.541
7126.0 0.53398 0.53216 62.03
7127.0 0.51605 0.53203 64.537
7128.0 0.52723 0.53138 74.053
7129.0 0.55072 0.53029 52.689
7130.0 0.5705 0.52904 68.69
7131.0 0.55906 0.52797 64.958
7132.0 0.5036 0.52741 68.168
7133.0 0.50484 0.52748 76.303
7134.0 0.51934 0.52811 61.776
7135.0 0.51278 0.52907 74.604
7136.0 0.51289 0.53011 73.196
7137.0 0.51996 0.53106 58.685
7138.0 0.55142 0.53177 71.866
7139.0 0.5739 0.53213 55.147
7140.0 0.54323 0.53218 66.591
7141.0 0.52807 0.53197 70.336
7142.0 0.52511 0.53157 54.546
7143.0 0.52353 0.53098 71.156
7144.0 0.51946 0.53012 58.686
7145.0 0.50828 0.52891 63.447
7146.0 0.49936 0.52733 70.013
7147.0 0.49176 0.52545 50.807
7148.0 0.52374 0.52358 64.865
7149.0 0.54066 0.52215 55.278
7150.0 0.52587 0.5215 57.554
7151.0 0.51352 0.52178 66.852
7152.0 0.50339 0.52286 48.92
7153.0 0.51939 0.52439 60.932
7154.0 0.53123 0.52597 54.096
7155.0 0.53662 0.52728 46.195
7156.0 0.51823 0.52822 59.093
7157.0 0.49503 0.52876 49.26
7158.0 0.50158 0.52896 66.622
7159.0 0.50932 0.52874 63.439
7160.0 0.51851 0.52802 47.509
7161.0 0.53881 0.52667 55.422
7162.0 0.55504 0.52464 40.142
7163.0 0.53326 0.522 53.14
7164.0 0.51577 0.51898 54.656
7165.0 0.50251 0.51609 46.411
7166.0 0.51202 0.51391 62.067
7167.0 0.52034 0.51281 51.308
7168.0 0.50853 0.51281 66.015
7169.0 0.50458 0.51353 71.152
7170.0 0.50693 0.51447 58.559
7171.0 0.52061 0.51523 75.025
7172.0 0.53015 0.51556 60.443
7173.0 0.52385 0.51527 63.851
7174.0 0.5131 0.51426 68.986
7175.0 0.49938 0.51254 51.96
7176.0 0.51397 0.51031 70.759
7177.0 0.52583 0.50786 60.44
7178.0 0.52749 0.50552 65.993
7179.0 0.50699 0.50352 76.208
7180.0 0.47421 0.50193 58.98
7181.0 0.494 0.50069 76.303
7182.0 0.51452 0.49964 69.803
7183.0 0.53565 0.4986 66.631
7184.0 0.52482 0.49742 76.303
7185.0 0.50012 0.49614 57.449
7186.0 0.50631 0.49506 76.303
7187.0 0.50732 0.49454 70.845
7188.0 0.49966 0.49481 69.099
7189.0 0.51296 0.49577 76.303
7190.0 0.53334 0.49704 57.996
7191.0 0.53656 0.4982 -1.0
7192.0 0.52699 0.49914 71.179
7193.0 0.499 0.50005 69.69
7194.0 0.5058 0.50118 76.303
7195.0 0.52133 0.50268 59.402
7196.0 0.5109 0.50437 72.106
7197.0 0.51567 0.50584 67.547
7198.0 0.54 0.50675 58.863
7199.0 0.52668 0.50697 75.08
7200.0 0.50632 0.50663 59.352
7201.0 0.51102 0.50601 56.875
7202.0 0.52138 0.50542 49.82
7203.0 0.53824 0.50506 32.816
7204.0 0.49836 0.50502 41.22
7205.0 0.45965 0.50524 31.909
7206.0 0.50484 0.50568 45.173
7207.0 0.52395 0.50646 47.875
7208.0 0.51594 0.50782 49.293
7209.0 0.5189 0.50996 62.789
7210.0 0.52182 0.51284 48.901
7211.0 0.51347 0.51612 60.506
7212.0 0.50362 0.51927 62.827
7213.0 0.49231 0.52184 59.488
7214.0 0.50736 0.52363 76.303
7215.0 0.51996 0.5247 61.315
7216.0 0.50189 0.52527 75.88
7217.0 0.49671 0.52556 76.303
7218.0 0.50314 0.52562 61.466
7219.0 0.51742 0.52535 76.303
7220.0 0.52926 0.52458 59.955
7221.0 0.52657 0.52325 71.048
7222.0 0.53244 0.52154 73.72
7223.0 0.54559 0.51976 59.308
7224.0 0.51496 0.51833 76.303
7225.0 0.49665 0.5176 67.145
7226.0 0.54676 0.5177 69.101
7227.0 0.55383 0.51851 71.913
7228.0 0.52585 0.5197 60.059
7229.0 0.52101 0.52086 76.303
7230.0 0.52585 0.52155 64.198
7231.0 0.55403 0.52148 68.428
7232.0 0.55738 0.52056 71.371
7233.0 0.5408 0.51904 57.556
7234.0 0.56561 0.51741 -1.0
7235.0 0.58512 0.51617 -1.0
7236.0 0.56856 0.5156 -1.0
7237.0 0.56113 0.51564 62.07
7238.0 0.5609 0.51598 51.558
7239.0 0.54088 0.51628 72.503
7240.0 0.52661 0.5163 61.697
7241.0 0.54019 0.51602 67.018
7242.0 0.54938 0.51553 69.291
7243.0 0.55512 0.51499 52.839
7244.0 0.5489 0.51463 70.469
7245.0 0.53998 0.51474 57.405
7246.0 0.52684 0.51546 63.975
7247.0 0.51951 0.51672 63.705
7248.0 0.51688 0.51808 43.597
7249.0 0.53176 0.51895 49.548
7250.0 0.54433 0.51889 36.456
7251.0 0.54021 0.51792 46.939
7252.0 0.54186 0.51655 50.632
7253.0 0.54829 0.51543 43.862
7254.0 0.54885 0.51507 58.465
7255.0 0.54522 0.51559 47.479
7256.0 0.5285 0.51676 64.957
7257.0 0.51931 0.51806 70.392
7258.0 0.51661 0.51901 62.33
7259.0 0.53116 0.51928 76.303
7260.0 0.54376 0.51874 61.142
7261.0 0.53683 0.51755 65.882
7262.0 0.5276 0.51601 65.268
7263.0 0.51626 0.51463 50.522
7264.0 0.52015 0.51389 65.169
7265.0 0.52564 0.51406 51.194
7266.0 0.52605 0.51508 63.991
7267.0 0.5383 0.51665 65.037
7268.0 0.56227 0.51829 55.284
7269.0 0.55672 0.51953 68.759
7270.0 0.54497 0.52008 51.679
7271.0 0.532 0.51986 50.34
7272.0 0.53422 0.519 42.734
7273.0 0.5527 0.5177 24.621
7274.0 0.55058 0.51621 22.837
7275.0 0.54032 0.5148 14.141
7276.0 0.5092 0.51371 14.197
7277.0 0.51984 0.51312 13.268
7278.0 0.57958 0.51306 12.001
7279.0 0.58528 0.5134 15.259
7280.0 0.57228 0.51392 11.91
7281.0 0.52954 0.51441 15.48
7282.0 0.50811 0.51473 14.772
7283.0 0.51509 0.51492 13.881
7284.0 0.51533 0.51501 17.724
7285.0 0.51507 0.51493 14.26
7286.0 0.53622 0.51446 21.038
7287.0 0.52836 0.51335 20.722
7288.0 0.4766 0.51154 26.066
7289.0 0.50847 0.50928 32.747
7290.0 0.56914 0.50709 25.721
7291.0 0.54905 0.50559 39.611
7292.0 0.54107 0.50527 38.084
7293.0 0.55429 0.5063 41.978
7294.0 0.55753 0.50858 49.732
7295.0 0.55598 0.51168 37.071
7296.0 0.5231 0.51503 49.49
7297.0 0.50917 0.51797 41.593
7298.0 0.53499 0.51997 34.269
7299.0 0.54404 0.52075 36.611
7300.0 0.54383 0.52036 24.902
7301.0 0.52456 0.51913 33.307
7302.0 0.51738 0.51759 27.289
7303.0 0.54276 0.51622 22.795
7304.0 0.56434 0.51528 24.203
7305.0 0.58339 0.51472 18.458
7306.0 0.55901 0.51428 28.362
7307.0 0.53196 0.51371 26.257
7308.0 0.50889 0.51294 35.45
7309.0 0.50325 0.51218 38.656
7310.0 0.51175 0.51183 32.651
7311.0 0.51872 0.51223 43.772
7312.0 0.52528 0.51348 35.343
7313.0 0.53103 0.51537 41.103
7314.0 0.5269 0.51746 40.96
7315.0 0.51304 0.51925 33.685
7316.0 0.53395 0.52042 43.416
7317.0 0.55873 0.52089 33.774
7318.0 0.55937 0.52086 43.474
7319.0 0.55015 0.52068 42.559
7320.0 0.5289 0.52062 41.147
7321.0 0.54569 0.52075 51.554
7322.0 0.57089 0.52093 39.501
7323.0 0.55604 0.52091 50.24
7324.0 0.54843 0.52056 45.666
7325.0 0.55194 0.51989 42.54
7326.0 0.52045 0.51912 51.291
7327.0 0.47594 0.51851 39.109
7328.0 0.50661 0.51826 50.96
7329.0 0.5329 0.51845 43.929
7330.0 0.55035 0.51899 50.139
7331.0 0.54979 0.51976 58.502
7332.0 0.53931 0.52064 47.196
7333.0 0.55425 0.52159 57.613
7334.0 0.56552 0.52266 45.04
7335.0 0.56343 0.5239 41.094
7336.0 0.54367 0.52531 44.197
7337.0 0.51118 0.5268 38.324
7338.0 0.50709 0.52817 55.831
7339.0 0.51247 0.52922 48.854
7340.0 0.54141 0.52978 59.679
7341.0 0.54221 0.5298 61.722
7342.0 0.51591 0.52931 57.379
7343.0 0.52803 0.52842 70.067
7344.0 0.54503 0.5273 51.11
7345.0 0.53773 0.52611 61.718
7346.0 0.53283 0.525 58.705
7347.0 0.53097 0.52406 57.293
7348.0 0.52901 0.52329 70.086
7349.0 0.527 0.52259 51.962
7350.0 0.52494 0.52187 69.578
7351.0 0.51845 0.52107 62.543
7352.0 0.50419 0.52015 63.761
7353.0 0.50559 0.5191 71.579
7354.0 0.51478 0.51798 49.907
7355.0 0.52903 0.5169 65.946
7356.0 0.53221 0.51606 54.392
7357.0 0.50683 0.51566 60.948
7358.0 0.50919 0.51578 66.035
7359.0 0.53093 0.51633 52.235
7360.0 0.54556 0.51708 69.218
7361.0 0.55214 0.51778 54.982
7362.0 0.52967 0.5183 64.519
7363.0 0.51424 0.51864 64.859
7364.0 0.50567 0.51891 55.095
7365.0 0.50344 0.51923 70.095
7366.0 0.50274 0.51966 53.532
7367.0 0.50224 0.52022 68.555
7368.0 0.50377 0.52087 63.704
7369.0 0.50818 0.52159 55.364
7370.0 0.51345 0.52238 63.236
7371.0 0.51914 0.52318 43.052
7372.0 0.52799 0.52394 59.145
7373.0 0.5449 0.52458 51.649
7374.0 0.5785 0.52505 54.165
7375.0 0.57041 0.52538 61.722
7376.0 0.53776 0.52565 50.677
7377.0 0.53023 0.52593 70.405
7378.0 0.52847 0.52622 58.36
7379.0 0.53948 0.52639 65.578
7380.0 0.53591 0.52627 65.633
7381.0 0.51946 0.52568 49.327
7382.0 0.54848 0.52453 42.306
7383.0 0.57775 0.52283 25.402
7384.0 0.5482 0.52068 21.211
7385.0 0.52233 0.51824 18.377
7386.0 0.50125 0.51574 14.453
7387.0 0.48143 0.5134 18.02
7388.0 0.4634 0.51148 14.232
7389.0 0.48859 0.51018 23.692
7390.0 0.49758 0.5096 23.655
7391.0 0.47385 0.50975 35.406
7392.0 0.47998 0.51051 44.863
7393.0 0.50389 0.51174 49.678
7394.0 0.5097 0.51328 60.005
7395.0 0.51616 0.51496 45.056
7396.0 0.52993 0.5166 42.672
7397.0 0.52414 0.518 43.613
7398.0 0.50033 0.51895 43.945
7399.0 0.50393 0.51939 60.671
7400.0 0.51251 0.51938 51.298
7401.0 0.51262 0.51909 69.292
7402.0 0.50978 0.51873 65.473
7403.0 0.5027 0.51842 60.208
7404.0 0.52138 0.51819 67.964
7405.0 0.55089 0.51793 45.381
7406.0 0.55527 0.51753 62.202
7407.0 0.55081 0.5169 52.534
7408.0 0.52502 0.516 60.444
7409.0 0.51412 0.51494 66.197
7410.0 0.51359 0.51386 54.035
7411.0 0.50298 0.51288 70.905
7412.0 0.49557 0.51202 55.226
7413.0 0.50927 0.51123 64.152
7414.0 0.51948 0.51047 61.468
7415.0 0.52576 0.50983 50.467
7416.0 0.51354 0.50951 62.115
7417.0 0.49766 0.50966 46.021
7418.0 0.51798 0.51023 38.86
7419.0 0.52206 0.51092 28.042
7420.0 0.49535 0.51136 14.99
7421.0 0.50176 0.51131 16.998
7422.0 0.52692 0.51087 14.722
7423.0 0.54151 0.51043 26.904
7424.0 0.54682 0.5105 33.506
7425.0 0.52199 0.51142 53.484
7426.0 0.50733 0.51318 58.441
7427.0 0.50236 0.51542 48.654
7428.0 0.52863 0.51763 50.954
7429.0 0.55618 0.51937 32.249
7430.0 0.51876 0.52044 42.326
7431.0 0.50913 0.52092 39.08
7432.0 0.54513 0.52104 46.84
7433.0 0.53681 0.52107 58.417
7434.0 0.50656 0.52115 53.921
7435.0 0.51167 0.52129 70.466
7436.0 0.52063 0.52137 56.139
7437.0 0.53679 0.52123 61.532
7438.0 0.54347 0.52074 63.654
7439.0 0.5419 0.51985 55.813
7440.0 0.54565 0.51858 66.332
7441.0 0.54656 0.51709 46.489
7442.0 0.51425 0.51553 49.786
7443.0 0.50073 0.51406 43.884
7444.0 0.51634 0.51279 44.585
7445.0 0.50898 0.51176 55.285
7446.0 0.49078 0.51104 49.819
7447.0 0.49029 0.51072 64.375
7448.0 0.49561 0.5109 50.786
7449.0 0.51657 0.51166 47.206
7450.0 0.53066 0.51298 48.036
7451.0 0.53882 0.51473 41.993
7452.0 0.51263 0.51669 58.593
7453.0 0.4861 0.5186 50.539
7454.0 0.5214 0.52021 64.727
7455.0 0.54211 0.52135 58.952
7456.0 0.53964 0.52191 56.584
7457.0 0.52756 0.52184 64.788
7458.0 0.5108 0.5211 47.863
7459.0 0.51453 0.51972 50.372
7460.0 0.52222 0.51778 35.268
7461.0 0.53966 0.51554 21.851
7462.0 0.5361 0.51338 21.352
7463.0 0.51316 0.51176 19.541
7464.0 0.50912 0.51098 29.92
7465.0 0.50897 0.51112 36.64
7466.0 0.49942 0.51198 62.015
7467.0 0.49929 0.51324 63.523
7468.0 0.51583 0.51456 63.977
7469.0 0.51746 0.51572 71.427
7470.0 0.51083 0.5166 53.334
7471.0 0.50239 0.5172 70.638
7472.0 0.49678 0.51754 55.475
7473.0 0.50281 0.5177 62.508
7474.0 0.50083 0.51776 58.076
7475.0 0.49031 0.5178 40.124
7476.0 0.49495 0.51785 45.326
7477.0 0.50453 0.5179 29.888
7478.0 0.51797 0.5179 49.456
7479.0 0.52244 0.51781 48.593
7480.0 0.50754 0.51763 61.267
7481.0 0.49933 0.51741 67.667
7482.0 0.49566 0.51726 53.28
7483.0 0.50891 0.51727 66.94
7484.0 0.52364 0.51754 49.477
7485.0 0.53309 0.51801 50.678
7486.0 0.53326 0.51856 39.246
7487.0 0.52103 0.51897 19.974
7488.0 0.51782 0.51902 19.636
7489.0 0.51844 0.51854 11.35
7490.0 0.55615 0.51747 21.641
7491.0 0.57387 0.51586 26.005
7492.0 0.5303 0.51385 47.147
7493.0 0.51292 0.5117 56.108
7494.0 0.51882 0.50976 50.865
7495.0 0.51488 0.50839 64.673
7496.0 0.50835 0.50786 48.324
7497.0 0.49916 0.50825 68.185
7498.0 0.49106 0.5094 62.364
7499.0 0.48495 0.51099 63.983
7500.0 0.48847 0.51269 70.708
7501.0 0.49777 0.51426 54.408
7502.0 0.51941 0.51551 72.31
7503.0 0.53623 0.51638 56.224
7504.0 0.52263 0.51682 65.252
7505.0 0.51052 0.51682 58.511
7506.0 0.5003 0.51644 40.113
7507.0 0.47724 0.51576 45.609
7508.0 0.44912 0.51487 31.002
7509.0 0.48501 0.51385 49.126
7510.0 0.50794 0.51283 44.894
7511.0 0.49121 0.51194 63.2
7512.0 0.48282 0.51135 67.051
7513.0 0.48192 0.51125 54.424
7514.0 0.49263 0.51169 45.624
7515.0 0.50433 0.51265 25.329
7516.0 0.48936 0.51397 19.71
7517.0 0.51442 0.5154 15.35
7518.0 0.6179 0.51668 14.546
7519.0 0.61027 0.51755 16.274
7520.0 0.53008 0.51786 14.742
7521.0 0.52985 0.51757 22.811
7522.0 0.53839 0.51682 21.996
7523.0 0.53124 0.51585 35.229
7524.0 0.51821 0.51497 35.262
7525.0 0.49673 0.51441 27.762
7526.0 0.48228 0.51427 33.151
7527.0 0.47114 0.51443 27.91
7528.0 0.50481 0.51468 45.36
7529.0 0.53374 0.51476 43.277
7530.0 0.53535 0.51459 56.103
7531.0 0.52994 0.51423 54.942
7532.0 0.51682 0.51392 42.678
7533.0 0.51464 0.51391 44.317
7534.0 0.51635 0.51433 26.399
7535.0 0.52916 0.51512 31.602
7536.0 0.53245 0.51605 25.015
7537.0 0.51059 0.51689 32.702
7538.0 0.49394 0.51749 36.746
7539.0 0.48171 0.51781 46.416
7540.0 0.49452 0.51793 59.203
7541.0 0.51265 0.51796 43.599
7542.0 0.51907 0.51796 43.675
7543.0 0.52141 0.51792 35.192
7544.0 0.51544 0.51778 36.554
7545.0 0.50465 0.51752 40.428
7546.0 0.49057 0.51715 35.797
7547.0 0.49484 0.51678 48.476
7548.0 0.49981 0.51648 38.307
7549.0 0.48755 0.51629 57.592
7550.0 0.48715 0.51618 55.503
7551.0 0.50596 0.51608 51.402
7552.0 0.49956 0.51593 46.366
7553.0 0.47906 0.51569 25.248
7554.0 0.47722 0.51532 31.55
7555.0 0.4791 0.51477 23.348
7556.0 0.48996 0.51407 39.066
7557.0 0.49908 0.51328 42.466
7558.0 0.50582 0.51254 53.197
7559.0 0.49839 0.51199 64.044
7560.0 0.48446 0.51172 49.835
7561.0 0.48696 0.51171 66.76
7562.0 0.49245 0.5119 52.485
7563.0 0.50572 0.51219 60.08
7564.0 0.51163 0.51247 58.03
7565.0 0.50888 0.51269 54.594
7566.0 0.51517 0.51277 65.201
7567.0 0.52498 0.51265 47.707
7568.0 0.53067 0.51227 66.054
7569.0 0.52965 0.51161 53.779
7570.0 0.50711 0.51079 63.032
7571.0 0.51194 0.50996 62.142
7572.0 0.54492 0.50935 51.371
7573.0 0.53984 0.50913 54.072
7574.0 0.52229 0.50934 32.347
7575.0 0.56783 0.5099 27.904
7576.0 0.5867 0.51063 19.751
7577.0 0.52943 0.51136 17.015
7578.0 0.49888 0.51197 17.593
7579.0 0.4934 0.51238 23.877
7580.0 0.49803 0.51258 34.923
7581.0 0.50604 0.51254 38.277
7582.0 0.52691 0.51222 38.578
7583.0 0.53643 0.51157 29.01
7584.0 0.51696 0.51054 26.639
7585.0 0.51113 0.50915 27.748
7586.0 0.51727 0.50752 29.48
7587.0 0.50937 0.50586 42.27
7588.0 0.49808 0.50445 41.519
7589.0 0.49646 0.50352 54.973
7590.0 0.49244 0.5032 45.789
7591.0 0.4826 0.50349 44.441
7592.0 0.48887 0.50427 43.498
7593.0 0.50871 0.50537 31.072
7594.0 0.50072 0.50661 39.364
7595.0 0.4869 0.50774 29.272
7596.0 0.49762 0.50858 47.526
7597.0 0.50304 0.50897 45.568
7598.0 0.49602 0.50895 57.199
7599.0 0.49802 0.50868 60.572
7600.0 0.5074 0.5084 49.601
7601.0 0.49966 0.50826 62.226
7602.0 0.48822 0.50818 45.35
7603.0 0.48889 0.50795 64.427
7604.0 0.4915 0.50738 56.176
7605.0 0.49871 0.50649 59.772
7606.0 0.50192 0.50551 61.258
7607.0 0.50181 0.50469 48.926
7608.0 0.51263 0.50418 55.635
7609.0 0.52546 0.50394 36.114
7610.0 0.52222 0.50385 41.828
7611.0 0.52647 0.50383 33.464
7612.0 0.54877 0.50386 36.375
7613.0 0.54168 0.50399 39.426
7614.0 0.50941 0.50422 47.654
7615.0 0.4973 0.50438 63.072
7616.0 0.49086 0.50422 49.536
7617.0 0.49087 0.50351 67.496
7618.0 0.4906 0.5022 56.417
7619.0 0.48958 0.50056 58.83
7620.0 0.48796 0.49904 59.89
7621.0 0.4858 0.49803 52.714
7622.0 0.48578 0.49774 58.106
7623.0 0.48628 0.49814 36.23
7624.0 0.48032 0.49904 26.502
7625.0 0.48751 0.50026 18.517
7626.0 0.53237 0.50165 17.557
7627.0 0.55266 0.50306 18.146
7628.0 0.54884 0.50427 27.3
7629.0 0.50982 0.50503 38.767
7630.0 0.45881 0.50516 40.124
7631.0 0.46877 0.50471 60.093
7632.0 0.48472 0.50392 51.238
7633.0 0.51827 0.50313 57.467
7634.0 0.53043 0.50261 55.847
7635.0 0.51906 0.50246 49.1
7636.0 0.50962 0.50259 53.825
7637.0 0.50093 0.50285 34.571
7638.0 0.5157 0.50306 37.675
7639.0 0.52812 0.50314 26.738
7640.0 0.52736 0.50308 32.019
7641.0 0.52882 0.50292 31.343
7642.0 0.53308 0.50273 39.012
7643.0 0.51691 0.50257 49.885
7644.0 0.49126 0.50252 49.373
7645.0 0.49328 0.50262 64.96
7646.0 0.49615 0.50282 49.279
7647.0 0.49188 0.50303 61.298
7648.0 0.48778 0.50314 56.534
7649.0 0.48395 0.50308 52.688
7650.0 0.48697 0.50287 51.108
7651.0 0.49386 0.50251 30.311
7652.0 0.50209 0.50197 26.536
7653.0 0.5096 0.50123 16.035
7654.0 0.51013 0.50031 23.339
7655.0 0.50534 0.49923 22.322
7656.0 0.49089 0.49798 37.245
7657.0 0.47983 0.49649 46.003
7658.0 0.47113 0.49473 48.714
7659.0 0.47474 0.49277 63.209
7660.0 0.48151 0.49073 46.938
7661.0 0.49688 0.48867 62.378
7662.0 0.50468 0.48653 53.228
7663.0 0.4949 0.48417 59.394
7664.0 0.47181 0.48149 62.394
7665.0 0.43733 0.4785 58.029
7666.0 0.44053 0.4754 71.668
7667.0 0.45504 0.47268 51.106
7668.0 0.49103 0.47101 65.836
7669.0 0.51056 0.47107 51.494
7670.0 0.47788 0.47317 54.325
7671.0 0.47856 0.47705 48.847
7672.0 0.51604 0.4819 31.999
7673.0 0.49224 0.48672 37.006
7674.0 0.44352 0.49073 26.878
7675.0 0.46474 0.49363 41.713
7676.0 0.48395 0.49555 37.115
7677.0 0.47372 0.49677 53.874
7678.0 0.46872 0.49753 52.881
7679.0 0.47135 0.49791 51.475
7680.0 0.48587 0.49795 53.201
7681.0 0.50708 0.49776 34.789
7682.0 0.4767 0.49747 31.318
7683.0 0.44785 0.49724 18.741
7684.0 0.50037 0.4971 20.13
7685.0 0.53508 0.49703 16.939
7686.0 0.53439 0.49696 25.995
7687.0 0.50824 0.49685 30.772
7688.0 0.46229 0.49672 35.035
7689.0 0.47441 0.49657 46.882
7690.0 0.50122 0.49639 37.279
7691.0 0.51236 0.49611 55.635
7692.0 0.5167 0.49566 48.056
7693.0 0.50093 0.49506 56.577
7694.0 0.49183 0.49436 55.757
7695.0 0.48999 0.49363 49.623
7696.0 0.48392 0.49282 59.511
7697.0 0.47609 0.49175 46.175
7698.0 0.4707 0.49017 65.89
7699.0 0.46494 0.48791 53.208
7700.0 0.45647 0.4851 66.903
7701.0 0.46789 0.48219 61.228
7702.0 0.51009 0.47987 57.01
7703.0 0.50977 0.4788 62.334
7704.0 0.4831 0.47929 49.941
7705.0 0.47802 0.48122 63.203
7706.0 0.47666 0.48402 45.27
7707.0 0.47216 0.48698 53.757
7708.0 0.47838 0.48944 43.371
7709.0 0.51015 0.49102 40.362
7710.0 0.52409 0.49163 40.788
7711.0 0.52175 0.49138 38.5
7712.0 0.49917 0.49054 50.085
7713.0 0.46965 0.4894 42.886
7714.0 0.47587 0.48825 62.348
7715.0 0.48309 0.48732 50.955
7716.0 0.49009 0.48675 53.87
7717.0 0.48601 0.48663 46.554
7718.0 0.46646 0.48692 32.385
7719.0 0.46011 0.48756 34.027
7720.0 0.46124 0.48837 23.911
7721.0 0.46551 0.48918 36.739
7722.0 0.47083 0.48978 36.094
7723.0 0.48193 0.49004 57.06
7724.0 0.48421 0.48989 54.224
7725.0 0.46643 0.48943 64.02
7726.0 0.46038 0.48884 65.968
7727.0 0.46475 0.48834 55.879
7728.0 0.49137 0.48811 64.834
7729.0 0.52549 0.48827 43.774
7730.0 0.51878 0.48879 61.452
7731.0 0.50821 0.48956 48.943
7732.0 0.48641 0.49044 62.077
7733.0 0.4827 0.49128 58.011
7734.0 0.50511 0.49203 53.569
7735.0 0.5075 0.49265 59.894
7736.0 0.49813 0.49313 49.87
7737.0 0.50283 0.49346 63.858
7738.0 0.50875 0.49357 46.209
7739.0 0.49631 0.49341 59.115
7740.0 0.49366 0.49292 48.751
7741.0 0.51586 0.49213 51.915
7742.0 0.52797 0.49109 52.081
7743.0 0.53004 0.48984 49.536
7744.0 0.51239 0.48844 60.482
7745.0 0.48695 0.4869 47.93
7746.0 0.49328 0.48524 62.006
7747.0 0.50066 0.48358 45.944
7748.0 0.50169 0.48212 51.481
7749.0 0.50208 0.48114 45.07
7750.0 0.50135 0.48086 48.094
7751.0 0.49971 0.48136 52.954
7752.0 0.49742 0.48255 49.297
7753.0 0.49275 0.48419 63.673
7754.0 0.48754 0.486 47.481
7755.0 0.48632 0.48771 58.491
7756.0 0.48621 0.48914 44.375
7757.0 0.4899 0.49021 44.504
7758.0 0.49297 0.49093 41.322
7759.0 0.49526 0.49135 39.726
7760.0 0.48404 0.49155 46.874
7761.0 0.46578 0.49161 42.104
7762.0 0.47056 0.49159 57.663
7763.0 0.47864 0.49152 44.897
7764.0 0.48435 0.49138 60.158
7765.0 0.48461 0.49109 51.415
7766.0 0.4717 0.49055 59.24
7767.0 0.4639 0.48958 59.906
7768.0 0.46109 0.48802 53.682
7769.0 0.45456 0.48572 64.125
7770.0 0.44654 0.48267 48.882
7771.0 0.45709 0.47904 65.041
7772.0 0.46847 0.47521 48.942
7773.0 0.47607 0.47177 61.713
7774.0 0.47737 0.46929 54.711
7775.0 0.46686 0.46823 59.391
7776.0 0.47527 0.46869 62.33
7777.0 0.49854 0.47044 52.267
7778.0 0.49119 0.47297 65.849
7779.0 0.47455 0.47573 49.738
7780.0 0.47091 0.47829 69.413
7781.0 0.46718 0.48047 54.694
7782.0 0.46179 0.48224 66.177
7783.0 0.4587 0.48365 60.392
7784.0 0.45917 0.48472 58.38
7785.0 0.46604 0.4854 61.968
7786.0 0.47718 0.48566 47.941
7787.0 0.48993 0.48555 60.231
7788.0 0.50284 0.48521 42.798
7789.0 0.50354 0.48485 60.06
7790.0 0.50188 0.48466 48.694
7791.0 0.49192 0.48474 55.78
7792.0 0.49033 0.48508 51.813
7793.0 0.49984 0.48553 46.245
7794.0 0.50768 0.48592 51.391
7795.0 0.51455 0.48609 41.7
7796.0 0.50046 0.48598 57.177
7797.0 0.48258 0.48564 45.383
7798.0 0.469 0.48522 59.55
7799.0 0.45738 0.48488 47.898
7800.0 0.45165 0.4848 51.713
7801.0 0.45316 0.48504 49.604
7802.0 0.46334 0.48557 50.318
7803.0 0.47213 0.4863 58.349
7804.0 0.48019 0.48707 48.696
7805.0 0.48403 0.48771 63.435
7806.0 0.48707 0.48812 46.195
7807.0 0.48809 0.48826 60.854
7808.0 0.49152 0.48818 50.05
7809.0 0.50156 0.48798 55.359
7810.0 0.49574 0.48782 54.105
7811.0 0.47168 0.48783 55.048
7812.0 0.43901 0.48808 57.253
7813.0 0.40206 0.4886 -1.0
7814.0 0.41363 0.48933 -1.0
7815.0 0.43298 0.49018 31.346
7816.0 0.46077 0.49104 51.099
7817.0 0.48262 0.49182 48.523
7818.0 0.48856 0.49247 55.488
7819.0 0.485 0.49295 54.58
7820.0 0.47074 0.49327 53.341
7821.0 0.46265 0.49344 60.835
7822.0 0.45758 0.4935 46.628
7823.0 0.48246 0.4935 58.066
7824.0 0.51022 0.49344 40.381
7825.0 0.51513 0.49335 56.038
7826.0 0.51112 0.49318 47.627
7827.0 0.48279 0.49286 58.421
7828.0 0.47094 0.49226 57.157
7829.0 0.47812 0.49134 50.472
7830.0 0.50549 0.49008 55.786
7831.0 0.54312 0.48861 41.029
7832.0 0.49631 0.48715 56.04
7833.0 0.43915 0.48591 43.491
7834.0 0.44366 0.4851 57.524
7835.0 0.44582 0.48478 46.809
7836.0 0.44089 0.48495 54.895
7837.0 0.44807 0.48552 52.612
7838.0 0.47022 0.48639 49.136
7839.0 0.48188 0.48744 53.904
7840.0 0.48774 0.48856 40.589
7841.0 0.47628 0.48964 52.427
7842.0 0.46245 0.4906 37.967
7843.0 0.4767 0.49142 42.039
7844.0 0.48196 0.49211 31.04
7845.0 0.45631 0.49265 35.884
7846.0 0.45733 0.49304 33.207
7847.0 0.49512 0.49324 30.399
7848.0 0.4839 0.49323 35.362
7849.0 0.4416 0.49304 42.183
7850.0 0.44613 0.49275 55.303
7851.0 0.46189 0.49246 41.061
7852.0 0.46851 0.49226 58.793
7853.0 0.47587 0.49222 46.999
7854.0 0.48642 0.49235 58.357
7855.0 0.48952 0.49261 53.38
7856.0 0.48066 0.49297 54.402
7857.0 0.48111 0.49337 57.665
7858.0 0.48853 0.49374 49.143
7859.0 0.48577 0.49401 61.001
7860.0 0.47987 0.49412 45.656
7861.0 0.47233 0.49401 63.475
7862.0 0.46414 0.4937 49.082
7863.0 0.4526 0.49323 62.165
7864.0 0.45038 0.49268 54.332
7865.0 0.46656 0.49215 54.952
7866.0 0.48809 0.49168 54.573
7867.0 0.51449 0.49128 44.262
7868.0 0.5025 0.49091 53.402
7869.0 0.47509 0.4905 43.2
7870.0 0.4906 0.49 51.874
7871.0 0.50926 0.48936 35.153
7872.0 0.51101 0.4886 44.48
7873.0 0.50569 0.48776 36.571
7874.0 0.48155 0.48692 42.618
7875.0 0.4729 0.48618 41.823
7876.0 0.48224 0.48561 41.688
7877.0 0.48339 0.48527 47.055
7878.0 0.48015 0.48516 37.387
7879.0 0.46744 0.48522 51.111
7880.0 0.45368 0.48537 40.38
7881.0 0.47493 0.48554 57.082
7882.0 0.49026 0.48567 46.106
7883.0 0.48275 0.48573 56.645
7884.0 0.46655 0.48573 52.325
7885.0 0.43688 0.48566 55.201
7886.0 0.43833 0.48556 58.504
7887.0 0.46287 0.48542 48.627
7888.0 0.48407 0.48523 58.987
7889.0 0.50421 0.48491 42.759
7890.0 0.47234 0.48438 59.999
7891.0 0.44713 0.4835 46.426
7892.0 0.48829 0.48221 54.797
7893.0 0.50841 0.48054 45.972
7894.0 0.48205 0.47866 54.64
7895.0 0.46734 0.47687 55.159
7896.0 0.4647 0.47547 51.8
7897.0 0.47308 0.47469 58.94
7898.0 0.48677 0.4746 45.15
7899.0 0.48534 0.47507 59.064
7900.0 0.4805 0.4759 42.93
7901.0 0.45446 0.47684 60.3
7902.0 0.43663 0.4777 49.192
7903.0 0.44787 0.47836 57.553
7904.0 0.46377 0.4788 52.553
7905.0 0.48673 0.47898 50.954
7906.0 0.48644 0.47886 54.524
7907.0 0.46925 0.47839 48.443
7908.0 0.47358 0.47756 59.056
7909.0 0.48484 0.47639 43.501
7910.0 0.48961 0.47499 59.411
7911.0 0.49346 0.4735 44.712
7912.0 0.49357 0.4721 57.803
7913.0 0.4909 0.47093 49.014
7914.0 0.48157 0.47004 54.943
7915.0 0.47401 0.46941 53.908
7916.0 0.4684 0.46895 51.833
7917.0 0.45419 0.4686 58.771
7918.0 0.43532 0.46834 48.138
7919.0 0.46281 0.46823 58.526
7920.0 0.49986 0.46836 38.862
7921.0 0.48762 0.46879 54.735
7922.0 0.4734 0.46947 42.889
7923.0 0.45019 0.4703 49.154
7924.0 0.44784 0.47111 41.422
7925.0 0.48372 0.47175 31.148
7926.0 0.4931 0.47215 29.214
7927.0 0.47903 0.47226 20.6
7928.0 0.46382 0.47207 23.911
7929.0 0.44813 0.47162 18.332
7930.0 0.44499 0.47093 25.398
7931.0 0.44408 0.47011 19.653
7932.0 0.45213 0.46931 28.468
7933.0 0.45691 0.46865 23.567
7934.0 0.45045 0.46821 18.791
7935.0 0.45836 0.46794 16.12
7936.0 0.48774 0.46772 14.852
7937.0 0.48919 0.46741 16.688
7938.0 0.4697 0.46694 24.798
7939.0 0.4726 0.46631 34.658
7940.0 0.48316 0.46557 37.803
7941.0 0.45883 0.46475 40.945
7942.0 0.43449 0.46386 25.978
7943.0 0.44388 0.46288 19.57
7944.0 0.46095 0.46186 14.032
7945.0 0.49975 0.46095 13.291
7946.0 0.50075 0.46034 12.339
7947.0 0.45149 0.46019 14.774
7948.0 0.43529 0.46059 17.773
7949.0 0.44099 0.46147 28.685
7950.0 0.43948 0.46271 40.331
7951.0 0.4358 0.46412 38.538
7952.0 0.44212 0.4655 53.536
7953.0 0.45007 0.46671 40.646
7954.0 0.46628 0.46764 45.952
7955.0 0.47278 0.46823 35.768
7956.0 0.45392 0.46851 27.434
7957.0 0.46321 0.46854 24.721
7958.0 0.50736 0.46845 22.184
7959.0 0.50102 0.46834 25.85
7960.0 0.46277 0.46826 32.376
7961.0 0.46922 0.46824 43.445
7962.0 0.4882 0.46826 36.717
7963.0 0.47465 0.4683 50.507
7964.0 0.46251 0.4684 38.098
7965.0 0.47595 0.4686 49.0
7966.0 0.48378 0.46891 40.977
7967.0 0.47711 0.46932 47.592
7968.0 0.48039 0.46977 45.784
7969.0 0.49609 0.47021 45.193
7970.0 0.48731 0.47061 50.516
7971.0 0.46305 0.471 46.135
7972.0 0.45776 0.47138 57.624
7973.0 0.45799 0.47177 43.109
7974.0 0.45675 0.47215 59.13
7975.0 0.45641 0.47246 44.282
7976.0 0.46486 0.47263 57.112
7977.0 0.4646 0.47263 47.272
7978.0 0.44059 0.47244 56.784
7979.0 0.43757 0.47214 53.625
7980.0 0.46259 0.47181 48.759
7981.0 0.46304 0.47154 52.004
